Судная ночь. Начало;Ужасы;Боевик (Экшен);Кровавые слэшеры;Современное кино (2000–2020);5.468;1021671;The First Purge;5.2;5.4
Куколка;Ужасы;Триллер;Сверхъестественные;Новинки (2020–2025);7.311;1101983;Dollface;7.3;0
Пугало;Ужасы;Триллер;Сверхъестественные;Новинки (2020–2025);6.754;1395840;;0;0
Уцелевшая;Ужасы;Боевик (Экшен);Кровавые слэшеры;Современное кино (2000–2020);5.664;804648;Survivor;5.7;0
Пришествие дьявола;Ужасы;Триллер;Оккультные;Новинки (2020–2025);4.107;742531;Devil's Due;4.2;4.1
Проклятие 3;Ужасы;Фантастика;Сверхъестественные;Современное кино (2000–2020);4.722;390401;The Grudge 3;4.6;0
Жажда;Ужасы;Фантастика;Сверхъестественные;Современное кино (2000–2020);7.229;696047;;6.9;0
Техасская резня бензопилой 3D;Ужасы;Триллер;Кровавые слэшеры;Современное кино (2000–2020);4.945;493202;Texas Chainsaw 3D;4.8;3.6
Истории ужасов;Ужасы;Фантастика;Сверхъестественные;Современное кино (2000–2020);6.009;714803;Museoun iyagi;5.7;0
Дело №39;Ужасы;Триллер;Сверхъестественные;Современное кино (2000–2020);6.634;255576;Case 39;6.2;4
Темнота наступает;Ужасы;Фэнтези;Сверхъестественные;Новинки (2020–2025);5.787;8105;Darkness Falls;5;3.3
Они;Ужасы;Триллер;Психологические;Современное кино (2000–2020);6.149;1021116;Haunt;6.3;6.4
Трясина;Ужасы;Приключения;Психологические;Новинки (2020–2025);7.473;42331;;7.1;0
Цунами 3D;Ужасы;Боевик (Экшен);Кровавые слэшеры;Современное кино (2000–2020);5.331;467085;Bait;5.2;0
Крип;Ужасы;Триллер;Психологические;Современное кино (2000–2020);5.906;51326;Creep;5.6;4.3
Залив;Ужасы;Фантастика;Кровавые слэшеры;Современное кино (2000–2020);5.726;565879;The Bay;5.7;6.5
Логово зверя;Ужасы;Боевик (Экшен);Кровавые слэшеры;Новинки (2020–2025);4.928;707294;Haunt;5.1;4.1
Тихое место 2;Ужасы;Фантастика;Психологические;Новинки (2020–2025);6.612;1129900;A Quiet Place Part II;7.2;7.5
Исполнение желаний;Ужасы;Фантастика;Сверхъестественные;Современное кино (2000–2020);7.737;260003;;7.2;0
Носители;Ужасы;Фантастика;Психологические;Современное кино (2000–2020);6.058;276446;Carriers;5.9;5.7
Мы;Ужасы;Фантастика;Психологические;Современное кино (2000–2020);6.279;1122138;Us;6.8;7.9
Кассадага;Ужасы;Детектив;Сверхъестественные;Современное кино (2000–2020);5.275;570310;Cassadaga;5.2;4.4
Я вижу тебя;Ужасы;Детектив;Психологические;Современное кино (2000–2020);7.248;262770;I See You;4.4;0
Ватиканские записи;Ужасы;Триллер;Сверхъестественные;Современное кино (2000–2020);4.532;478075;The Vatican Tapes;4.7;4
Потерянный рейс;Ужасы;Триллер;Сверхъестественные;Новинки (2020–2025);7.211;160978;United 93;7.6;8.2
Проклятие: Начало конца;Ужасы;Фэнтези;Сверхъестественные;Новинки (2020–2025);3.835;838722;Ju-on: Owari no hajimari;5.1;0
Змеиный полет;Ужасы;Боевик (Экшен);Кровавые слэшеры;Современное кино (2000–2020);5.685;94654;Snakes on a Plane;5.5;6.2
Видеодром;Ужасы;Фантастика;Психологические;Классика (до 2000 года);6.963;8853;Videodrome;7.2;7.4
Бладрейн;Ужасы;Детектив;Сверхъестественные;Современное кино (2000–2020);3.387;81342;BloodRayne;3;2.9
Открытое море;Ужасы;Триллер;Психологические;Современное кино (2000–2020);6.169;48850;Open Water;5.8;6.6
Время ведьм;Ужасы;Фэнтези;Сверхъестественные;Современное кино (2000–2020);6.215;197243;Season of the Witch;5.4;3.7
Пирамммида;Ужасы;Приключения;Сверхъестественные;Современное кино (2000–2020);6.869;464942;;6.4;0
Нужные вещи;Ужасы;Детектив;Сверхъестественные;Классика (до 2000 года);6.621;7447;Needful Things;6.3;4.8
Костяной томагавк;Ужасы;Приключения;Кровавые слэшеры;Современное кино (2000–2020);6.882;715046;Bone Tomahawk;7.1;7.3
Счастливого дня смерти;Ужасы;Детектив;Кровавые слэшеры;Современное кино (2000–2020);6.633;1012421;Happy Death Day;6.6;6
Ночной гость;Ужасы;Триллер;Психологические;Новинки (2020–2025);7.256;46455;;7;0
Мара. Пожиратель снов;Ужасы;Детектив;Сверхъестественные;Современное кино (2000–2020);5.302;608498;Mara;5.1;4.2
Игра Джеральда;Ужасы;Триллер;Психологические;Современное кино (2000–2020);6.507;874941;Gerald's Game;6.5;7.6
Восставшие мертвецы;Ужасы;Фантастика;Сверхъестественные;Классика (до 2000 года);4.931;842940;Dead Rising: Watchtower;5.2;0
Новые мутанты;Ужасы;Фантастика;Сверхъестественные;Новинки (2020–2025);5.594;910085;The New Mutants;5.3;4.9
Репортаж;Ужасы;Триллер;Сверхъестественные;Современное кино (2000–2020);6.981;325598;[Rec];7.4;7.5
Кошмар на улице Вязов 7;Ужасы;Фантастика;Сверхъестественные;Классика (до 2000 года);6.259;5186;Wes Craven's New Nightmare;6.4;6.5
Полное превращение;Ужасы;Фантастика;Сверхъестественные;Современное кино (2000–2020);5.461;843008;;5.2;0
Мертвеход;Ужасы;Фантастика;Кровавые слэшеры;Новинки (2020–2025);6.219;435378;The Revenant;6.3;0
Джиперс Криперс 2;Ужасы;Фантастика;Сверхъестественные;Современное кино (2000–2020);6.147;7314;Jeepers Creepers II;5.7;4.3
Иногда они возвращаются;Ужасы;Фантастика;Сверхъестественные;Классика (до 2000 года);6.319;94276;Sometimes They Come Back;5.7;5.3
Оно 2;Ужасы;Фэнтези;Сверхъестественные;Современное кино (2000–2020);6.541;686898;It Chapter Two;6.5;6.1
Человеческая многоножка 2;Ужасы;Триллер;Кровавые слэшеры;Современное кино (2000–2020);3.433;507910;The Human Centipede II (Full Sequence);3.8;3.6
Эффект Лазаря;Ужасы;Фантастика;Сверхъестественные;Современное кино (2000–2020);5.234;763642;The Lazarus Effect;5.2;3.9
Слендер;Ужасы;Триллер;Сверхъестественные;Современное кино (2000–2020);3.942;745277;Always Watching: A Marble Hornets Story;4.7;0
Астрал 4: Последний ключ;Ужасы;Триллер;Сверхъестественные;Современное кино (2000–2020);5.789;982198;Insidious: The Last Key;5.7;5.2
Ночные стражи;Ужасы;Фэнтези;Сверхъестественные;Новинки (2020–2025);3.315;861616;;4.4;0
Убрать из друзей;Ужасы;Триллер;Сверхъестественные;Современное кино (2000–2020);5.585;839972;Unfriended;5.6;6
Подземелье ведьм;Ужасы;Фэнтези;Оккультные;Новинки (2020–2025);6.868;43058;;5.6;0
Пиковая дама. Зазеркалье;Ужасы;Детектив;Сверхъестественные;Современное кино (2000–2020);5.515;1140394;;5;0
Ходячие мертвецы;Ужасы;Фантастика;Сверхъестественные;Современное кино (2000–2020);8.016;508161;The Walking Dead;8.1;0
Мотель;Ужасы;Триллер;Кровавые слэшеры;Современное кино (2000–2020);5.368;688623;The Bag Man;5.2;3.6
Последнее изгнание дьявола;Ужасы;Триллер;Оккультные;Современное кино (2000–2020);5.747;432711;The Last Exorcism;5.7;6.1
Камень желаний;Ужасы;Фэнтези;Сверхъестественные;Современное кино (2000–2020);0;5377626;Dilek Taşı;5.4;0
Никто не выжил;Ужасы;Боевик (Экшен);Кровавые слэшеры;Современное кино (2000–2020);6.225;572458;No One Lives;6;4.6
Взаперти;Ужасы;Триллер;Сверхъестественные;Новинки (2020–2025);6.91;1179555;Run;6.7;7.1
Реинкарнация;Ужасы;Триллер;Сверхъестественные;Современное кино (2000–2020);6.364;1112132;Hereditary;7.3;8.3
Кошмар на улице Вязов 6: Фредди мертв;Ужасы;Фэнтези;Сверхъестественные;Классика (до 2000 года);5.998;17283;Freddy's Dead: The Final Nightmare;4.7;3.8
Живая мертвечина;Ужасы;Фантастика;Сверхъестественные;Классика (до 2000 года);7.258;5916;Braindead;7.5;7.5
Астрал: Новое измерение;Ужасы;Фантастика;Сверхъестественные;Новинки (2020–2025);4.363;926782;Astral;4.6;0
У холмов есть глаза 2;Ужасы;Фантастика;Кровавые слэшеры;Современное кино (2000–2020);5.606;257413;The Hills Have Eyes II;5.1;3.6
Хэллфест;Ужасы;Триллер;Кровавые слэшеры;Современное кино (2000–2020);5.757;602865;Hell Fest;5.5;5.1
Игра в правду;Ужасы;Детектив;Сверхъестественные;Современное кино (2000–2020);6.945;718562;;6.9;0
Последняя Ночь;Ужасы;Триллер;Сверхъестественные;Новинки (2020–2025);6.281;20960;Last Night;7.1;7.2
Потустороннее;Ужасы;Фантастика;Сверхъестественные;Классика (до 2000 года);6.511;462154;Hereafter;6.5;5.8
Тебе конец!;Ужасы;Триллер;Сверхъестественные;Новинки (2020–2025);6.251;584175;You're Next;6.6;6.6
Пила 2;Ужасы;Триллер;Кровавые слэшеры;Современное кино (2000–2020);7.361;86206;Saw II;6.6;4.8
Посылка;Ужасы;Фэнтези;Сверхъестественные;Новинки (2020–2025);6.142;1762;The Box;5.6;5.2
Сияние;Ужасы;Триллер;Психологические;Классика (до 2000 года);7.785;409;The Shining;8.4;8.6
Приворот. Черное венчание;Ужасы;Фэнтези;Оккультные;Новинки (2020–2025);5.445;1297221;;4.7;0
Последнее изгнание дьявола: Второе пришествие;Ужасы;Триллер;Оккультные;Современное кино (2000–2020);4.029;611813;The Last Exorcism Part II;4;3.7
Глаз;Ужасы;Детектив;Сверхъестественные;Современное кино (2000–2020);6.568;81965;The Eye;5.4;4.3
Белый плен;Ужасы;Триллер;Кровавые слэшеры;Современное кино (2000–2020);8.118;79204;Eight Below;7.3;6.5
Потрошители;Ужасы;Триллер;Кровавые слэшеры;Новинки (2020–2025);7.052;391277;Repo Men;6.3;4.4
Шхера-18;Ужасы;Триллер;Кровавые слэшеры;Новинки (2020–2025);4.27;594856;;0;0
Шоссе смерти;Ужасы;Фэнтези;Сверхъестественные;Классика (до 2000 года);5.801;4899;Highwaymen;5.6;3.7
Беспокойная Анна;Ужасы;Детектив;Сверхъестественные;Новинки (2020–2025);7.383;220217;Caótica Ana;6.3;0
Челюсти;Ужасы;Триллер;Психологические;Классика (до 2000 года);7.325;396;Jaws;8.1;9.2
Крик 4;Ужасы;Детектив;Кровавые слэшеры;Современное кино (2000–2020);6.11;420072;Scream 4;6.2;5.9
Таинственный лес;Ужасы;Фэнтези;Психологические;Современное кино (2000–2020);7.141;47018;The Village;6.6;5.5
Зверь;Ужасы;Боевик (Экшен);Кровавые слэшеры;Новинки (2020–2025);6.539;996062;Beast;6.8;7.3
Омен: Перерождение;Ужасы;Фэнтези;Оккультные;Новинки (2020–2025);5.62;1115481;The Prodigy;5.9;5.1
Охотник на людей;Ужасы;Боевик (Экшен);Кровавые слэшеры;Новинки (2020–2025);6.553;3596;Manhunter;7.2;8.1
Шелуха;Ужасы;Фантастика;Сверхъестественные;Современное кино (2000–2020);5.294;477349;Husk;5.2;0
Челюсти 2;Ужасы;Триллер;Кровавые слэшеры;Классика (до 2000 года);6.17;8153;Jaws 2;5.8;5.6
Последний киносеанс;Ужасы;Фантастика;Сверхъестественные;Новинки (2020–2025);7.945;1864;The Last Picture Show;8;9.1
Операция «Мертвый снег»;Ужасы;Комедия;Кровавые слэшеры;Современное кино (2000–2020);5.764;426314;Død snø;6.3;6
Невеста Чаки;Ужасы;Комедия;Сверхъестественные;Классика (до 2000 года);6.024;5871;Bride of Chucky;5.6;5.5
Заклятье. Наши дни;Ужасы;Триллер;Сверхъестественные;Новинки (2020–2025);5.073;856359;The Crucifixion;5.1;3.6
Бабушка;Ужасы;Триллер;Психологические;Новинки (2020–2025);5.54;1393445;La abuela;5.9;0
Дичь;Ужасы;Триллер;Кровавые слэшеры;Новинки (2020–2025);6.05;1313205;Freaky;6.3;6.9
Тайный Санта;Ужасы;Детектив;Сверхъестественные;Современное кино (2000–2020);7.048;4901797;;0;0
Злой дух Ямбуя;Ужасы;Фэнтези;Сверхъестественные;Новинки (2020–2025);8.096;45362;;7.4;0
Омен;Ужасы;Триллер;Оккультные;Классика (до 2000 года);6.11;103787;The Omen;5.5;4.6
М3ГАН;Ужасы;Фантастика;Кровавые слэшеры;Новинки (2020–2025);6.186;4422814;M3GAN;6.3;7.2
Солнцестояние;Ужасы;Триллер;Психологические;Современное кино (2000–2020);6.418;1178137;Midsommar;7.1;7.6
Красная Шапка против зла;Ужасы;Фэнтези;Сверхъестественные;Современное кино (2000–2020);5.886;261512;Hoodwinked Too! Hood vs. Evil;4.7;3.5
Проклятие Чаки;Ужасы;Фантастика;Кровавые слэшеры;Современное кино (2000–2020);5.154;689587;Curse of Chucky;5.6;6.3
Шесть демонов Эмили Роуз;Ужасы;Детектив;Оккультные;Современное кино (2000–2020);7.178;84967;The Exorcism of Emily Rose;6.7;5.5
Кадавр;Ужасы;Фантастика;Сверхъестественные;Новинки (2020–2025);5.304;1026536;The Possession of Hannah Grace;5.2;4.3
Византия;Ужасы;Фэнтези;Сверхъестественные;Современное кино (2000–2020);6.208;483364;Byzantium;6.5;6.4
Патрик;Ужасы;Фантастика;Психологические;Современное кино (2000–2020);6.943;1011011;Patrick;5.9;4.7
Проклятие монахини;Ужасы;Триллер;Сверхъестественные;Современное кино (2000–2020);5.765;991225;The Nun;5.4;4.4
Потомство Чаки;Ужасы;Фантастика;Сверхъестественные;Классика (до 2000 года);5.1;76903;Seed of Chucky;4.9;4.6
Пила 4;Ужасы;Триллер;Кровавые слэшеры;Современное кино (2000–2020);6.875;271728;Saw IV;5.9;3.9
Джейсон Х;Ужасы;Фантастика;Кровавые слэшеры;Современное кино (2000–2020);4.72;4905;Jason X;4.5;3.8
Проклятая;Ужасы;Фэнтези;Сверхъестественные;Новинки (2020–2025);5.5;1190066;Cursed;6;0
Пила: Спираль;Ужасы;Детектив;Кровавые слэшеры;Новинки (2020–2025);5.47;1266725;Spiral: From the Book of Saw;5.2;5
Проклятие Лауры. Завещание;Ужасы;Триллер;Сверхъестественные;Новинки (2020–2025);4.872;1402910;The Call;4.3;5.3
Демон внутри;Ужасы;Триллер;Сверхъестественные;Новинки (2020–2025);6.474;807313;The Autopsy of Jane Doe;6.8;7
Зловещие мертвецы;Ужасы;Фэнтези;Сверхъестественные;Классика (до 2000 года);7.199;2894;The Evil Dead;7.3;7.7
Всевидящее око;Ужасы;Фантастика;Сверхъестественные;Новинки (2020–2025);6.412;4474320;The Pale Blue Eye;6.6;6
Ключ от преисподней;Ужасы;Фэнтези;Оккультные;Новинки (2020–2025);4.836;927792;Baskin;5.8;7
Ад каннибалов;Ужасы;Приключения;Кровавые слэшеры;Классика (до 2000 года);6.173;63881;Cannibal Holocaust;5.8;5.5
Муха;Ужасы;Фантастика;Психологические;Классика (до 2000 года);7.6
Калейдоскоп ужасов;Ужасы;Фэнтези;Сверхъестественные;Классика (до 2000 года);7.166;1178548;Creepshow;7;0
Не упускай из виду;Ужасы;Триллер;Сверхъестественные;Новинки (2020–2025);7.697;57328;La course à l'échalote;6.2;0
Руины;Ужасы;Триллер;Сверхъестественные;Современное кино (2000–2020);6.253;280177;The Ruins;5.9;5.5
Проклятый путь;Ужасы;Триллер;Сверхъестественные;Новинки (2020–2025);7.631;548;Road to Perdition;7.6;7.5
Кошмар на улице Вязов;Ужасы;Фантастика;Сверхъестественные;Классика (до 2000 года);7.674;5198;A Nightmare on Elm Street;7.4;7.9
Вопль;Ужасы;Боевик (Экшен);Сверхъестественные;Современное кино (2000–2020);6.866;944958;Gokseong;7.4;8
Грайндхаус;Ужасы;Боевик (Экшен);Кровавые слэшеры;Современное кино (2000–2020);7.082;103572;Grindhouse;7.5;7.4
Няня: Королева проклятых;Ужасы;Комедия;Кровавые слэшеры;Новинки (2020–2025);5.995;1309718;The Babysitter: Killer Queen;5.8;5
Мутанты;Ужасы;Фантастика;Кровавые слэшеры;Современное кино (2000–2020);6.617;4923;Mimic;6;6.4
Страшная воля богов;Ужасы;Триллер;Сверхъестественные;Новинки (2020–2025);6.573;811603;Kamisama no iu tôri;6.3;5
Анаконда 2: Охота за проклятой орхидеей;Ужасы;Приключения;Кровавые слэшеры;Современное кино (2000–2020);5.297;40676;Anacondas: The Hunt for the Blood Orchid;4.8;4.2
Соблазнитель;Ужасы;Триллер;Психологические;Классика (до 2000 года);7.436;542600;Kokowääh;6.2;0
Вампирши;Ужасы;Фэнтези;Сверхъестественные;Классика (до 2000 года);5.427;488191;Vamps;5.4;5.6
Обитель зла 4: Жизнь после смерти 3D;Ужасы;Боевик (Экшен);Сверхъестественные;Современное кино (2000–2020);6.065;409208;Resident Evil: Afterlife;5.8;4.1
Гретель и Гензель;Ужасы;Фэнтези;Сверхъестественные;Новинки (2020–2025);5.892;1209712;Gretel & Hansel;5.5;6.2
Человеческая многоножка;Ужасы;Триллер;Психологические;Современное кино (2000–2020);3.986;471410;The Human Centipede (First Sequence);4.4;5.3
Лекарство против страха;Ужасы;Фантастика;Психологические;Современное кино (2000–2020);6.759;45061;;6.6;0
Ряд 19;Ужасы;Фэнтези;Сверхъестественные;Новинки (2020–2025);6.191;1330041;;4.5;0
Апартаменты 1303;Ужасы;Триллер;Сверхъестественные;Современное кино (2000–2020);2.92;581644;Apartment 1303 3D;2.5;0
Статус: Обновлен;Ужасы;Детектив;Психологические;Новинки (2020–2025);6.385;978020;Status Update;5.8;0
Звонки;Ужасы;Триллер;Сверхъестественные;Современное кино (2000–2020);4.775;252279;Rings;4.5;3.2
Женщина в черном;Ужасы;Триллер;Сверхъестественные;Современное кино (2000–2020);6.48;498707;The Woman in Black;6.4;6.1
Если твоя девушка — зомби;Ужасы;Комедия;Сверхъестественные;Новинки (2020–2025);5.143;725033;Life After Beth;5.7;5.5
Продавец игрушек;Ужасы;Криминал;Психологические;Новинки (2020–2025);5.882;592129;;4.6;0
Коллекционер 2;Ужасы;Триллер;Кровавые слэшеры;Современное кино (2000–2020);6.249;571252;The Collection;6.1;4.7
Закрытые пространства;Ужасы;Триллер;Кровавые слэшеры;Новинки (2020–2025);7.166;414915;;6.4;0
Хэллоуин: 20 лет спустя;Ужасы;Триллер;Кровавые слэшеры;Современное кино (2000–2020);6.279;9799;Halloween H20: 20 Years Later;5.8;5.6
Паранормальное явление 4;Ужасы;Триллер;Сверхъестественные;Современное кино (2000–2020);4.892;651858;Paranormal Activity 4;4.7;4.2
Обратный отсчет;Ужасы;Фантастика;Сверхъестественные;Современное кино (2000–2020);6.124;1254418;Countdown;5.4;4.2
Дрожь земли 5: Кровное родство;Ужасы;Фантастика;Сверхъестественные;Современное кино (2000–2020);4.716;870955;Tremors 5: Bloodlines;5.2;0
Хэллоуин 2;Ужасы;Триллер;Кровавые слэшеры;Классика (до 2000 года);6.534;14527;Halloween II;6.5;4.8
История двух сестер;Ужасы;Драма;Психологические;Современное кино (2000–2020);0;85121;A Tale of Two Sisters;6.4;0
Адский бункер: Черное Солнце;Ужасы;Военный;Оккультные;Новинки (2020–2025);4.787;581030;Outpost: Black Sun;4.9;0
Невидимый;Ужасы;Фантастика;Психологические;Новинки (2020–2025);7.163;86573;The Invisible;6.1;4.1
Бывшая с того света;Ужасы;Комедия;Сверхъестественные;Новинки (2020–2025);6.555;1265932;Blithe Spirit;5.5;4.7
Лепрекон;Ужасы;Фэнтези;Сверхъестественные;Классика (до 2000 года);5.924;6053;Leprechaun;4.8;4.4
Отвращение;Ужасы;Триллер;Психологические;Классика (до 2000 года);7.6;8427;Repulsion;7.6;8.9
Бивень;Ужасы;Комедия;Психологические;Современное кино (2000–2020);5.697;786018;Tusk;5.4;5.6
Волчья яма;Ужасы;Триллер;Кровавые слэшеры;Новинки (2020–2025);6.02;88746;Wolf Creek;6.2;5.7
Неоновый демон;Ужасы;Триллер;Психологические;Современное кино (2000–2020);6.098;623721;The Neon Demon;6.1;6
Изгоняющий дьявола: Абаддон;Ужасы;Фэнтези;Оккультные;Новинки (2020–2025);4.847;1230558;The Assent;4.3;0
Дети дождя;Ужасы;Фантастика;Сверхъестественные;Классика (до 2000 года);7.637;47060;Les Enfants de la pluie;6.8;0
Заклятье. Дом 32;Ужасы;Детектив;Сверхъестественные;Новинки (2020–2025);5.87;1303058;Malasaña 32;5.6;5.4
Судная ночь;Ужасы;Боевик (Экшен);Кровавые слэшеры;Современное кино (2000–2020);6.001;661022;The Purge;5.8;5.2
Узник старой усадьбы;Ужасы;Детектив;Сверхъестественные;Новинки (2020–2025);5.725;948998;;0;0
Пункт назначения: Аквапарк;Ужасы;Триллер;Кровавые слэшеры;Современное кино (2000–2020);3.386;1068711;Aquaslash;3.6;3.9
Сайлент Хилл 2;Ужасы;Фэнтези;Сверхъестественные;Современное кино (2000–2020);5.197;276584;Silent Hill: Revelation;4.9;3.2
Проклятие Пиковой дамы;Ужасы;Фэнтези;Оккультные;Современное кино (2000–2020);5.279;1262008;Queen of Spades;3.8;0
Спуск;Ужасы;Приключения;Кровавые слэшеры;Современное кино (2000–2020);6.785;103412;The Descent;7.2;7.4
Последнее пришествие дьявола;Ужасы;Детектив;Оккультные;Современное кино (2000–2020);5.826;1283344;The Exorcism of God;5.3;5.1
Мальчик-оборотень;Ужасы;Фэнтези;Сверхъестественные;Современное кино (2000–2020);7.868;695489;Neukdae sonyeon;7.2;7
Клаустрофобия;Ужасы;Триллер;Психологические;Новинки (2020–2025);4.965;946735;Escape Room;4.2;0
Посланники;Ужасы;Триллер;Сверхъестественные;Современное кино (2000–2020);6.034;88149;The Messengers;5.3;3.8
Обитель зла: Раккун Сити;Ужасы;Фантастика;Кровавые слэшеры;Новинки (2020–2025);5.404;1045397;Resident Evil: Welcome to Raccoon City;5.2;4.9
По прозвищу «Зверь»;Ужасы;Боевик (Экшен);Кровавые слэшеры;Новинки (2020–2025);6.578;46783;;5.6;0
Королева проклятых;Ужасы;Фэнтези;Сверхъестественные;Современное кино (2000–2020);7.018;22412;Queen of the Damned;5.3;4
Интервью с вампиром;Ужасы;Фэнтези;Сверхъестественные;Классика (до 2000 года);7.949;8151;Interview with the Vampire: The Vampire Chronicles;7.5;6
Тело Дженнифер;Ужасы;Комедия;Сверхъестественные;Современное кино (2000–2020);5.729;404510;Jennifer's Body;5.6;5.2
Излечить страх;Ужасы;Фантастика;Психологические;Современное кино (2000–2020);7.786;807852;;0;0
Зловещие мертвецы 2;Ужасы;Комедия;Сверхъестественные;Классика (до 2000 года);7.632;2918;Evil Dead II;7.7;7.5
Отчим;Ужасы;Триллер;Психологические;Классика (до 2000 года);8.393;1161789;;5.7;0
Райское озеро;Ужасы;Триллер;Кровавые слэшеры;Современное кино (2000–2020);6.92;373158;Eden Lake;6.7;6.3
Не бойся темноты;Ужасы;Фэнтези;Сверхъестественные;Современное кино (2000–2020);5.919;432417;Don't Be Afraid of the Dark;5.5;5.9
Пакет;Ужасы;Фантастика;Сверхъестественные;Новинки (2020–2025);7.493;331748;;7.8;0
Полтергейст;Ужасы;Фантастика;Сверхъестественные;Классика (до 2000 года);5.12;313523;Poltergeist;4.9;4.8
Музей восковых фигур;Ужасы;Триллер;Кровавые слэшеры;Современное кино (2000–2020);6.913;5608;Waxwork;6.1;4.6
Мания Жизели;Ужасы;Триллер;Психологические;Новинки (2020–2025);6.854;41596;;6.3;0
Прячься!;Ужасы;Триллер;Психологические;Современное кино (2000–2020);5.991;1291491;The Boy Behind the Door;5.7;7.5
Пункт назначения 5;Ужасы;Фантастика;Сверхъестественные;Современное кино (2000–2020);6.068;506349;Final Destination 5;5.9;6
Замороженный;Ужасы;Триллер;Психологические;Современное кино (2000–2020);7.647;57296;Hibernatus;6.6;0
Последнее воскресение;Ужасы;Драма;Психологические;Новинки (2020–2025);7.338;276379;The Last Station;6.9;6.7
Франкенштейн;Ужасы;Фантастика;Сверхъестественные;Классика (до 2000 года);7.487;464475;Frankenstein;7.5;0
Темнее ночи;Ужасы;Фэнтези;Сверхъестественные;Новинки (2020–2025);4.253;818870;Más negro que la noche;4.3;0
Третья волна зомби;Ужасы;Фантастика;Сверхъестественные;Новинки (2020–2025);5.514;979129;The Cured;5.6;6.4
Призраки в Коннектикуте;Ужасы;Триллер;Сверхъестественные;Современное кино (2000–2020);6.69;263984;The Haunting in Connecticut;5.9;4.3
Пятница 13-е;Ужасы;Триллер;Кровавые слэшеры;Классика (до 2000 года);5.894;251790;Friday the 13th;5.5;4.3
От заката до рассвета 3: Дочь палача;Ужасы;Фэнтези;Сверхъестественные;Классика (до 2000 года);5.259;77155;From Dusk Till Dawn 3: The Hangman's Daughter;4.8;5.3
До костей;Ужасы;Мелодрама;Психологические;Новинки (2020–2025);6.606;968770;To the Bone;6.8;6.6
Пульс;Ужасы;Фантастика;Сверхъестественные;Современное кино (2000–2020);6.064;103392;Pulse;4.7;3.8
Ночь;Ужасы;Триллер;Психологические;Новинки (2020–2025);5.358;1149149;The Night;5.5;7
Темные отражения;Ужасы;Фантастика;Сверхъестественные;Современное кино (2000–2020);6.184;991097;The Darkest Minds;5.7;4.1
Страна чудес Вилли;Ужасы;Боевик (Экшен);Сверхъестественные;Новинки (2020–2025);6.386;1319046;Willy's Wonderland;5.5;5.6
Человек-мотылек;Ужасы;Фантастика;Сверхъестественные;Современное кино (2000–2020);6.818;759;The Mothman Prophecies;6.4;5.5
Ночь страха;Ужасы;Комедия;Сверхъестественные;Классика (до 2000 года);6.552;467118;Fright Night;6.4;6.3
Ужас Амитивилля: Пробуждение;Ужасы;Триллер;Сверхъестественные;Современное кино (2000–2020);5.417;586708;Amityville: The Awakening;4.8;3.9
Маребито;Ужасы;Триллер;Психологические;Современное кино (2000–2020);5.949;85108;Marebito;6;0
Что бы вы сделали...;Ужасы;Триллер;Кровавые слэшеры;Современное кино (2000–2020);6.433;602727;Would You Rather;5.7;5.5
Синдром Петрушки;Ужасы;Фантастика;Психологические;Новинки (2020–2025);6.349;838726;;5.8;0
Не вижу зла;Ужасы;Триллер;Сверхъестественные;Современное кино (2000–2020);5.765;102445;See No Evil;5.1;3.3
Темное наследие;Ужасы;Детектив;Сверхъестественные;Новинки (2020–2025);0;222547;Dark Heritage;4.1;0
Монстры Юга;Ужасы;Фантастика;Сверхъестественные;Новинки (2020–2025);5.74;928053;Southbound;5.9;7
Пункт назначения 4;Ужасы;Фантастика;Кровавые слэшеры;Современное кино (2000–2020);5.657;405753;The Final Destination;5.1;4.1
Земля вампиров;Ужасы;Фэнтези;Сверхъестественные;Новинки (2020–2025);6.131;490121;Stake Land;6.4;6.6
Призраки в Коннектикуте 2: Тени прошлого;Ужасы;Триллер;Сверхъестественные;Современное кино (2000–2020);5.616;468944;The Haunting in Connecticut 2: Ghosts of Georgia;5.3;3.6
Страх.сом;Ужасы;Фантастика;Психологические;Современное кино (2000–2020);5.233;22255;Feardotcom;3.4;2.9
Жатва;Ужасы;Фэнтези;Сверхъестественные;Новинки (2020–2025);6.551;102229;The Reaping;5.6;3.5
Голова-ластик;Ужасы;Фантастика;Психологические;Классика (до 2000 года);7.294;15780;Eraserhead;7.2;8.4
Джиперс Криперс;Ужасы;Триллер;Сверхъестественные;Современное кино (2000–2020);6.775;7316;Jeepers Creepers;6.2;5.2
Топор. 1943;Ужасы;Боевик (Экшен);Кровавые слэшеры;Классика (до 2000 года);6.909;4445658;;0;0
Кольская сверхглубокая;Ужасы;Фантастика;Сверхъестественные;Новинки (2020–2025);5.464;1334853;;4.9;0
Ма;Ужасы;Триллер;Психологические;Современное кино (2000–2020);5.535;1112909;Ma;5.6;5.6
Лес призраков;Ужасы;Триллер;Сверхъестественные;Современное кино (2000–2020);5.318;817679;The Forest;4.8;4.1
Лики смерти;Ужасы;Криминал;Кровавые слэшеры;Классика (до 2000 года);5.318;171910;Faces of Death;4.2;4
Другой;Ужасы;Триллер;Психологические;Современное кино (2000–2020);5.428;1100435;The Hole in the Ground;5.6;6.3
Репортаж: Апокалипсис;Ужасы;Фантастика;Сверхъестественные;Современное кино (2000–2020);5.088;518140;[Rec] 4: Apocalipsis;5.3;5.2
Тайна перевала Дятлова;Ужасы;Детектив;Сверхъестественные;Новинки (2020–2025);5.082;669941;;5.7;4.9
Заклятие долины змей;Ужасы;Приключения;Сверхъестественные;Новинки (2020–2025);6.913;44819;Klatwa doliny wezy;5.4;0
Поворот не туда 6;Ужасы;Триллер;Кровавые слэшеры;Современное кино (2000–2020);4.163;839992;Wrong Turn VI;4.1;0
Охота на пиранью;Ужасы;Фантастика;Кровавые слэшеры;Современное кино (2000–2020);6.589;161141;;5.9;0
Незнакомцы;Ужасы;Триллер;Кровавые слэшеры;Современное кино (2000–2020);6.022;221751;The Strangers;6.1;5.1
Кука;Ужасы;Фэнтези;Сверхъестественные;Новинки (2020–2025);7.722;395049;;7;0
Эбигейл;Ужасы;Комедия;Сверхъестественные;Новинки (2020–2025);5.363;991656;;4.8;0
Дожить до рассвета;Ужасы;Боевик (Экшен);Сверхъестественные;Классика (до 2000 года);5.754;5445183;Until Dawn;5.7;5.4
Кошмар на улице Вязов 2: Месть Фредди;Ужасы;Фантастика;Сверхъестественные;Классика (до 2000 года);6.537;31831;A Nightmare on Elm Street Part 2: Freddy's Revenge;5.5;5.1
Лестница Иакова;Ужасы;Фантастика;Психологические;Классика (до 2000 года);7.539;7355;Jacob's Ladder;7.4;6.6
Саранча;Ужасы;Фантастика;Сверхъестественные;Современное кино (2000–2020);6.47;838049;;5.7;0
Проклятие Аннабель: Зарождение зла;Ужасы;Триллер;Сверхъестественные;Современное кино (2000–2020);6.236;947898;Annabelle: Creation;6.5;6.2
Звонок мертвецу;Ужасы;Триллер;Сверхъестественные;Новинки (2020–2025);7.046;914415;Abgeschnitten;6.5;7.6
Пила 5;Ужасы;Триллер;Кровавые слэшеры;Современное кино (2000–2020);6.84;400094;Saw V;5.8;3.1
Коралина в Стране Кошмаров;Ужасы;Фэнтези;Сверхъестественные;Современное кино (2000–2020);7.775;49166;Coraline;7.8;7.8
Дитя тьмы;Ужасы;Фантастика;Сверхъестественные;Классика (до 2000 года);6.852;400615;Orphan;7;5.7
Карантин;Ужасы;Фантастика;Кровавые слэшеры;Современное кино (2000–2020);6.253;397229;Quarantine;6;5.6
Оборотни внутри;Ужасы;Комедия;Сверхъестественные;Новинки (2020–2025);6.04;1347589;Werewolves Within;6;6.9
Ночной кошмар;Ужасы;Триллер;Кровавые слэшеры;Классика (до 2000 года);5.657;810251;The Nightmare;5.7;6.4
Дом на обочине;Ужасы;Фантастика;Сверхъестественные;Новинки (2020–2025);6.666;569981;;6.4;0
Крикуны 2: Охота;Ужасы;Фантастика;Сверхъестественные;Новинки (2020–2025);4.194;409705;Screamers: The Hunting;4.7;0
Джинн;Ужасы;Фэнтези;Сверхъестественные;Современное кино (2000–2020);6.061;5407944;Genie;5.9;0
Истории призраков;Ужасы;Детектив;Сверхъестественные;Современное кино (2000–2020);6.272;965611;Ghost Stories;6.4;7.1
Артур и месть Урдалака;Ужасы;Фэнтези;Сверхъестественные;Новинки (2020–2025);5.867;278222;Arthur et la vengeance de Maltazard;5.3;0
31: Праздник смерти;Ужасы;Боевик (Экшен);Кровавые слэшеры;Современное кино (2000–2020);5.188;841143;31;5.1;5.5
Пункт назначения;Ужасы;Фантастика;Сверхъестественные;Современное кино (2000–2020);7.473;668;Final Destination;6.7;5.1
Не выходи из дома;Ужасы;Триллер;Психологические;Новинки (2020–2025);5.199;1064356;Don't Leave Home;5;6.1
Четвёртый вид;Ужасы;Фантастика;Сверхъестественные;Современное кино (2000–2020);6.236;410267;The Fourth Kind;5.9;4
Вурдалаки;Ужасы;Фэнтези;Сверхъестественные;Новинки (2020–2025);4.534;844068;;4.3;0
Деревня проклятых;Ужасы;Фантастика;Сверхъестественные;Классика (до 2000 года);6.248;8666;Village of the Damned;5.7;3.9
Заклятье. Другая сторона;Ужасы;Детектив;Сверхъестественные;Новинки (2020–2025);5.65;1330635;Andra sidan;5.2;6.2
Впусти меня. Сага;Ужасы;Фантастика;Сверхъестественные;Современное кино (2000–2020);6.644;427795;Let Me In;7.1;7.6
Зеркала;Ужасы;Триллер;Сверхъестественные;Современное кино (2000–2020);7.057;263447;Mirrors;6.1;3.8
Чрево;Ужасы;Фантастика;Психологические;Новинки (2020–2025);6.649;450612;Womb;6.3;4.9
От заката до рассвета;Ужасы;Боевик (Экшен);Сверхъестественные;Классика (до 2000 года);7.797;4815;From Dusk Till Dawn;7.2;6.2
Незваные гости;Ужасы;Триллер;Сверхъестественные;Новинки (2020–2025);7.15;77660;Wedding Crashers;7;6.7
Белфегор — призрак Лувра;Ужасы;Детектив;Сверхъестественные;Современное кино (2000–2020);6.296;6625;Belphégor - Le fantôme du Louvre;4.5;2.8
Самый страшный фильм 3D;Ужасы;Комедия;Сверхъестественные;Современное кино (2000–2020);3.013;597054;Dead Before Dawn 3D;4.6;4.5
Пила: игра на выживание;Ужасы;Триллер;Кровавые слэшеры;Современное кино (2000–2020);7.834;64187;Saw;7.6;5.6
Реаниматор;Ужасы;Фантастика;Кровавые слэшеры;Классика (до 2000 года);7.024;55945;Re-Animator;7.1;7.8
Пункт назначения 2;Ужасы;Триллер;Сверхъестественные;Современное кино (2000–2020);7.115;669;Final Destination 2;6.2;5.1
Кэрри;Ужасы;Драма;Психологические;Классика (до 2000 года);7.186;7459;Carrie;7.4;8.3
С днем смерти;Ужасы;Комедия;Кровавые слэшеры;Современное кино (2000–2020);5.523;646022;Death of Me;4.4;4.2
Песочник;Ужасы;Детектив;Сверхъестественные;Новинки (2020–2025);8.707;984759;Piper;8.3;0
Последний дом слева;Ужасы;Криминал;Кровавые слэшеры;Классика (до 2000 года);6.829;261005;The Last House on the Left;6.5;5.1
1408;Ужасы;Триллер;Психологические;Современное кино (2000–2020);7.703;195563;1408;6.8;6.6
Сага: Тень Кабала;Ужасы;Фэнтези;Оккультные;Новинки (2020–2025);4.973;690555;SAGA - Curse of the Shadow;4.9;0
Ключ от всех дверей;Ужасы;Детектив;Оккультные;Современное кино (2000–2020);7.331;77673;The Skeleton Key;6.5;5.3
Ночь живых мертвецов;Ужасы;Фантастика;Сверхъестественные;Классика (до 2000 года);7.175;8370;Night of the Living Dead;7.8;8.9
Синоптик;Ужасы;Фантастика;Психологические;Новинки (2020–2025);6.264;77538;The Weather Man;6.5;6.2
Тень звезды;Ужасы;Фантастика;Психологические;Новинки (2020–2025);5.302;1189670;;5;0
Хостел 2;Ужасы;Триллер;Кровавые слэшеры;Современное кино (2000–2020);5.795;232011;Hostel: Part II;5.5;5.3
Сглазили;Ужасы;Комедия;Оккультные;Новинки (2020–2025);6.675;764601;Jinxed;6.3;0
Ферма Чарли;Ужасы;Триллер;Кровавые слэшеры;Современное кино (2000–2020);4.255;807655;Charlie's Farm;4.6;0
Зверобой;Ужасы;Боевик (Экшен);Кровавые слэшеры;Новинки (2020–2025);7.683;4517660;;0;0
День мертвецов: Злая кровь;Ужасы;Фантастика;Кровавые слэшеры;Современное кино (2000–2020);4.435;779484;Day of the Dead: Bloodline;3.5;3
Швы;Ужасы;Комедия;Сверхъестественные;Современное кино (2000–2020);5.298;652948;Stitches;5.7;5.4
мама!;Ужасы;Драма;Психологические;Современное кино (2000–2020);7.104;938643;mother!;6.6;7
Логово Дьявола;Ужасы;Боевик (Экшен);Сверхъестественные;Современное кино (2000–2020);0;785556;The Devil's Lair;6.3;0
Поезд в Пусан;Ужасы;Фантастика;Сверхъестественные;Современное кино (2000–2020);7.228;977288;Busanhaeng;7.6;7.7
Белый шум 2: Сияние;Ужасы;Триллер;Сверхъестественные;Современное кино (2000–2020);6.265;251602;White Noise 2: The Light;5.7;5.1
Тварь;Ужасы;Фантастика;Кровавые слэшеры;Новинки (2020–2025);6.062;1138880;;4.7;0
Логово монстра;Ужасы;Семейный;Сверхъестественные;Современное кино (2000–2020);6.483;799482;Bad Samaritan;6.5;5.5
Риф;Ужасы;Триллер;Психологические;Современное кино (2000–2020);6.559;1297353;Go Fish;3.6;0
Ночное происшествие;Ужасы;Триллер;Психологические;Новинки (2020–2025);7.158;46457;;6.3;0
Синяя бездна;Ужасы;Приключения;Кровавые слэшеры;Новинки (2020–2025);5.933;777887;47 Meters Down;5.6;5.4
Доктор Сон;Ужасы;Фантастика;Сверхъестественные;Современное кино (2000–2020);7.265;1048255;Doctor Sleep;7.3;7.1
Моя девушка — монстр;Ужасы;Комедия;Сверхъестественные;Современное кино (2000–2020);5.806;938513;Colossal;6.2;7.2
Гость;Ужасы;Боевик (Экшен);Кровавые слэшеры;Современное кино (2000–2020);6.611;771793;The Guest;6.7;7.6
Дневники мертвецов;Ужасы;Фантастика;Сверхъестественные;Современное кино (2000–2020);5.749;260981;Diary of the Dead;5.5;0
Я закопаю тебя;Ужасы;Триллер;Кровавые слэшеры;Новинки (2020–2025);5.851;749676;Je te survivrai;5.8;0
Пожиратель душ;Ужасы;Фэнтези;Сверхъестественные;Новинки (2020–2025);7.858;425925;Soru ita;7.7;0
Люди под лестницей;Ужасы;Комедия;Кровавые слэшеры;Классика (до 2000 года);6.662;9557;The People Under the Stairs;6.4;6
Мистическая пятерка;Ужасы;Фантастика;Сверхъестественные;Новинки (2020–2025);6.004;575518;Spooky Buddies;4.6;0
Сонная лощина;Ужасы;Фэнтези;Сверхъестественные;Классика (до 2000 года);7.931;5622;Sleepy Hollow;7.3;6.4
Тропы;Ужасы;Триллер;Сверхъестественные;Новинки (2020–2025);7.122;683139;Tracks;7.1;7
Развлечение;Ужасы;Триллер;Кровавые слэшеры;Современное кино (2000–2020);5.229;221269;Amusement;4.9;4.1
Птицы;Ужасы;Триллер;Психологические;Классика (до 2000 года);7.543;559;The Birds;7.6;8.3
Клаустрофобы: Квест в Москве;Ужасы;Триллер;Психологические;Новинки (2020–2025);5.88;1170756;Follow Me;5.4;4.7
Глубокое погружение;Ужасы;Фантастика;Сверхъестественные;Классика (до 2000 года);5.914;1255713;Breaking Surface;6.1;7.3
Кровавая жатва;Ужасы;Триллер;Кровавые слэшеры;Классика (до 2000 года);6.559;34465;Haute tension;6.7;5.3
Черная вода;Ужасы;Триллер;Другое;Современное кино (2000–2020);5.222;893259;;4.7;0
11-11-11;Ужасы;Триллер;Сверхъестественные;Современное кино (2000–2020);4.222;565837;11-11-11;3.9;0
Бункер;Ужасы;Триллер;Кровавые слэшеры;Новинки (2020–2025);7.112;588786;La cara oculta;7.3;6.5
Париж. Город мертвых;Ужасы;Фантастика;Сверхъестественные;Классика (до 2000 года);6.014;762501;As Above, So Below;6.3;4.8
Американский оборотень в Лондоне;Ужасы;Фэнтези;Сверхъестественные;Классика (до 2000 года);6.919;8854;An American Werewolf in London;7.5;7.9
Доказательство смерти;Ужасы;Боевик (Экшен);Кровавые слэшеры;Современное кино (2000–2020);7.075;273064;Death Proof;7;5.8
Париж. Город Zомби;Ужасы;Боевик (Экшен);Кровавые слэшеры;Современное кино (2000–2020);5.922;988157;La nuit a dévoré le monde;6;7.1
Опустевший город;Ужасы;Фантастика;Сверхъестественные;Новинки (2020–2025);7.631;251735;Reign Over Me;7.4;6.3
Маяк;Ужасы;Драма;Психологические;Современное кино (2000–2020);7.155;1114927;The Lighthouse;7.4;8
Телекинез;Ужасы;Фантастика;Сверхъестественные;Классика (до 2000 года);5.899;675631;Carrie;5.8;5.4
Заклятие 2;Ужасы;Триллер;Сверхъестественные;Современное кино (2000–2020);7.075;780392;The Conjuring 2;7.3;6.8
Легенда о Костоломе;Ужасы;Приключения;Кровавые слэшеры;Современное кино (2000–2020);7.098;570044;Legend of the Boneknapper Dragon;6.9;0
Настоятель 2;Ужасы;Триллер;Кровавые слэшеры;Новинки (2020–2025);6.637;634179;;0;0
30 дней до рассвета;Ужасы;Боевик (Экшен);Сверхъестественные;Современное кино (2000–2020);4.99;107084;;5.5;0
Муха;Ужасы;Фантастика;Психологические;Классика (до 2000 года);7.6
Стигматы;Ужасы;Детектив;Сверхъестественные;Классика (до 2000 года);6.848;4140;Stigmata;6.2;4.1
Вне/себя;Ужасы;Фантастика;Психологические;Новинки (2020–2025);7.018;655435;Self/less;6.5;4.6
Страшные сказки;Ужасы;Фэнтези;Сверхъестественные;Новинки (2020–2025);6.444;808175;Il racconto dei racconti - Tale of Tales;6.4;7.1
Проклятое место;Ужасы;Фантастика;Сверхъестественные;Новинки (2020–2025);3.887;645076;Lost Place;4.3;0
Вампиры;Ужасы;Боевик (Экшен);Сверхъестественные;Классика (до 2000 года);6.797;7430;Vampires;6.1;5.3
Плюшевый монстр;Ужасы;Фэнтези;Сверхъестественные;Новинки (2020–2025);6.487;1033911;Lino: Uma Aventura de Sete Vidas;5.6;0
Когда звонит незнакомец;Ужасы;Триллер;Психологические;Современное кино (2000–2020);5.893;106229;When a Stranger Calls;5.1;3.5
Остров смерти;Ужасы;Триллер;Кровавые слэшеры;Классика (до 2000 года);4.151;661156;Black Rock;4.8;5.3
Дети кукурузы;Ужасы;Фантастика;Сверхъестественные;Классика (до 2000 года);6.047;7456;Children of the Corn;5.6;4.4
Кэрри 2: Ярость;Ужасы;Фантастика;Сверхъестественные;Классика (до 2000 года);5.235;7440;The Rage: Carrie 2;4.8;4.1
Дом в конце времен;Ужасы;Фантастика;Сверхъестественные;Современное кино (2000–2020);6.404;732734;La casa del fin de los tiempos;6.7;0
Дрожь земли 2: Повторный удар;Ужасы;Фантастика;Сверхъестественные;Классика (до 2000 года);6.532;88691;Tremors II: Aftershocks;6;5
Я плюю на ваши могилы 3;Ужасы;Криминал;Кровавые слэшеры;Современное кино (2000–2020);4.66;839232;I Spit on Your Grave 3;5.1;0
Дальше по коридору;Ужасы;Триллер;Сверхъестественные;Новинки (2020–2025);5.183;678349;Down a Dark Hall;5.1;5.2
Осатаневшая;Ужасы;Триллер;Сверхъестественные;Новинки (2020–2025);7.056;520081;Kim Boknam salinsageonui jeonmal;7.2;8.3
Инкарнация;Ужасы;Фантастика;Сверхъестественные;Новинки (2020–2025);5.659;800574;Incarnate;5.3;3.6
Земля мертвых;Ужасы;Фантастика;Сверхъестественные;Современное кино (2000–2020);6.191;81601;Land of the Dead;6.2;6.7
Дьявольский особняк;Ужасы;Триллер;Сверхъестественные;Новинки (2020–2025);5.817;17175;Cold Creek Manor;5.1;3.9
Иные;Ужасы;Триллер;Психологические;Современное кино (2000–2020);6.918;5368058;;4.9;0
Май;Ужасы;Драма;Психологические;Современное кино (2000–2020);6.725;251967;;7.1;0
Осторожно! Двери закрываются;Ужасы;Триллер;Сверхъестественные;Новинки (2020–2025);7.132;13626;Sliding Doors;6.7;6.4
В пасти безумия;Ужасы;Фантастика;Психологические;Классика (до 2000 года);6.963;4935;In the Mouth of Madness;7.1;5.8
Особняк с привидениями;Ужасы;Комедия;Сверхъестественные;Новинки (2020–2025);6.168;5274;The Haunted Mansion;5.2;4.3
Опасное погружение;Ужасы;Приключения;Кровавые слэшеры;Современное кино (2000–2020);5.992;779160;Pressure;5.6;4.7
Гоголь. Вий;Ужасы;Фэнтези;Сверхъестественные;Современное кино (2000–2020);6.315;1100779;;5.9;0
Идем со мной;Ужасы;Триллер;Сверхъестественные;Современное кино (2000–2020);0;701312;Walk with Me;6.4;0
Сайлент Хилл;Ужасы;Фэнтези;Сверхъестественные;Современное кино (2000–2020);7.183;78871;Silent Hill;6.5;4.8
Пришельцы в доме;Ужасы;Фантастика;Психологические;Новинки (2020–2025);7.216;1007469;Luis and His Friends from Outer Space;6;0
Клаустрофобы 2: Лига выживших;Ужасы;Триллер;Психологические;Новинки (2020–2025);6.454;1243567;Escape Room: Tournament of Champions;5.7;5.4
Паранормальное явление 5: Призраки в 3D;Ужасы;Фантастика;Сверхъестественные;Современное кино (2000–2020);4.739;714861;Paranormal Activity: The Ghost Dimension;4.6;3.8
Бабадук;Ужасы;Драма;Психологические;Современное кино (2000–2020);5.738;675216;The Babadook;6.8;8.2
Домовой;Ужасы;Фэнтези;Сверхъестественные;Новинки (2020–2025);7.302;1111102;;5.6;0
Призраки Элоиз;Ужасы;Детектив;Сверхъестественные;Современное кино (2000–2020);5.256;846027;Eloise;4.6;3.9
Наваждение;Ужасы;Триллер;Сверхъестественные;Новинки (2020–2025);8.782;265114;;8.1;0
Нерожденный;Ужасы;Триллер;Сверхъестественные;Современное кино (2000–2020);5.864;407312;The Unborn;4.7;3.3
ССД: Страшилки Советского Детства;Ужасы;Фэнтези;Сверхъестественные;Новинки (2020–2025);4.728;397246;;4.3;0
Человек-волк;Ужасы;Фэнтези;Сверхъестественные;Современное кино (2000–2020);6.144;273293;The Wolfman;5.9;4.8
Последняя жертва;Ужасы;Криминал;Кровавые слэшеры;Новинки (2020–2025);7.601;43164;;7.5;0
Коллекционер;Ужасы;Триллер;Кровавые слэшеры;Современное кино (2000–2020);6.644;317985;The Collector;6.3;4.3
Паранормальное явление 3;Ужасы;Триллер;Сверхъестественные;Современное кино (2000–2020);5.904;573239;Paranormal Activity 3;5.8;6
Городские легенды;Ужасы;Триллер;Кровавые слэшеры;Классика (до 2000 года);6.669;5872;Urban Legend;5.6;4.6
Операция «Мертвый снег» 2;Ужасы;Комедия;Кровавые слэшеры;Современное кино (2000–2020);6.579;756410;Død snø 2;6.8;6.6
Отдай свою душу;Ужасы;Фэнтези;Сверхъестественные;Новинки (2020–2025);5.842;1253148;8;5.2;6.5
Страна хороших деточек;Ужасы;Драма;Психологические;Новинки (2020–2025);2.729;692526;;2.9;0
Зараженная;Ужасы;Фантастика;Кровавые слэшеры;Новинки (2020–2025);5.66;587085;Maggie;5.6;5.8
Маньяк;Ужасы;Триллер;Кровавые слэшеры;Классика (до 2000 года);7.369;972200;Maniac;7.6;0
Пункт назначения 3;Ужасы;Фантастика;Сверхъестественные;Современное кино (2000–2020);6.354;89674;Final Destination 3;5.9;5.1
Хижина в лесу;Ужасы;Фантастика;Сверхъестественные;Современное кино (2000–2020);6.705;419209;The Cabin in the Woods;7;7.9
Проклятые. Противостояние;Ужасы;Боевик (Экшен);Сверхъестественные;Новинки (2020–2025);4.3;959554;Sadako vs Kayako;5.1;5.5
Проклятие Аннабель;Ужасы;Триллер;Сверхъестественные;Современное кино (2000–2020);5.796;808062;Annabelle;5.5;4.4
Дом с паранормальными явлениями;Ужасы;Триллер;Сверхъестественные;Современное кино (2000–2020);5.761;667667;A Haunted House;5.1;2.9
Муза смерти;Ужасы;Триллер;Кровавые слэшеры;Новинки (2020–2025);5.981;959113;Muse;5.4;5.5
Шкатулка проклятия;Ужасы;Фэнтези;Сверхъестественные;Новинки (2020–2025);5.858;88147;The Possession;5.9;5.2
По ту сторону двери;Ужасы;Фантастика;Сверхъестественные;Современное кино (2000–2020);5.487;878619;The Other Side of the Door;5.3;4.6
Проклятие монахини Роуз;Ужасы;Фэнтези;Оккультные;Новинки (2020–2025);4.03;1109169;The Dawn;3.3;0
Подглядывающий;Ужасы;Триллер;Психологические;Классика (до 2000 года);6.175;35723;L'uomo che guarda;5.5;0
День слепого Валентина;Ужасы;Триллер;Кровавые слэшеры;Современное кино (2000–2020);6.355;4789591;;0;0
Игра в прятки;Ужасы;Триллер;Психологические;Современное кино (2000–2020);7.046;77142;Hide and Seek;6;3.9
Дыши во мгле;Ужасы;Фантастика;Сверхъестественные;Новинки (2020–2025);6.036;1027311;Dans la brume;5.9;5.9
Пила 6;Ужасы;Триллер;Кровавые слэшеры;Современное кино (2000–2020);6.814;414547;Saw VI;6.1;4.5
Окулус;Ужасы;Триллер;Психологические;Современное кино (2000–2020);6.46;680499;Oculus;6.5;6.5
Скрежет;Ужасы;Фантастика;Сверхъестественные;Новинки (2020–2025);5.857;1422934;Pahanhautoja;6.2;7.3
Носферату: Призрак ночи;Ужасы;Фэнтези;Сверхъестественные;Классика (до 2000 года);7.202;22872;Nosferatu - Phantom der Nacht;7.4;8.1
Дом на другой стороне;Ужасы;Детектив;Сверхъестественные;Новинки (2020–2025);6.012;1271405;The Night House;6.4;7.1
Исчезновение на 7-й улице;Ужасы;Фантастика;Сверхъестественные;Современное кино (2000–2020);5.313;478869;Vanishing on 7th Street;4.9;5
Избави нас от лукавого;Ужасы;Детектив;Сверхъестественные;Новинки (2020–2025);6.23;707483;Deliver Us from Evil;6.2;4.7
Страшные истории для рассказа в темноте;Ужасы;Фэнтези;Сверхъестественные;Современное кино (2000–2020);6.321;817354;Scary Stories to Tell in the Dark;6.2;6.4
Зловещие мертвецы: Черная книга;Ужасы;Фэнтези;Оккультные;Новинки (2020–2025);6.135;428707;Evil Dead;6.5;6.2
Джиперс Криперс 3;Ужасы;Боевик (Экшен);Сверхъестественные;Современное кино (2000–2020);4.381;409178;Jeepers Creepers 3;3.9;3.8
Призрак дома Бриар;Ужасы;Фэнтези;Сверхъестественные;Новинки (2020–2025);4.926;863346;The Unspoken;4.9;4.1
Из тьмы;Ужасы;Фэнтези;Сверхъестественные;Новинки (2020–2025);5.289;713798;The Hallow;5.7;6.2
Колдовство;Ужасы;Фэнтези;Оккультные;Классика (до 2000 года);6.813;13904;The Craft;6.5;5.5
Знамение;Ужасы;Триллер;Оккультные;Классика (до 2000 года);6.907;102510;Knowing;6.2;4.8
Дракулов;Ужасы;Фэнтези;Сверхъестественные;Классика (до 2000 года);4.381;1412230;;0;0
Мой кровавый Валентин 3D;Ужасы;Триллер;Кровавые слэшеры;Современное кино (2000–2020);6.125;409071;My Bloody Valentine;5.4;5.8
Человек-невидимка;Ужасы;Фантастика;Психологические;Новинки (2020–2025);6.417;420454;The Invisible Man;7.1;7.7
Полуночный человек;Ужасы;Триллер;Сверхъестественные;Современное кино (2000–2020);5.056;973163;The Midnight Man;4.8;4.5
З/Л/О;Ужасы;Триллер;Сверхъестественные;Новинки (2020–2025);4.913;647201;V/H/S;5.8;5.6
Кладбище домашних животных 2;Ужасы;Фантастика;Сверхъестественные;Классика (до 2000 года);6.141;13882;Pet Sematary II;4.9;3.7
Проклятие 2;Ужасы;Триллер;Сверхъестественные;Современное кино (2000–2020);6.051;85077;The Grudge 2;5.1;3.6
Паранормальное;Ужасы;Триллер;Сверхъестественные;Современное кино (2000–2020);6.246;848004;The Endless;6.5;7.6
Власть;Ужасы;Триллер;Сверхъестественные;Новинки (2020–2025);7.2;1044045;Vice;7.2;6.6
Квартирантка;Ужасы;Триллер;Психологические;Новинки (2020–2025);6.772;431184;;5;0
Детские игры;Ужасы;Триллер;Кровавые слэшеры;Классика (до 2000 года);5.85;1179256;Child's Play;5.7;5.8
Проклятый дом;Ужасы;Детектив;Сверхъестественные;Новинки (2020–2025);5.83;994868;The Witch in the Window;5.7;6
Рука дьявола;Ужасы;Триллер;Оккультные;Современное кино (2000–2020);4.927;672376;Where the Devil Hides;5;0
Открытое море: Новые жертвы;Ужасы;Триллер;Психологические;Современное кино (2000–2020);5.868;471909;The Reef;5.8;6
Дом в конце улицы;Ужасы;Детектив;Психологические;Современное кино (2000–2020);5.986;496826;House at the End of the Street;5.5;3.7
Последний обряд;Ужасы;Триллер;Оккультные;Новинки (2020–2025);4.963;586380;Demonic;5.3;4
Поезд в Пусан 2: Полуостров;Ужасы;Боевик (Экшен);Кровавые слэшеры;Новинки (2020–2025);6.067;1183571;Bando;5.5;5.8
Запределье;Ужасы;Фантастика;Сверхъестественные;Новинки (2020–2025);7.638;105813;The Fall;7.8;6.4
Владение 18;Ужасы;Триллер;Сверхъестественные;Новинки (2020–2025);4.269;617240;;4.2;0
Глубокое синее море;Ужасы;Фантастика;Кровавые слэшеры;Классика (до 2000 года);6.995;9528;Deep Blue Sea;5.9;5.7
Одержимая;Ужасы;Триллер;Сверхъестественные;Новинки (2020–2025);7.684;22697;Possession;7.2;8
Инфекция: Фаза 2;Ужасы;Фантастика;Кровавые слэшеры;Новинки (2020–2025);4.881;847522;Contracted: Phase II;5;3.6
Восставший из ада;Ужасы;Фэнтези;Оккультные;Классика (до 2000 года);7.045;35614;Hellraiser;6.9;6.5
Скрытое;Ужасы;Фантастика;Сверхъестественные;Современное кино (2000–2020);6.718;77624;Caché;7.3;0
Собственность дьявола;Ужасы;Триллер;Оккультные;Современное кино (2000–2020);6.687;8673;The Devil's Own;6.2;5.3
Туман;Ужасы;Фантастика;Сверхъестественные;Современное кино (2000–2020);7.137;507169;;0;0
Бомж с дробовиком;Ужасы;Боевик (Экшен);Кровавые слэшеры;Современное кино (2000–2020);6.034;518214;Hobo with a Shotgun;6.1;5.9
Мама;Ужасы;Фантастика;Сверхъестественные;Современное кино (2000–2020);7.104;938643;mother!;6.6;7
Сербский фильм;Ужасы;Драма;Кровавые слэшеры;Современное кино (2000–2020);5.062;424692;Srpski film;4.9;5.2
Страшная девочка Хлоя Морец;Ужасы;Триллер;Сверхъестественные;Современное кино (2000–2020);6.722;650806;Scary Girl;6.3;0
Страшная красавица;Ужасы;Фантастика;Психологические;Новинки (2020–2025);6.321;706920;;6.4;0
Кто не спрятался;Ужасы;Триллер;Сверхъестественные;Новинки (2020–2025);5.361;1245346;The Rental;5.7;6.3
Корабль-призрак;Ужасы;Фантастика;Сверхъестественные;Современное кино (2000–2020);6.995;5901;Ghost Ship;5.6;3.8
Дом восковых фигур;Ужасы;Триллер;Кровавые слэшеры;Современное кино (2000–2020);6.616;64212;House of Wax;5.5;4.5
Курортный туман;Ужасы;Фантастика;Сверхъестественные;Классика (до 2000 года);6.354;784819;;0;0
Королевство;Ужасы;Детектив;Сверхъестественные;Классика (до 2000 года);7.088;87753;The Kingdom;7;5.8
Проклятие плачущей;Ужасы;Фэнтези;Сверхъестественные;Современное кино (2000–2020);5.342;1084329;The Curse of La Llorona;5.3;4.5
Квест;Ужасы;Детектив;Кровавые слэшеры;Современное кино (2000–2020);7.464;789671;;0;0
Тихие сосны;Ужасы;Триллер;Кровавые слэшеры;Новинки (2020–2025);5.909;493382;;0;0
Техасская резня бензопилой;Ужасы;Триллер;Кровавые слэшеры;Классика (до 2000 года);6.629;16015;The Texas Chain Saw Massacre;7.4;8.2
28 дней спустя;Ужасы;Фантастика;Кровавые слэшеры;Современное кино (2000–2020);7.427;577;28 Days Later...;7.5;7.4
Прочь;Ужасы;Триллер;Психологические;Современное кино (2000–2020);7.148;944708;Get Out;7.8;8.3
Крампус;Ужасы;Фэнтези;Сверхъестественные;Современное кино (2000–2020);5.827;843104;Krampus;6.2;6.2
Невеста Франкенштейна;Ужасы;Фантастика;Сверхъестественные;Классика (до 2000 года);7.114;8359;The Bride of Frankenstein;7.8;9
Уиджа. Проклятое зеркало;Ужасы;Фэнтези;Оккультные;Новинки (2020–2025);4.689;1392770;The 100 Candles Game;4.3;0
Готика;Ужасы;Биографический;Оккультные;Классика (до 2000 года);7.072;3526;Gothika;5.8;4.1
Не входи;Ужасы;Триллер;Сверхъестественные;Новинки (2020–2025);5.421;1251292;The Owners;5;5.6
Спуск 2;Ужасы;Приключения;Кровавые слэшеры;Современное кино (2000–2020);6.009;417879;The Descent: Part 2;5.7;5.1
Стэпфордские жены;Ужасы;Фантастика;Психологические;Классика (до 2000 года);6.636;6888;The Stepford Wives;5.4;4.7
Кошмар на улице Вязов 5: Дитя сна;Ужасы;Фантастика;Сверхъестественные;Классика (до 2000 года);6.101;18278;A Nightmare on Elm Street: The Dream Child;5;4.1
З/Л/О 2;Ужасы;Фэнтези;Оккультные;Новинки (2020–2025);5.252;712576;V/H/S/2;6;6.2
Синистер 2;Ужасы;Триллер;Сверхъестественные;Современное кино (2000–2020);5.26;744668;Sinister 2;5.3;4
Тельма;Ужасы;Комедия;Сверхъестественные;Новинки (2020–2025);6.383;1008731;Thelma;6.9;7.3
"Два, три, демон, приди!";Ужасы;Триллер;Оккультные;Новинки (2020–2025);6.432;4948328;Talk to Me;7.1;7.7
Дитя тьмы: Первая жертва;Ужасы;Триллер;Кровавые слэшеры;Новинки (2020–2025);6.294;1446032;Orphan: First Kill;5.9;6
Страна призраков;Ужасы;Триллер;Психологические;Современное кино (2000–2020);6.777;1007477;Ghostland;6.4;6
Части тела;Ужасы;Фантастика;Психологические;Классика (до 2000 года);7.75;161194;Nip/Tuck;7.7;0
Суспирия;Ужасы;Фэнтези;Оккультные;Классика (до 2000 года);6.608;423063;Suspiria;6.7;6.9
Возвращение живых мертвецов;Ужасы;Фантастика;Кровавые слэшеры;Классика (до 2000 года);7.207;17159;The Return of the Living Dead;7.3;6.6
Коробка;Ужасы;Драма;Сверхъестественные;Новинки (2020–2025);6.889;705353;;6.3;0
Паранормальное явление 2;Ужасы;Триллер;Сверхъестественные;Современное кино (2000–2020);5.951;481706;Paranormal Activity 2;5.7;6.1
Пауки 3D;Ужасы;Фантастика;Кровавые слэшеры;Современное кино (2000–2020);0;893332;India 3D: Kanha National Park;0;0
Оно приходит ночью;Ужасы;Триллер;Психологические;Современное кино (2000–2020);5.886;998552;It Comes at Night;6.1;7.4
Хостел;Ужасы;Триллер;Кровавые слэшеры;Современное кино (2000–2020);6.16;102343;Hostel;5.9;6.1
Близнецы-убийцы;Ужасы;Триллер;Психологические;Классика (до 2000 года);6.031;501751;Seconds Apart;5.6;0
Бойся своих желаний;Ужасы;Фэнтези;Сверхъестественные;Современное кино (2000–2020);5.531;997334;Wish Upon;5.1;4
Кровавая месть;Ужасы;Триллер;Кровавые слэшеры;Современное кино (2000–2020);6.069;646313;In the Blood;5.7;4.8
Гордость и предубеждение и зомби;Ужасы;Фэнтези;Сверхъестественные;Современное кино (2000–2020);6.107;491816;Pride and Prejudice and Zombies;5.8;5.4
Кокаин;Ужасы;Комедия;Кровавые слэшеры;Новинки (2020–2025);7.965;616;Blow;7.5;5.8
Фредди против Джейсона;Ужасы;Боевик (Экшен);Кровавые слэшеры;Современное кино (2000–2020);6.151;8005;Freddy vs. Jason;5.8;5
Женщина в черном 2: Ангел смерти;Ужасы;Фэнтези;Сверхъестественные;Современное кино (2000–2020);5.137;675697;The Woman in Black 2: Angel of Death;4.8;4.5
Репортаж из преисподней;Ужасы;Триллер;Оккультные;Современное кино (2000–2020);6.611;417895;[Rec]²;6.5;6.2
Атака пауков;Ужасы;Фантастика;Кровавые слэшеры;Новинки (2020–2025);5.305;20787;Eight Legged Freaks;5.5;5.5
Капля;Ужасы;Фантастика;Психологические;Новинки (2020–2025);6.69;7409;The Blob;6.7;5.9
Не дыши;Ужасы;Триллер;Психологические;Современное кино (2000–2020);6.668;910327;Don't Breathe;7.1;7.3
Омен 2: Дэмиен;Ужасы;Фэнтези;Оккультные;Классика (до 2000 года);6.995;2303;Damien: Omen II;6.2;5.1
Пионеры-герои;Ужасы;Детектив;Сверхъестественные;Новинки (2020–2025);5.969;803205;;6.1;0
Поворот не туда 3;Ужасы;Триллер;Кровавые слэшеры;Современное кино (2000–2020);4.827;420470;Wrong Turn 3: Left for Dead;4.6;2.5
Одержимость Майкла Кинга;Ужасы;Триллер;Оккультные;Современное кино (2000–2020);5.728;694108;The Possession of Michael King;5.7;4.8
Глубокое синее море 3;Ужасы;Фантастика;Кровавые слэшеры;Новинки (2020–2025);4.685;1355290;Deep Blue Sea 3;4.7;6
Мы призываем тьму;Ужасы;Комедия;Оккультные;Новинки (2020–2025);5.343;1190330;We Summon the Darkness;5.2;5.8
День мертвецов;Ужасы;Фантастика;Кровавые слэшеры;Классика (до 2000 года);5.941;1371327;Day of the Dead;4.8;0
Впусти меня;Ужасы;Драма;Сверхъестественные;Современное кино (2000–2020);6.936;411761;Låt den rätte komma in;7.8;8.3
Вход в пустоту;Ужасы;Фантастика;Кровавые слэшеры;Новинки (2020–2025);7.212;406477;Enter the Void;7.2;6.8
Преисподняя;Ужасы;Фэнтези;Сверхъестественные;Новинки (2020–2025);7.093;607928;Brimstone;7;5.2
Песнь дьявола;Ужасы;Детектив;Оккультные;Новинки (2020–2025);5.859;922179;A Dark Song;6.2;7.3
С вечера до полудня;Ужасы;Боевик (Экшен);Сверхъестественные;Классика (до 2000 года);7.941;95302;;7.3;0
Фобос. Клуб страха;Ужасы;Триллер;Психологические;Современное кино (2000–2020);3.733;413490;;3.6;0
Монстро;Ужасы;Фантастика;Кровавые слэшеры;Новинки (2020–2025);6.908;374718;Cloverfield;7;6.9
100 футов;Ужасы;Триллер;Сверхъестественные;Современное кино (2000–2020);5.775;274192;100 Feet;5.4;0
Оно приходит за тобой;Ужасы;Фантастика;Психологические;Современное кино (2000–2020);6.248;804697;It Follows;6.8;8.1
Правда или действие;Ужасы;Триллер;Сверхъестественные;Современное кино (2000–2020);5.778;1045590;Truth or Dare;5.2;3.8
Антихрист;Ужасы;Драма;Психологические;Современное кино (2000–2020);6.657;408909;Antichrist;6.5;5.6
В чужой шкуре;Ужасы;Комедия;Кровавые слэшеры;Новинки (2020–2025);6.063;996875;Possessor;6.5;7.8
Я – кукла;Ужасы;Триллер;Сверхъестественные;Новинки (2020–2025);3.71;208185;;3.3;0
Карантин 2: Терминал;Ужасы;Фантастика;Кровавые слэшеры;Современное кино (2000–2020);5.147;554179;Quarantine 2: Terminal;5.2;5.4
Демоны Деборы Логан;Ужасы;Триллер;Сверхъестественные;Современное кино (2000–2020);5.238;814400;The Taking of Deborah Logan;6;6.6
Кровавая леди Батори;Ужасы;Исторический;Кровавые слэшеры;Современное кино (2000–2020);4.199;808179;;4.1;0
День полнолуния;Ужасы;Фэнтези;Сверхъестественные;Новинки (2020–2025);6.743;41119;;6.6;0
Пила 3;Ужасы;Триллер;Кровавые слэшеры;Современное кино (2000–2020);7.039;184417;Saw III;6.2;4.5
Невинные;Ужасы;Фантастика;Сверхъестественные;Новинки (2020–2025);7.119;8428;The Innocents;7.7;8.5
Хэллоуин;Ужасы;Триллер;Кровавые слэшеры;Классика (до 2000 года);5.821;472369;Halloween;6.5;6.8
Я плюю на ваши могилы;Ужасы;Триллер;Кровавые слэшеры;Классика (до 2000 года);6.252;417892;I Spit on Your Grave;6.2;4.5
Мученицы;Ужасы;Триллер;Психологические;Современное кино (2000–2020);6.43;313524;Martyrs;7;6.1
Кошмар на улице Вязов 4: Повелитель сна;Ужасы;Фантастика;Сверхъестественные;Классика (до 2000 года);6.547;12524;A Nightmare on Elm Street 4: The Dream Master;5.6;5.1
Семь пар нечистых;Ужасы;Комедия;Сверхъестественные;Новинки (2020–2025);7.018;984366;;5.2;0
Зеленый ад;Ужасы;Приключения;Сверхъестественные;Новинки (2020–2025);5.288;683204;The Green Inferno;5.4;5
Глубже!;Ужасы;Фантастика;Сверхъестественные;Новинки (2020–2025);6.443;1199625;;6.1;0
Демоны Джун;Ужасы;Приключения;Сверхъестественные;Новинки (2020–2025);3.841;813929;June;4.2;0
Грейсфилд;Ужасы;Фантастика;Сверхъестественные;Современное кино (2000–2020);4.45;893108;The Gracefield Incident;4.2;4.1
Человек у окна;Ужасы;Триллер;Психологические;Новинки (2020–2025);7.192;422948;;6.8;0
Изгоняющий дьявола;Ужасы;Триллер;Оккультные;Классика (до 2000 года);7.689;491;The Exorcist;8.1;8.5
Затащи меня в Ад;Ужасы;Фэнтези;Сверхъестественные;Современное кино (2000–2020);6.127;405514;Drag Me to Hell;6.6;7.6
Реверс 666;Ужасы;Фэнтези;Оккультные;Новинки (2020–2025);4.05;696327;Exeter;4.5;0
Вий;Ужасы;Фэнтези;Сверхъестественные;Классика (до 2000 года);7.909;45771;;7.2;0
2016: Конец ночи;Ужасы;Фантастика;Кровавые слэшеры;Новинки (2020–2025);5.44;512669;Hell;5.8;0
Седьмой спутник;Ужасы;Детектив;Оккультные;Новинки (2020–2025);7.7;43644;;7.6;0
Омен III: Последний конфликт;Ужасы;Фэнтези;Оккультные;Классика (до 2000 года);6.259;22698;The Final Conflict;5.5;4.3
Кутис;Ужасы;Комедия;Кровавые слэшеры;Современное кино (2000–2020);4.686;714788;Cooties;5.7;5.3
Мэнди;Ужасы;Боевик (Экшен);Оккультные;Современное кино (2000–2020);6.268;1078985;Mandy;6.5;7.6
Кровавая графиня — Батори;Ужасы;Исторический;Кровавые слэшеры;Современное кино (2000–2020);6.694;222056;Bathory;5.7;2.3
Ужас Амитивилля;Ужасы;Драма;Сверхъестественные;Классика (до 2000 года);6.71;63732;The Amityville Horror;5.9;4.2
Мы — монстры;Ужасы;Триллер;Сверхъестественные;Новинки (2020–2025);6.431;1038773;Happy Family;4.8;3.4
30 дней ночи;Ужасы;Боевик (Экшен);Сверхъестественные;Современное кино (2000–2020);6.578;77658;30 Days of Night;6.6;5.5
Крик в общаге;Ужасы;Триллер;Сверхъестественные;Новинки (2020–2025);5.708;427215;Sorority Row;5.2;4.1
Клаустрофобы;Ужасы;Триллер;Психологические;Современное кино (2000–2020);6.795;1065805;Escape Room;6.4;5.3
Грэбберсы;Ужасы;Фантастика;Сверхъестественные;Современное кино (2000–2020);6.044;479608;Grabbers;6.3;6.1
Муха;Ужасы;Фантастика;Психологические;Классика (до 2000 года);7.6
Рога;Ужасы;Фэнтези;Сверхъестественные;Современное кино (2000–2020);6.548;484425;Horns;6.4;5.4
Колдовство. Новый ритуал;Ужасы;Фэнтези;Оккультные;Новинки (2020–2025);5.099;1044213;The Craft: Legacy;4.6;5.4
Паранормальное явление: метка дьявола;Ужасы;Триллер;Сверхъестественные;Современное кино (2000–2020);4.413;714932;Paranormal Activity: The Marked Ones;5.1;4.8
Замерзшие;Ужасы;Триллер;Психологические;Современное кино (2000–2020);5.952;4863546;;0;0
Воображариум;Ужасы;Фэнтези;Сверхъестественные;Новинки (2020–2025);6.707;609627;Imaginaerum;6.1;0
Палата;Ужасы;Триллер;Психологические;Современное кино (2000–2020);5.97;445148;The Ward;5.5;4.5
Дама Пик;Ужасы;Фэнтези;Сверхъестественные;Современное кино (2000–2020);6.229;667974;;6;0
Мгла;Ужасы;Фантастика;Сверхъестественные;Современное кино (2000–2020);7.601;273302;The Mist;7.1;6.6
Морские паразиты;Ужасы;Фантастика;Кровавые слэшеры;Классика (до 2000 года);5.618;740296;Sea Fever;5.7;6.8
Кошмар на улице Вязов 3: Воины сна;Ужасы;Фантастика;Сверхъестественные;Классика (до 2000 года);7.116;3746;A Nightmare on Elm Street 3: Dream Warriors;6.7;5.8
Клык;Ужасы;Фантастика;Сверхъестественные;Новинки (2020–2025);6.718;4890476;Muzzle;5.6;5.3
Няня;Ужасы;Комедия;Оккультные;Современное кино (2000–2020);6.326;855462;The Babysitter;6.4;6.6
Девушка моих кошмаров;Ужасы;Фантастика;Психологические;Новинки (2020–2025);6.207;81856;The Heartbreak Kid;5.9;4.7
Фантомы;Ужасы;Фантастика;Сверхъестественные;Классика (до 2000 года);6.192;221750;Shutter;5.2;3.5
Капкан;Ужасы;Триллер;Кровавые слэшеры;Новинки (2020–2025);6.067;1150048;Crawl;6.1;6.5
Последние девушки;Ужасы;Комедия;Кровавые слэшеры;Современное кино (2000–2020);5.9;652700;The Final Girls;6.5;6.3
Топор. 1944;Ужасы;Боевик (Экшен);Кровавые слэшеры;Классика (до 2000 года);6.699;4559882;;0;0
Ужастики 2: Беспокойный Хэллоуин;Ужасы;Фэнтези;Сверхъестественные;Новинки (2020–2025);5.982;975287;Goosebumps 2: Haunted Halloween;5.6;5.5
Адский бункер: Восстание спецназа;Ужасы;Боевик (Экшен);Сверхъестественные;Новинки (2020–2025);5.158;667733;Outpost: Rise of the Spetsnaz;5;0
Кемпiр;Ужасы;Фэнтези;Сверхъестественные;Новинки (2020–2025);0;837995;;0;0
Злая шутка;Ужасы;Комедия;Кровавые слэшеры;Новинки (2020–2025);5.662;1009014;;0;0
Призрак дома на холме;Ужасы;Драма;Сверхъестественные;Современное кино (2000–2020);7.932;1044279;The Haunting of Hill House;8.5;0
Техасская резня бензопилой: Начало;Ужасы;Триллер;Кровавые слэшеры;Современное кино (2000–2020);6.284;81697;The Texas Chainsaw Massacre: The Beginning;5.8;3.8
Топь;Ужасы;Триллер;Психологические;Новинки (2020–2025);5.34;252333;The Marsh;4.8;0
Паршивая овца;Ужасы;Комедия;Кровавые слэшеры;Современное кино (2000–2020);5.013;257910;Black Sheep;5.8;6.3
Приют;Ужасы;Драма;Сверхъестественные;Современное кино (2000–2020);7.093;119975;El orfanato;7.4;7.4
Синяя бездна 2;Ужасы;Фантастика;Кровавые слэшеры;Современное кино (2000–2020);5.778;1048681;47 Meters Down: Uncaged;5;4.6
Зеркала 2;Ужасы;Фантастика;Сверхъестественные;Современное кино (2000–2020);4.858;494058;Mirrors 2;4.8;0
