ID;Title_RU;Title_EN;Year;Age_Rating;Runtime;Image_URL;Synopsis;DB_Genres;Countries;Director;Cast;DB_Rating_1;DB_Rating_2;DB_Rating_3;Budget;CSV_Title_RU;CSV_Category_1;CSV_Category_2;CSV_Category_3;CSV_Category_4;CSV_Rating_1;CSV_Rating_2;CSV_Rating_3;Source
2704;Плоть + кровь;Flesh & Blood;1985;16;126;https://image.openmoviedb.com/kinopoisk-images/1773646/d40170cd-94da-40a0-9165-84a899b84d75/600x900;"1501 год. Вся Европа охвачена кровопролитными войнами. В городах свирепствует чума. Отряд солдат удачи, руководимый бывшим наемником Мартином, захватывает в заложники невесту сына барона Арнольфини, когда-то предавшего Мартина.  Отряд укрывается в заброшенном после эпидемии чумы замке и вступает в неравную битву с армией барона.";"['драма', 'приключения']";"['Нидерланды', 'Испания', 'США']";"[55971, 'Пол Верховен']";"[[19216, 'Рутгер Хауэр'], [20147, 'Дженнифер Джейсон Ли'], [143863, 'Том Бёрлинсон'], [40023, 'Джек Томпсон'], [153303, 'Фернандо Ильбек'], [253267, 'Сьюзен Тайррелл'], [141431, 'Рональд Лейси'], [26751, 'Брайон Джеймс'], [66812, 'Джон Деннис Джонстон'], [36564, 'Симон Андреу']]";7.324;6.7;6.7;6500000$;Плоть + кровь;Исторический;Драма;Военные события;Классика (до 2000 года);7.324;6.7;6.1;DB & CSV
10142;Калигула;Caligula: The Ultimate Cut;1979;18;156;https://image.openmoviedb.com/kinopoisk-images/1600647/404c6956-8168-479a-9bfa-a9f7e53ff530/600x900;"Рим, 1 век нашей эры. Правителем могущественной империи становится Гай Юлий Цезарь Август Германик, известный под прозвищем Калигула. Его имя станет нарицательным не из-за реформ и свершений, а благодаря расправам, порочным развлечениям и безнравственным связям. Недолгое правление Калигулы станет одной из самых кровавых страниц в истории Римской империи.";"['драма', 'история']";"['Италия', 'США']";"[172827, 'Тинто Брасс']";"[[14361, 'Малкольм Макдауэлл'], [172832, 'Тереза Энн Савой'], [172833, 'Гуидо Маннари'], [14838, 'Джон Гилгуд'], [58290, 'Питер О’Тул'], [172834, 'Джанкарло Бадесси'], [172836, 'Бруно Бриве'], [172835, 'Адриана Асти'], [139542, 'Леопольдо Триесте'], [19177, 'Паоло Боначелли']]";6.011;5.3;5.0;17500000$;Калигула;Исторический;Драма;Эпические саги;Классика (до 2000 года);6.011;5.3;3.8;DB & CSV
1115736;Тобол;;2018;18;108;https://image.openmoviedb.com/kinopoisk-images/1629390/7f2c89bf-a8c3-4313-ba1d-64334b46453f/600x900;"Молодой офицер новой гвардии Петра I Иван Демарин по заданию царя отправляется в глубину Сибири — в пограничный Тобольск. Здесь Иван встречает свою первую любовь и вместе со своим полком оказывается втянутым в заговор местных князей, охотящихся за золотом Яркенда. Его крепость окружена полчищами диких джунгар, а помощи ждать неоткуда.";"['история', 'драма']";['Россия'];"[1087196, 'Игорь Зайцев']";"[[3713490, 'Илья Маланин'], [273292, 'Дмитрий Назаров'], [539454, 'Дмитрий Дюжев'], [916982, 'Евгений Дятлов'], [2407479, 'Агата Муцениеце'], [238762, 'Александр Лазарев мл.'], [1769503, 'Андрей Бурковский'], [5514432, 'Юлия Макарова'], [3669799, 'Павел Табаков'], [3448976, 'Еркебулан Дайыров']]";6.526;5.8;6.2;;Тобол;Исторический;Военный;Военные события;Современное кино (2000–2020);6.526;5.8;0;DB & CSV
1188722;Средневековье;Medieval;2022;18;125;https://image.openmoviedb.com/kinopoisk-images/6201401/fcc08256-0eec-46c5-ad75-794d839335df/600x900;"Священная Римская империя погружается в кровавый хаос, пока враждующие претенденты сражаются за опустевший трон. Отважный лидер наемников по имени Ян нехотя соглашается на коварный ход в политической игре: похитить невесту могущественного вельможи, чтобы преградить последнему путь к власти. Но неожиданно для себя Ян начинает испытывать сильные чувства к своей заложнице и, чтобы освободить ее, бросает вызов целой армии, стоящей на страже порочной аристократии. Герой понимает, что теперь судьба Империи, как, впрочем, и его любви, – не в руках королей, а только в его руках. И в своей беспощадной битве Ян пойдет до конца...";"['биография', 'история', 'военный', 'драма']";['Чехия'];"[35517, 'Петр Якл']";"[[27363, 'Бен Фостер'], [1609842, 'Софи Лоу'], [3711, 'Майкл Кейн'], [26503, 'Тиль Швайгер'], [397499, 'Мэттью Гуд'], [97242, 'Уильям Моусли'], [1942131, 'Роланд Мёллер'], [723, 'Карел Роден'], [36699, 'Вернер Даен'], [424233, 'Винценц Кифер']]";6.824;5.9;5.9;23000000$;Средневековье;Исторический;Боевик (Экшен);Военные события;Новинки (2020–2025);6.824;5.9;5;DB & CSV
707588;Аравт – 10 солдат Чингисхана;;2012;;91;https://image.openmoviedb.com/kinopoisk-images/1599028/14483f75-856a-45e6-99c1-f21ae6eef314/600x900;"13 век, период когда Чингисхан вел борьбу, направленную на объединение монгольских племен. После одной из жестоких битв с восставшим племенем среди его солдат разразилась эпидемия чумы. Чингисхан отдает приказ подразделению из 10 воинов найти известного врачевателя живущего в далеких горах, недалеко от кочевий восставшего племени.";['военный'];['Монголия'];"[3266194, 'Доржийн Золбаяр']";"[[1742825, 'Басэн Чжабу'], [3785171, 'Балжиннямын Амарсайхан'], [3266197, 'Ганбаатарын Алтаншагай'], [3266199, 'Сухээгийн Ариунбямба'], [3266200, 'Аюрдади'], [3266202, 'Боди'], [3266204, 'Доржийн Ганцэцэг'], [659703, 'Далхсурэнгийн Гурсэд'], [3266206, 'Жамбал'], [3266208, 'Нанжидын Онон']]";5.896;5.8;5.8;3500000$;Аравт — 10 солдат Чингисхана;Исторический;Военный;Военные события;Новинки (2020–2025);5.896;5.8;0;DB & CSV
409118;Храбрая сердцем;Brave - 3D;2012;6;93;https://image.openmoviedb.com/kinopoisk-images/1629390/2d503116-1507-4d23-bffe-cc4096b4f586/600x900;"Испокон веков мифы и легенды окутывают загадочной пеленой живописные отроги Шотландских гор.  Искусной лучнице Мериде приходится выбирать свой путь в жизни самостоятельно, и однажды она отказывается следовать древним традициям королевства, бросая вызов могущественным шотландским кланам и их предводителям: нескладному лорду МакГаффину, угрюмому лорду Макинтошу и сварливому лорду Дингволлу. Неосторожные поступки Мериды грозят повергнуть королевство в хаос, и тогда она отправляется за советом к эксцентричной отшельнице, которая вместо помощи накладывает на Мериду опасное заклятье. Юной принцессе предстоит полагаться только на собственную храбрость, чтобы преодолеть могущественное волшебство и победить самого страшного зверя из тех, что водятся в горных долинах.";"['мультфильм', 'фэнтези', 'комедия', 'приключения', 'семейный']";['США'];"[724553, 'Марк Эндрюс']";"[[14033, 'Келли Макдоналд'], [15526, 'Эмма Томпсон'], [8530, 'Билли Коннолли'], [10356, 'Джули Уолтерс'], [24216, 'Робби Колтрейн'], [38714, 'Кевин МакКидд'], [2781, 'Крэйг Фергюсон'], [144222, 'Сэлли Кингхорн'], [951296, 'Эли Фрейзер'], [2857303, 'Пейджи Баркер']]";7.432;7.1;7.2;185000000$;Храбрая сердцем;Исторический;Боевик (Экшен);Эпические саги;Классика (до 2000 года);7.432;7.1;7;DB & CSV
42335;Царская охота;;1990;18;134;https://image.openmoviedb.com/kinopoisk-images/1599028/2d7dbf5c-6998-40ef-987e-875dd0ba997d/600x900;"История княжны Таракановой, которая выдала себя за дочь императрицы Елизаветы Петровны и заявила о своих притязаниях на российский престол.";"['драма', 'история']";"['СССР', 'Италия', 'Чехословакия']";"[224762, 'Виталий Мельников']";"[[238539, 'Николай Ерёменко мл.'], [101752, 'Светлана Крючкова'], [251262, 'Анна Самохина'], [122799, 'Михаил Кононов'], [122798, 'Олег Табаков'], [281167, 'Александр Голобородько'], [37423, 'Анатолий Шведерский'], [287567, 'Александр Романцов'], [284794, 'Баадур Цуладзе'], [37424, 'Светлана Смирнова']]";6.872;6.6;6.7;;Царская охота;Исторический;Драма;Культурные драмы;Классика (до 2000 года);6.872;6.6;0;DB & CSV
5032;Барри Линдон;;1975;18;185;https://image.openmoviedb.com/kinopoisk-images/6201401/4a47d274-ea4c-490e-8ece-5c41793cfb51/600x900;"История жизни простого ирландского парня Редмонда Барри. Будучи еще совсем молодым, он убил на дуэли офицера английской армии. Чтобы не попасть в руки полиции, ему пришлось покинуть родной дом и отправиться странствовать по Ирландии. Но странствия его были недолгими. Отдав грабителям все деньги, коня и оружие, он вынужден был записаться в ряды английской армии. Попав на войну и насмотревшись всех ее ужасов, он решает дезертировать. Украв офицерскую форму, Барри отправляется в расположение союзников, надеясь оттуда тайком перебраться в Ирландию. Но и здесь его ожидает неудача: его разоблачает капитан прусской армии, заставляя вступить в ее ряды. По окончании войны Барри смог, наконец, вернуться в свою страну.";"['драма', 'история', 'приключения', 'военный']";"['Великобритания', 'США']";"[20299, 'Стэнли Кубрик']";"[[12885, 'Райан О’Нил'], [83147, 'Мариза Беренсон'], [20333, 'Леон Витали'], [145627, 'Мари Кин'], [166506, 'Патрик Мэги'], [157992, 'Харди Крюгер'], [15982, 'Стивен Беркофф'], [176487, 'Гэй Хэмилтон'], [180168, 'Диана Кёрнер'], [2443, 'Мюррэй Мелвин']]";8.027;8.1;8.1;11000000$;Барри Линдон;Исторический;Драма;Эпические саги;Классика (до 2000 года);8.027;8.1;8.2;DB & CSV
44129;Демидовы;;1983;12;156;https://image.openmoviedb.com/kinopoisk-images/6201401/11041818-9bc1-4f7a-a22e-011f1db44c7a/600x900;"Историческая сага о династии первых промышленников в России.В основе сюжета первой серии лежит история взаимоотношений Демидовых с Петром I. В короткий срок по указанию Петра Акинфий Демидов наладил производство чугуна, пушек, что позволило России одержать ряд исторических побед.  Действие второй серии развивается в период царствования Анны Иоанновны, когда Акинфий Демидов стал полновластным хозяином на Урале и сумел противопоставить себя жестокому и хитрому правителю Бирону.";"['драма', 'биография']";['СССР'];"[277345, 'Ярополк Лапшин']";"[[190105, 'Евгений Евстигнеев'], [290327, 'Вадим Спиридонов'], [74696, 'Александр Лазарев'], [185644, 'Леонид Куравлёв'], [192777, 'Михаил Козаков'], [280877, 'Татьяна Ташкова'], [298011, 'Любовь Полехина'], [276837, 'Людмила Чурсина'], [256992, 'Лидия Федосеева-Шукшина'], [261648, 'Валерий Золотухин']]";7.631;6.7;7.2;;Демидовы;Исторический;Драма;Эпические саги;Новинки (2020–2025);7.631;6.7;0;DB & CSV
407285;Царь;Tzar;2009;18;119;https://image.openmoviedb.com/kinopoisk-images/1599028/61f7b154-9117-49d2-af2e-bfc2a2e0cd89/600x900;"1565 год. Темные времена. Правление Ивана Грозного. Русь растерзана голодом и ливонской войной. Во всем мерещатся правителю измена и предательство. Его верные слуги, опричники, залили страну кровью. В каждом готовы они увидеть государева врага. Главный закон для них - царь. Единственный, кто пошел против царской воли и опричных злодейств, - митрополит Филипп, верный друг детства Ивана Грозного. Он возвысил голос свой и принес себя в жертву. Это противостояние расскажет о том, на что была способна Русь и в падении и в величии духа.";"['драма', 'история']";['Россия'];"[116185, 'Павел Лунгин']";"[[127898, 'Пётр Мамонов'], [54829, 'Олег Янковский'], [75866, 'Юрий Кузнецов'], [248308, 'Александр Домогаров'], [1320989, 'Анастасия Донцова'], [231516, 'Алексей Макаров'], [238527, 'Иван Охлобыстин'], [1420362, 'Алексей Франдетти'], [39442, 'Вилле Хаапасало'], [1622878, 'Анвар Халилулаев']]";6.941;6.8;6.9;15000000$;Царь;Исторический;Драма;Эпические саги;Современное кино (2000–2020);6.941;6.8;0;DB & CSV
179292;Последний легион;;2006;18;101;https://image.openmoviedb.com/kinopoisk-images/1773646/6ea211af-328c-4a1f-bdf3-a5176748e2ad/600x900;"476 год нашей эры. Династия Цезарей повержена. Последнего императора, 12-летнего Ромулуса Августуса, правившего страной всего один день, варвары заключают в темницу на острове Капри. Однако с помощью своего учителя и легионера Августус совершает побег и отправляется в рискованное путешествие к берегам Британии, чтобы возглавить Девятый легион, единственный сохранивший верность Риму.";"['боевик', 'приключения', 'военный', 'история']";"['Великобритания', 'Франция', 'Болгария', 'Словакия', 'Тунис', 'Италия', 'США']";"[587622, 'Даг Лефлер']";"[[16464, 'Колин Фёрт'], [6846, 'Бен Кингсли'], [43793, 'Айшвария Рай Баччан'], [20734, 'Питер Муллан'], [38714, 'Кевин МакКидд'], [13173, 'Джон Ханна'], [50311, 'Иэн Глен'], [228325, 'Томас Сэнгстер'], [568103, 'Руперт Френд'], [969929, 'Нонсо Анози']]";6.143;5.4;5.2;67000000$;Последний легион;Исторический;Боевик (Экшен);Эпические саги;Современное кино (2000–2020);6.143;5.4;4.1;DB & CSV
696247;Две королевы;;2018;18;124;https://image.openmoviedb.com/kinopoisk-images/1777765/4ea33ffc-fe2c-42d9-b2b8-84791311265f/600x900;"1561 год, после смерти молодого мужа Франциска 18-летняя Мария Стюарт возвращается в Шотландию. Она католичка и по крови имеет право претендовать на престол Англии, чем изрядно нервирует нынешнюю протестантскую королеву Елизавету I. Прислушавшись к советникам, королева отправляет к Марии делегацию, в состав которой входит фаворит Елизаветы граф Роберт Дадли, по мнению большинства, — идеальный кандидат в супруги Марии.";"['драма', 'биография', 'история']";"['Великобритания', 'США', 'Китай']";"[3471824, 'Джози Рурк']";"[[1079547, 'Сирша Ронан'], [1682023, 'Марго Робби'], [2341341, 'Джек Лауден'], [3923099, 'Джо Элвин'], [22339, 'Дэвид Теннант'], [7165, 'Гай Пирс'], [1224473, 'Анджела Бэйн'], [6067, 'Ричард Кэнт'], [1393902, 'Гай Риз'], [2310460, 'Том Петти']]";6.198;6.3;6.2;;Две королевы;Исторический;Биографический;Эпические саги;Современное кино (2000–2020);6.198;6.3;6.2;DB & CSV
475;Спартак;Spartacus: Rebel Against Rome;1960;0;197;https://image.openmoviedb.com/kinopoisk-images/1629390/f45c47dc-541e-459b-9dbe-5f56861e7ee9/600x900;"История гладиатора Спартака, его возлюбленной Варинии и честолюбивого римского полководца Красса. Непреодолимая тяга к свободе заставляет Спартака поднять легендарное восстание рабов, ставшее важнейшей вехой мировой истории.";"['драма', 'приключения', 'военный', 'биография', 'история']";['США'];"[20299, 'Стэнли Кубрик']";"[[32087, 'Кирк Дуглас'], [45988, 'Лоуренс Оливье'], [52254, 'Джин Симмонс'], [177180, 'Чарльз Лотон'], [20665, 'Питер Устинов'], [74870, 'Джон Гэвин'], [31749, 'Нина Фош'], [117276, 'Джон Айрленд'], [125066, 'Герберт Лом'], [198725, 'Джон Долл']]";7.842;7.9;8.0;12000000$;Спартак;Исторический;Военный;Военные события;Классика (до 2000 года);7.842;7.9;8.2;DB & CSV
397242;Начало времен;;2009;18;97;https://image.openmoviedb.com/kinopoisk-images/1898899/01ae9527-d70d-492b-a6cd-64cd6e4cd925/600x900;"Два приятеля из доисторических времен — нагловатый охотник по имени Зед и неженка-невротик, занимающийся собирательством, по имени Лох — постоянно ввязываются в нелепые истории, и, в конце концов, изгоняются из родного племени. Казалось бы, жизнь дала трещину… но только не для наших придурковатых неандертальцев. Мир оказывается больше и интереснее, чем родная чаща леса, и изгнание становится отличным поводом попутешествовать и понять, наконец, что это за штука такая — жизнь…";['комедия'];['США'];"[14248, 'Харольд Рэмис']";"[[23724, 'Джек Блэк'], [37790, 'Майкл Сера'], [6535, 'Оливер Платт'], [2786, 'Дэвид Кросс'], [1147414, 'Кристофер Минц-Плассе'], [49131, 'Винни Джонс'], [8810, 'Хэнк Азария'], [13193, 'Джуно Темпл'], [453960, 'Оливия Уайлд'], [990219, 'Джун Рафаэль']]";5.765;4.9;4.9;60000000$;Начало времен;Исторический;Фэнтези;Эпические саги;Классика (до 2000 года);5.765;4.9;3.9;DB & CSV
198686;Битва умов;Battle of Wits;2006;12;133;https://image.openmoviedb.com/kinopoisk-images/1704946/3ba8787c-42f3-41ee-9887-43cc6d8bc636/600x900;"За 4 века до нашей эры Китай представлял собой лоскутное одеяло из больших и малых княжеств, которые вели постоянные войны. Лян — маленькое княжество с населением в 4000 человек. И оно оказалось на пути огромного стотысячного войска династии Чжао под предводительством Сян Янчжуна. Чтобы защитить город, князь Лян нанимает Гэ Ли, известного военачальника и стратега.";"['военный', 'боевик', 'драма', 'история']";"['Китай', 'Гонконг', 'Япония', 'Корея Южная']";"[107858, 'Джэйкоб Чун']";"[[83610, 'Энди Лау'], [62592, 'Ан Сон-ги'], [43764, 'Ван Чживэнь'], [557634, 'Фань Бинбин'], [1091667, 'Чхве Щи-вон'], [108024, 'Чинь Сиу-Хо'], [676529, 'Сэмми Хун'], [1909621, 'Линь Юнцзянь'], [1617878, 'Синю Лью'], [1656826, 'Ли Пенг']]";7.167;6.6;6.9;16000000$;Битва умов;Исторический;Военный;Военные события;Современное кино (2000–2020);7.167;6.6;0;DB & CSV
622856;1453 Завоевание;Battle of the Empires;2012;;162;https://image.openmoviedb.com/kinopoisk-images/1599028/aa3f59dc-b78a-419b-a9ba-9f205ab7f9f1/600x900;Историческая драма о завоевании Константинополя султаном Мехмедом II.;"['боевик', 'драма', 'военный', 'история']";['Турция'];"[422364, 'Фарук Аксой']";"[[2572109, 'Деврим Эвин'], [1646187, 'Ибрахим Челиккол'], [663001, 'Дилек Сербест'], [1795895, 'Дженгиз Джошкун'], [375267, 'Эрден Алкан'], [1914966, 'Реджеп Актуг'], [2729567, 'Рейф Хикмет Кэм'], [2528385, 'Наджи Адыгюзель'], [1173916, 'Седат Мерт'], [2729568, 'Мустафа Атилла Кунт']]";5.763;6.4;6.1;;1453 Завоевание;Исторический;Военный;Военные события;Современное кино (2000–2020);5.763;6.4;0;DB & CSV
399;Храброе сердце;Braveheart;1995;18;178;https://image.openmoviedb.com/kinopoisk-images/1704946/ce82bed6-15de-4d5c-aa68-fae55556e39f/600x900;"Действие фильма начинается в 1280 году в Шотландии. Это история легендарного национального героя Уильяма Уоллеса, посвятившего себя борьбе с англичанами при короле Эдварде Длинноногом. Он рано лишился отца, погибшего от рук англичан, и его забрал к себе дядя Оргайл, который дал ему хорошее образование в Европе. На родину Уильям возвращается уже взрослым человеком, мечтающим завести семью и жить мирной жизнью. Но судьба распорядилась иначе. Его невесту убили англичане, и он начал свой крестовый поход за свободу.";"['история', 'биография', 'драма', 'военный']";['США'];"[7405, 'Мэл Гибсон']";"[[7405, 'Мэл Гибсон'], [2363, 'Софи Марсо'], [38050, 'Патрик МакГуэн'], [2110, 'Энгус Макфадьен'], [12039, 'Брендан Глисон'], [7923, 'Катрин МакКормак'], [12131, 'Брайан Кокс'], [17390, 'Джерард МакСорли'], [7598, 'Мартин Мерфи'], [10029, 'Томми Флэнаган']]";8.292;8.3;7.9;72000000$;Храброе сердце;Исторический;Военный;Военные события;Классика (до 2000 года);8.292;8.3;7.2;DB & CSV
4833824;Жанна Дюбарри;Jeanne Du Barry;2023;18;117;https://image.openmoviedb.com/kinopoisk-images/4483445/0dd2c51b-bb26-4ea8-bcfb-1364faebc66c/600x900;"Жанна Вобернье — молодая женщина из рабочего класса, жаждущая культуры и удовольствий, использующая свой интеллект и очарование, чтобы подняться по ступеням социальной лестницы. Она знакомится с королем Людовиком XV и вскоре становится его любимой спутницей. Благодаря их отношениям к королю возвращается уже угасший за долгие годы правления вкус к жизни. Не подозревая о ее статусе куртизанки, король приглашает Жанну во дворец в Версаль, где ее приезд возмущает двор. Постепенно Жанна становится одной из самых влиятельных женщин Франции, официальной фавориткой короля, но приближенным не нравится влияние этой женщины, и они плетут хитроумные интриги против Дюбарри.";"['драма', 'биография', 'история']";['Франция'];"[74633, 'Майвенн']";"[[74633, 'Майвенн'], [6245, 'Джонни Депп'], [475472, 'Станислас Станич'], [1896591, 'Бенжамен Лаверн'], [161820, 'Пьер Ришар'], [59867, 'Робен Ренуччи'], [105229, 'Марианн Басле'], [268367, 'Каролин Шаньоллю'], [30605, 'Мельвиль Пупо'], [20018, 'Паскаль Греггори']]";7.132;6.7;6.4;22400000$;Жанна Дюбарри;Исторический;Биографический;Культурные драмы;Классика (до 2000 года);7.132;6.7;5.3;DB & CSV
1115467;Герой;;2019;18;115;https://image.openmoviedb.com/kinopoisk-images/4303601/ce01d378-eaf6-4c68-ba38-1d66697ff499/600x900;"15 лет назад Андрей под руководством своего отца, полковника Родина, прошел обучение в секретной спецшколе, где из подростков готовили агентов Службы внешней разведки. Когда экспериментальный проект закрыли, Андрей «сжёг мосты», остался в Европе и старался не вспоминать о прошлом. Но однажды ему звонит отец, которого все считали погибшим. Тот сообщает, что на Андрея открыта охота, но кто решил его уничтожить – неизвестно. Спасаясь бегством, он находит Машу, с которой учился в спецшколе. Андрею предстоит пройти через любовь и предательство и узнать об истинных масштабах беспощадной шпионской игры, в которую он оказался втянут поневоле.";"['триллер', 'комедия', 'боевик', 'криминал']";['Россия'];"[1209592, 'Карен Оганесян']";"[[2286874, 'Александр Петров'], [733, 'Владимир Машков'], [224384, 'Светлана Ходченкова'], [4651713, 'Ян Алабушев'], [281405, 'Константин Лавроненко'], [1627408, 'Марина Петренко'], [5383899, 'Анастасия Тодореску'], [497626, 'Тобиас Аспелин'], [5952970, 'Ирина Миллер-Рузанова'], [2733379, 'Артем Григорьев']]";6.551;4.7;5.6;250000000₽;Герой;Исторический;Боевик (Экшен);Эпические саги;Современное кино (2000–2020);6.551;4.7;0;DB & CSV
484611;Исход: Цари и боги;;2014;12;150;https://image.openmoviedb.com/kinopoisk-images/1599028/521d22b4-deb3-4341-925a-afbe72df44fe/600x900;"Ветхозаветная история о великом пророке Моисее и освобождении еврейского народа из египетского плена. Моисей появился на свет в те времена, когда фараон приказал убивать всех новорожденных мальчиков еврейского происхождения. Чтобы спасти его, мать положила малыша в корзину из тростника и отправила вниз по Нилу.   Ребенка нашла дочь фараона, которая усыновила его и растила рядом с Рамсесом - будущим фараоном. Много лет спустя, став мужчиной, Моисей бежит из Египта, а затем возвращается туда по велению Господа, чтобы избавить свой народ от оков рабства...";"['фэнтези', 'боевик', 'драма', 'приключения']";"['Великобритания', 'Испания', 'США']";"[10015, 'Ридли Скотт']";"[[21495, 'Кристиан Бэйл'], [32613, 'Джоэл Эдгертон'], [808, 'Джон Туртурро'], [39585, 'Аарон Пол'], [10315, 'Бен Мендельсон'], [519055, 'Мария Вальверде'], [6915, 'Сигурни Уивер'], [6846, 'Бен Кингсли'], [2825722, 'Исаак Эндрюс'], [233946, 'Хиам Аббасс']]";6.588;6.0;5.8;140000000$;Исход: Цари и Боги;Исторический;Боевик (Экшен);Эпические саги;Современное кино (2000–2020);6.588;6;4.9;DB & CSV
8387;Александр Невский;;1938;6;111;https://image.openmoviedb.com/kinopoisk-images/9784475/7b58d0bb-3693-49ff-83b2-5ffd0840306f/600x900;"На западные рубежи Руси наступают войска Тевтонского Ордена. Они захватывают Псков, мучают и убивают местных жителей. Рыцари заранее делят ещё не завоеванные русские земли, присваивая себе титулы князей и надеясь на поддержку Папы Римского. Новгородский люд на вече решает собирать дружину и звать на командование ей опытного полководца князя Александра, прозванного Невским. Двое богатырей — Гаврила Алексич и Васька Буслаев (реальные личности) — сватаются к одной девице, и она решает, что выберет того, кто лучше покажет себя в битве.";"['военный', 'биография', 'драма', 'боевик', 'история']";['СССР'];"[64117, 'Сергей Эйзенштейн']";"[[201741, 'Николай Черкасов'], [217290, 'Николай Охлопков'], [185564, 'Андрей Абрикосов'], [217291, 'Дмитрий Орлов'], [217293, 'Николай Арский'], [217294, 'Варвара Массалитинова'], [295067, 'Валентина Ивашёва'], [174302, 'Александра Данилова'], [217296, 'Владимир Ершов'], [217297, 'Сергей Блинников']]";8.095;7.5;8.1;;Александр Невский;Исторический;Военный;Военные события;Классика (до 2000 года);8.095;7.5;8.8;DB & CSV
645276;Лекарь: Ученик Авиценны;The Physician;2013;18;155;https://image.openmoviedb.com/kinopoisk-images/1900788/4236cf68-84e6-42b8-9ea8-b2a12ea58cef/600x900;"Англия, XI век. Мать десятилетнего Роба Коула умирает в страшных мучениях: никто не знает ни природы её болезни, ни лекарства против неё. Маленький Роб, потрясенный до глубины души, во что бы то ни стало стремится разгадать эту тайну.  Ему суждено пройти долгий путь, от Англии до Персии, его учителями становятся сначала обыкновенный шарлатан Барбер, а потом - великий лекарь Авиценна. Мудрый учитель видит в Робе необыкновенный талант к медицине, но советует ему не спешить делать вещи, которые не соответствуют веку. Но Роб ни перед чем не останавливается в своем желании научиться спасать людей от смерти, и над его собственной жизнью нависает угроза, ведь он дважды пошел против предрассудков: использовал для научных исследований тело человека и полюбил женщину, отданную в жены другому.";"['приключения', 'история', 'драма']";['Германия'];"[388389, 'Филипп Штёльцль']";"[[1211995, 'Том Пэйн'], [6846, 'Бен Кингсли'], [1076137, 'Эмма Ригби'], [11661, 'Стеллан Скарсгард'], [30324, 'Оливье Мартинес'], [1105461, 'Элиас М’Барек'], [1096708, 'Майкл Джибсон'], [34807, 'Стэнли Таунсенд'], [1225200, 'Майкл Маркус Морган'], [2235255, 'Адам Томас Райт']]";8.103;7.2;7.7;36000000$;Лекарь: Ученик Авиценны;Исторический;Приключения;Эпические саги;Современное кино (2000–2020);8.103;7.2;0;DB & CSV
47270;Кочевник;;2005;18;112;https://image.openmoviedb.com/kinopoisk-images/10893610/14e18d7b-79f0-448d-8253-48ef5a7d09c5/600x900;"История о казахском народе, о становлении государственного самосознания казахов еще в ХVIII веке.В основу фильма «Кочевник» легли реальные исторические события, происходившие на казахской земле в 18 веке — освободительная война казахов против джунгарских завоевателей. Героями фильма являются реальные исторические личности: хан Абулхаир, Аблай-хан, мудрый Толе би, предводитель джунгар Голдан Церен.Центральная фигура фильма — герой Мансур, ставший Аблай ханом, проходит все испытания подлинного народного полководца, но при этом не теряет притягательных личных черт, благодаря удачно выписанной лирической линии его любви к девушке — воину Гаухар.";"['драма', 'история', 'военный']";"['Казахстан', 'Россия', 'США']";"[25244, 'Сергей Бодров']";"[[34234, 'Куно Беккер'], [59, 'Джей Эрнандес'], [34112, 'Джейсон Скотт Ли'], [298195, 'Досхан Жолжаксынов'], [477003, 'Аянат Есмагамбетова'], [33181, 'Марк Дакаскос'], [284985, 'Ашир Чокубаев'], [290351, 'Жанас Искаков'], [284800, 'Тунгышбай Жаманкулов'], [290247, 'Ерик Жолжаксынов']]";5.947;5.8;5.4;40000000$;Кочевник;Исторический;Военный;Эпические саги;Современное кино (2000–2020);5.947;5.8;4.4;DB & CSV
1330336;Майдан. 4 версии оранжевой революции;;2011;;;;;['документальный'];['Украина'];[];"[[1559702, 'Евгений Киселев'], [4564179, 'Евгений Беланюк'], [1559702, 'Евгений Киселев']]";0.0;0.0;0.0;;Майдан;Исторический;Драма;Эпические саги;Современное кино (2000–2020);0;0;0;DB & CSV
4360992;Аббатство Даунтон 2;Downton Abbey 2;2022;12;124;https://image.openmoviedb.com/kinopoisk-images/6201401/f7354f9b-c507-4f26-98ed-11faaded068d/600x900;"Вдовствующая графиня Вайолет Кроули получает в наследство роскошную виллу на юге Франции, и вся семья отправляется в грандиозное путешествие, чтобы раскрыть тайны новых владений. Тем временем в аббатстве Даунтон начинаются съёмки художественного фильма, и обитателям поместья приходится смириться с тем, что в Даунтон проник современный мир.";"['драма', 'мелодрама']";"['Великобритания', 'США']";"[81470, 'Саймон Кёртис']";"[[19577, 'Натали Бай'], [210, 'Хью Бонневилль'], [2280313, 'Лаура Кармайкл'], [10827, 'Джим Картер'], [43261, 'Ракель Кэссиди'], [67138, 'Брендан Койл'], [47427, 'Хью Дэнси'], [1067193, 'Мишель Докери'], [428101, 'Кевин Дойл'], [1646825, 'Таппенс Мидлтон']]";7.401;7.4;7.2;;Аббатство Даунтон 2;Исторический;Драма;Эпические саги;Новинки (2020–2025);7.401;7.4;6.9;DB & CSV
395684;Александр. Невская битва;;2008;16;110;https://image.openmoviedb.com/kinopoisk-images/1599028/cc43ee64-4288-4127-9b94-e11bbd8e6ad2/600x900;"Первая половина 13 века. Новгородский князь Александр любим народом, но имеет и многих противников. Огромная армия Батыя угрожает нашествием с юга. Шведские рыцари замышляют крестовый поход на Русь, они засылают в Новгород шпиона. Боярская оппозиция готовит покушение на Александра, вынашивает предательский план сдачи города. В довершение ко всему, лучший друг князя Ратмир проникся страстью к красавице-княжне и теперь может стать для Александра опасным врагом. Князь молод, но жизнь требует от него воинской доблести, дальновидности дипломата и глубокой житейской мудрости.";"['драма', 'военный', 'биография', 'история']";['Россия'];"[231116, 'Игорь Каленов']";"[[1574511, 'Антон Пампушный'], [562713, 'Игорь Ботвин'], [544346, 'Сергей Лысов'], [293954, 'Александр Орлов'], [554147, 'Дмитрий Быковский-Ромашов'], [1487190, 'Александр Быковский'], [1561010, 'Артём Осипов'], [1615046, 'Светлана Бакулина'], [1010280, 'Сергей Гамов'], [637275, 'Егор Бакулин']]";5.075;4.8;4.9;8000000$;Александр. Невская битва;Исторический;Военный;Военные события;Современное кино (2000–2020);5.075;4.8;0;DB & CSV
42489;Ученик лекаря;;1983;12;70;https://image.openmoviedb.com/kinopoisk-images/1777765/b4558f0b-792a-4f8b-8bb4-5afdb5e4d802/600x900;"Промышляющий врачеванием предприимчивый юноша, стремясь завоевать расположение своей возлюбленной, клянется вылечить ее матушку от тяжкой болезни.  Чтобы всерьез познать секреты медицины, ему приходится под видом глухонемого наняться в помощники к лучшему лекарю. Удастся ли герою сдержать свое обещание?";"['комедия', 'семейный', 'история']";['СССР'];"[193820, 'Борис Рыцарев']";"[[313307, 'Олег Казанчеев'], [273112, 'Олег Голубицкий'], [174290, 'Наталья Вавилова'], [200890, 'Ариадна Шенгелая'], [256993, 'Михаил Глузский'], [25253, 'Григорий Мануков'], [340022, 'Виктор Ильичев'], [193828, 'Юрий Чекулаев'], [294305, 'Лилия Гриценко'], [280885, 'Светлана Орлова']]";7.916;6.9;7.4;;Ученик лекаря;Исторический;Приключения;Эпические саги;Современное кино (2000–2020);7.916;6.9;0;DB & CSV
14062;Обыкновенный фашизм;;1965;18;130;https://image.openmoviedb.com/kinopoisk-images/1773646/e73355a1-a827-4e12-942a-055120c7309f/600x900;Рассказ о возникновении фашизма и становлении нацистского режима в гитлеровской Германии.;"['документальный', 'военный', 'история']";['СССР'];"[329902, 'Михаил Ромм']";"[[329902, 'Михаил Ромм'], [2907, 'Марлен Дитрих'], [420186, 'Дзюкити Уно'], [341327, 'Алемдар Караманов'], [329902, 'Михаил Ромм'], [1996356, 'Валентина Кулагина'], [298619, 'Герман Лавров'], [329954, 'Юрий Ханютин'], [329902, 'Михаил Ромм'], [329955, 'Майя Туровская']]";8.404;8.1;8.3;;Обыкновенный фашизм;Исторический;Военный;Военные события;Классика (до 2000 года);8.404;8.1;0;DB & CSV
840234;Дуэлянт;;2016;18;110;https://image.openmoviedb.com/kinopoisk-images/1704946/31356943-0cd1-4291-b0aa-cd7a92aa439a/600x900;"История профессионального дуэлянта, который зарабатывает на жизнь, участвуя в поединках за других людей.";['драма'];['Россия'];"[1181358, 'Алексей Мизгирёв']";"[[52108, 'Пётр Фёдоров'], [733, 'Владимир Машков'], [2807132, 'Юлия Хлынина'], [259586, 'Франциска Петри'], [18419, 'Мартин Вуттке'], [231313, 'Сергей Гармаш'], [3669799, 'Павел Табаков'], [230534, 'Юрий Колокольников'], [224365, 'Александр Яценко'], [75866, 'Юрий Кузнецов']]";6.853;6.3;6.2;725000000₽;Дуэлянт;Исторический;Драма;Культурные драмы;Современное кино (2000–2020);6.853;6.3;5.5;DB & CSV
640980;Земля обетованная;;2012;18;106;https://image.openmoviedb.com/kinopoisk-images/4303601/bafe1734-2736-4c63-af56-ecb2d05f3a4c/600x900;"Корпоративный агент Стив Батлер и его партнер Сью Томасон приезжают в маленький городок, в последние годы переживающий кризис. Местные жители готовы принять предложение компании и дать согласие на бурение скважины на территории их собственности. Все осложняется, когда в дело вмешиваются школьный учитель и представитель профсоюза, с которым у Стива личные счеты.";['драма'];"['США', 'ОАЭ']";"[7778, 'Гас Ван Сент']";"[[6458, 'Мэтт Дэймон'], [394931, 'Джон Красински'], [7222, 'Фрэнсис Макдорманд'], [572289, 'Розмари ДеУитт'], [33243, 'Скут Макнэри'], [32640, 'Титус Уэлливер'], [37723, 'Терри Кинни'], [37764, 'Тим Гини'], [24434, 'Лукас Блэк'], [8150, 'Хэл Холбрук']]";6.589;6.6;6.4;15000000$;Земля обетованная;Исторический;Драма;Эпические саги;Новинки (2020–2025);6.589;6.6;5.9;DB & CSV
2602;Царство небесное;Kingdom Of Heaven Director's Cut;2005;18;145;https://image.openmoviedb.com/kinopoisk-images/1946459/a995fffa-a936-4b1c-b2d9-b80661e7d003/600x900;"Франция, XII век. Молодой кузнец Бэлиан вынужден бежать со своей родины. Он присоединяется к отряду крестоносцев, во главе которого стоит его отец. В одной из битв тот получает тяжёлое ранение и перед смертью посвящает сына в рыцари.";"['боевик', 'драма', 'приключения', 'военный', 'история']";"['США', 'Испания']";"[10015, 'Ридли Скотт']";"[[30875, 'Орландо Блум'], [225974, 'Ева Грин'], [18503, 'Мартон Чокаш'], [14362, 'Дэвид Тьюлис'], [554288, 'Гассан Массуд'], [6534, 'Лиам Нисон'], [33061, 'Джереми Айронс'], [25774, 'Эдвард Нортон'], [12039, 'Брендан Глисон'], [10310, 'Александр Сиддиг']]";7.663;7.3;6.9;130000000$;Царство небесное;Исторический;Военный;Военные события;Современное кино (2000–2020);7.663;7.3;5.6;DB & CSV
1163152;Варавва;;2019;12;115;https://image.openmoviedb.com/kinopoisk-images/1946459/a338b6f2-559d-4ca3-b24a-78c556868db6/600x900;"Всем знакома библейская история о смерти и воскресении Христа. Но как выглядели события с точки зрения Вараввы, убийцы, отпущенного толпой вместо Иисуса? Чем обернулось ему это помилование?    Варавва оказывается неожиданным образом связан с Иудой, который не смог заглушить в себе голос совести после предательства Христа и не нашел в себе силы покаяться.    Варавва пытается понять, кто же тот человек, который вместо него распят, и разобраться, действительно ли он – Сын Божий? В поисках истины Варавва получает ответы на вопросы, которые заставляют его пересмотреть взгляды на всю свою жизнь.";"['драма', 'криминал', 'биография', 'история']";['Россия'];"[5217278, 'Евгений Емелин']";"[[294247, 'Павел Крайнов'], [3428009, 'Регина Чадова'], [2203277, 'Залим Мирзоев'], [2984494, 'Александр Лаптий'], [1135358, 'Елена Подкаминская'], [2510698, 'Константин Самоуков'], [3149468, 'Сергей Санаев'], [238716, 'Альберт Филозов'], [1888925, 'Виталий Максименко'], [2341187, 'Светлана Агафошина']]";6.679;6.1;6.4;;Варавва;Исторический;Драма;Эпические саги;Классика (до 2000 года);6.679;6.1;0;DB & CSV
42142;Русь изначальная;;1985;12;148;https://image.openmoviedb.com/kinopoisk-images/1629390/5ff54291-0ccf-416f-8297-90e017584a55/600x900;"Действие картины происходит в Древней Руси - в те времена, когда славянам, объединившимся в войско под предводительством Ратибора, сына Всеслава, удалось одержать первые победы над племенами кочевников.";"['драма', 'военный', 'история']";['СССР'];"[199931, 'Геннадий Васильев']";"[[276837, 'Людмила Чурсина'], [273338, 'Борис Невзоров'], [174329, 'Иннокентий Смоктуновский'], [179093, 'Маргарита Терехова'], [128003, 'Елена Кондулайнен'], [277422, 'Арнис Лицитис'], [238540, 'Игорь Дмитриев'], [280792, 'Владимир Талашко'], [276947, 'Анвар Кенжаев'], [261729, 'Владимир Антоник']]";7.955;6.5;7.2;;Русь изначальная;Исторический;Фэнтези;Эпические саги;Новинки (2020–2025);7.955;6.5;0;DB & CSV
736211;БИБЛИЯ;;2013;18;;https://image.openmoviedb.com/kinopoisk-images/1600647/aba0a2cc-10f1-4248-89d4-1ff93da7ff1c/600x900;"Самая масштабная экранизация библейских сюжетов, как утверждают авторы, снята в духе современных исторических сериалов c добавлением к живым сценам - компьютерной графики. Истории о Ноевом ковчеге, исходе из Египта под предводительством Моисея, рождении, смерти и воскресении Иисуса. Сериал состоит из 10 ключевых повествований. Начиная от книги Бытие и заканчивая книгой Откровение. Воссоздать и снять истории Ветхого и Нового заветов решился 43-летний британский продюсер Марк Барнетт с супругой. Съемки стоимостью в 22 миллиона долларов прошли на Ближнем Востоке и собрали актеров со всего мира (Самсон из африканской диаспоры, Давид из Ирландии, Иисус из Португалии, и т.д.). В качестве консультантов были привлечены десятки пасторов и ученых.";['драма'];"['Великобритания', 'США']";"[394998, 'Криспин Рис']";"[[1580, 'Кит Дэвид'], [145722, 'Роберт Пауэлл'], [696667, 'Джейк Канусо'], [858936, 'Диогу Моргаду'], [1116636, 'Дарвин Шоу'], [41839, 'Себастьян Кнапп'], [723950, 'Адриан Шиллер'], [21487, 'Пол Брайтвелл'], [296090, 'Грег Хикс'], [1138540, 'Эмбер Роуз Рева']]";7.557;7.4;7.5;;Библия;Исторический;Драма;Эпические саги;Классика (до 2000 года);7.557;7.4;0;DB & CSV
42657;Иван Грозный;Ivan the Terrible;1944;12;177;https://image.openmoviedb.com/kinopoisk-images/1704946/07d7632a-a843-41d4-ac62-f61bb81d0150/600x900;"Середина XVI века. Великий князь московский и всея Руси Иван Васильевич венчается на царство и произносит речь о необходимости защитить Россию от внутренних и внешних врагов, не желающих видеть её великой державой. Так начинается правление нового царя, которого позже станут называть Иван Грозный.";"['драма', 'биография', 'история']";['СССР'];"[64117, 'Сергей Эйзенштейн']";"[[201741, 'Николай Черкасов'], [298392, 'Людмила Целиковская'], [201742, 'Серафима Бирман'], [174126, 'Павел Кадочников'], [201743, 'Михаил Жаров'], [201744, 'Амвросий Бучма'], [201746, 'Михаил Кузнецов'], [201750, 'Михаил Названов'], [185564, 'Андрей Абрикосов'], [201747, 'Александр Мгебров']]";8.06;7.7;8.1;;Иван Грозный;Исторический;Биографический;Эпические саги;Классика (до 2000 года);8.06;7.7;8.4;DB & CSV
1289738;Последняя дуэль;;2021;18;152;https://image.openmoviedb.com/kinopoisk-images/4774061/a9819b63-adb1-472a-8711-88736a021f16/600x900;"Франция, конец XIV века. Отношения между рыцарем Жаном де Карружем и его соратником и соседом Жаком Ле Гри постепенно портятся, и дело доходит до неразрешимого конфликта. Оскорблённый Карруж обращается за помощью к королю Франции Карлу VI, и тот постановляет — противники должны решить спор в смертельной дуэли.";"['история', 'драма']";"['Великобритания', 'США']";"[10015, 'Ридли Скотт']";"[[6458, 'Мэтт Дэймон'], [1833677, 'Адам Драйвер'], [2028846, 'Джоди Комер'], [22673, 'Харриет Уолтер'], [10620, 'Бен Аффлек'], [3024378, 'Алекс Лоутер'], [18503, 'Мартон Чокаш'], [78899, 'Уильям Хьюстон'], [29860, 'Оливер Коттон'], [6578028, 'Орельен Лорнье']]";7.365;7.3;7.3;100000000$;Последняя дуэль;Исторический;Драма;Эпические саги;Новинки (2020–2025);7.365;7.3;7.3;DB & CSV
575280;Падение последней империи;Xinhai Revolution;2011;18;100;https://image.openmoviedb.com/kinopoisk-images/1599028/dfd04b85-723f-464d-9932-9911d2dacb80/600x900;"Китай, 1911 г. Период политической нестабильности и революционных настроений в государстве. На фоне общей неразберихи и неопределённости, некто Сунь Ятсен поднимает восстание и направляет мощь своих войск с одной единственной целью — свергнуть правящую династию Цинь и установить новый, социально направленный режим управления республикой.";"['драма', 'военный', 'история']";"['Китай', 'Гонконг', 'Тайвань']";"[4168638, 'Хай Тао']";"[[29855, 'Джеки Чан'], [106262, 'Уинстон Чао'], [223668, 'Ли Бинбин'], [391831, 'Сунь Чунь'], [17076, 'Джоан Чэнь'], [432728, 'Цзян У'], [545694, 'Джейси Чан'], [1153200, 'Ху Гэ'], [92362, 'Нин Цзин'], [1697982, 'Юй Шаоцюнь']]";6.328;5.7;5.3;18000000$;Падение последней империи;Исторический;Драма;Эпические саги;Новинки (2020–2025);6.328;5.7;4;DB & CSV
66283;Потоп;The Deluge Redivivus;1974;12;333;https://image.openmoviedb.com/kinopoisk-images/1777765/1085c1a2-bd55-40ad-861a-19ac5cc2b3e2/600x900;"Историческая эпопея Генрика Сенкевича, охватывающая события XVII века войны Речи Посполитой со шведами. Сложно складываются отношения главных героев Анджея Кмитица и Оленьки Биллевич. Волею судьбы Кмитиц связан клятвою с отступником Гетманом. Он оказывается в стане врагов и вынужден воевать против своих. Друзья считают его предателем, Оленька отказывается от него, а шведы прославляют. На долю Анджея выпадают тяжелые душевные и физические страдания. Но ценою своих ран, плена, героических подвигов ему удается возвратить себе родину, любимую и друзей.";"['мелодрама', 'история', 'приключения', 'военный']";"['Польша', 'СССР']";"[284023, 'Ежи Гоффман']";"[[140922, 'Даниэль Ольбрыхский'], [326411, 'Малгожата Браунек'], [205173, 'Тадеуш Ломницкий'], [205189, 'Казимеж Вихняж'], [494740, 'Владислав Ханьча'], [461395, 'Лешек Телешиньский'], [345155, 'Рышард Филипский'], [340071, 'Веслава Мазуркевич'], [131826, 'Францишек Печка'], [496806, 'Леслав Яницкий']]";8.1;7.7;7.9;100000000PLN;Потоп;Исторический;Военный;Военные события;Классика (до 2000 года);8.1;7.7;0;DB & CSV
731744;Бен-Гур;Ben Hur;2016;18;123;https://image.openmoviedb.com/kinopoisk-images/1704946/21ec10ca-ab5e-4438-b6aa-64d95a2cb307/600x900;"История Бен-Гура, потомка знатного иудейского рода, который был предан своим лучшим другом-римлянином. Проведя много лет в рабстве на римских галерах, Бен-Гур в итоге получает возможность вернуться на родину и отомстить обидчику.";"['боевик', 'драма', 'мелодрама', 'приключения']";['США'];"[464015, 'Тимур Бекмамбетов']";"[[675533, 'Джек Хьюстон'], [575364, 'Тоби Кеббелл'], [32686, 'Родриго Санторо'], [1113461, 'Назанин Бониади'], [260846, 'Айелет Зурер'], [1449220, 'Пилу Асбек'], [1999311, 'София Блэк-Д’Элиа'], [6750, 'Морган Фриман'], [1634292, 'Марван Кензари'], [1089491, 'Мойзес Ариас']]";5.954;5.7;5.4;100000000$;Бен-Гур;Исторический;Драма;Эпические саги;Классика (до 2000 года);5.954;5.7;4.6;DB & CSV
46192;Борис Годунов;;1986;0;148;https://image.openmoviedb.com/kinopoisk-images/4303601/6aca6f68-3677-49e3-a9d6-12cf9065c642/600x900;"Действие происходит в конце XVI века, накануне «смутного времени». Главное действующее лицо этой исторической трагедии - русский царь Борис Годунов, взошедший на престол вслед за Иваном Грозным после трагических событий: смерти старшего сына Грозного Федора и гибели юного царевича Димитрия.";"['драма', 'история']";"['СССР', 'Польша', 'Чехословакия', 'Германия (ФРГ)']";"[174228, 'Сергей Бондарчук']";"[[174228, 'Сергей Бондарчук'], [176296, 'Александр Соловьев'], [174206, 'Анатолий Ромашин'], [86527, 'Анатолий Васильев'], [143507, 'Адрианна Беджиньская'], [281331, 'Евгений Самойлов'], [191599, 'Роман Филиппов'], [464592, 'Вячеслав Бутенко'], [304384, 'Елена Бондарчук'], [284650, 'Геннадий Митрофанов']]";6.778;6.6;6.7;;Борис Годунов;Исторический;Драма;Эпические саги;Классика (до 2000 года);6.778;6.6;0;DB & CSV
1127372;Томирис;The Legend of Tomiris;2019;18;155;https://image.openmoviedb.com/kinopoisk-images/1599028/138f6233-0bad-42de-b996-59f0409440a8/600x900;"Центральная Азия, VI век до н. э. Имея право на трон, Спаргап втягивается в войну между родами саков — массагетов. Влиятельные вожди, среди которых выделяются алчные и хитроумные Каваз и Куртун, не спешат объединяться под единой властью, отстаивая свои интересы. Спаргап мечом и словом пытается объединить степные племена. В это тревожное время у него рождается дочь Томирис. Её мать умирает при родах. Забота и воспитание ложатся на него, и Томирис с раннего возраста познаёт тяготы походной жизни и воинского быта.";"['фэнтези', 'боевик', 'драма', 'военный', 'биография', 'история']";['Казахстан'];"[1063440, 'Акан Сатаев']";"[[5807485, 'Альмира Турсын'], [2214547, 'Адиль Ахметов'], [1781112, 'Берик Айтжанов'], [2791064, 'Азамат Сатыбалды'], [554288, 'Гассан Массуд'], [5548097, 'Илез Бадургов'], [1772887, 'Мурат Бисенбин'], [2804435, 'Аян Утепберген'], [2804436, 'Асылхан Толепов'], [285002, 'Назим Туляходжаев']]";7.8;6.3;7.0;6500000$;Томирис;Исторический;Боевик (Экшен);Военные события;Современное кино (2000–2020);7.8;6.3;0;DB & CSV
682255;Викинги;;2013;18;;https://image.openmoviedb.com/kinopoisk-images/1599028/53e53a08-3f1d-4169-a987-e00c25cd1622/600x900;"Рассказ об отряде викингов Рагнара. Он восстал, чтобы стать королём племён викингов. Норвежская легенда гласит, что он был прямым потомком Одина, бога войны и воинов.";"['история', 'драма', 'боевик', 'мелодрама', 'приключения', 'военный']";"['Ирландия', 'Канада']";"[689883, 'Киаран Доннелли']";"[[39262, 'Кэтрин Уинник'], [271392, 'Густаф Скарсгард'], [666062, 'Александр Людвиг'], [3626733, 'Джорджия Хёрст'], [4003282, 'Алекс Хег Андерсен'], [1532275, 'Джордан Патрик Смит'], [1964500, 'Марко Ильсе'], [232912, 'Петер Францен'], [950701, 'Трэвис Фиммел'], [770357, 'Клайв Стэнден']]";8.154;8.5;8.3;;Викинги;Исторический;Боевик (Экшен);Эпические саги;Современное кино (2000–2020);8.154;8.5;0;DB & CSV
103370;Князь Владимир;;2006;12;78;https://image.openmoviedb.com/kinopoisk-images/4303601/8d4778d5-95fc-41da-a5c2-c0dde88ca463/600x900;"Невиданная и загадочная древняя Русь, утопающая в красках первозданной природы и старинных праздников. Деревянные города и необъятные просторы, жестокие сражения и щедрые пиры, шумные ярмарки и грандиозные охоты. На фоне всех этих исторических событий и удивительных приключений крепнет настоящая дружба и рождается первая любовь…";"['мультфильм', 'фэнтези', 'боевик', 'драма', 'триллер', 'история']";['Россия'];"[728909, 'Юрий Кулаков']";"[[224620, 'Сергей Безруков'], [284555, 'Александр Баринов'], [1078856, 'Томас Шлеккер'], [342958, 'Юрий Беркун'], [261607, 'Лев Дуров'], [1078857, 'Алексей Колган'], [273292, 'Дмитрий Назаров'], [122086, 'Владимир Гостюхин'], [885866, 'Николай Расторгуев'], [885861, 'Ирина Безрукова']]";7.304;6.7;7.0;;Князь Владимир;Исторический;Биографический;Эпические саги;Новинки (2020–2025);7.304;6.7;0;DB & CSV
707407;Викинг;Viking;2016;18;133;https://image.openmoviedb.com/kinopoisk-images/1599028/3998364c-e6a9-48c9-a500-cd58f22accf3/600x900;"Раннее Средневековье. Время тяжелых мечей и темных законов крови. Правящий род в раздоре. Вина за случайную смерть брата легла на Великого князя, и по закону мстить ему должен младший брат — бастард. За отказ убивать он заплатит всем, что у него было, потому что «для мира нужно больше мечей, чем для войны».";"['история', 'драма']";['Россия'];"[690065, 'Андрей Кравчук']";"[[1054956, 'Данила Козловский'], [224384, 'Светлана Ходченкова'], [251225, 'Максим Суханов'], [231397, 'Игорь Петренко'], [251186, 'Андрей Смоляков'], [558099, 'Владимир Епифанцев'], [3377828, 'Александра Бортич'], [677662, 'Кирилл Плетнёв'], [1055853, 'Александр Устюгов'], [565974, 'Ростислав Бершауэр']]";4.637;4.6;4.6;1224661889₽;Викинг;Исторический;Боевик (Экшен);Эпические саги;Современное кино (2000–2020);4.637;4.6;0;DB & CSV
533055;Орда;;2011;18;129;https://image.openmoviedb.com/kinopoisk-images/6201401/4fd23dfb-f558-4399-b5e8-15887dcca93d/600x900;"Орда. Веками это слово означало кровавые набеги и унизительную дань для многих стран и народов. Странный и страшный мир со своими законами и обычаями. В середине XIV века власть Орды простирается над большей частью Евразии. Платит дань восточному соседу и Московское княжество. Когда ханшу Тайдулу сражает тяжелый недуг, ни один целитель оказывается не в силах ей помочь. Тогда в Орду вызывают «московского колдуна» митрополита Алексия. На карту поставлена судьба всего княжества. Однако и сам Алексий не знает, чем обернется его путешествие в Орду.";['история'];['Россия'];"[231189, 'Андрей Прошкин']";"[[251225, 'Максим Суханов'], [2276526, 'Роза Хайруллина'], [1456200, 'Иннокентий Дакаяров'], [224365, 'Александр Яценко'], [224388, 'Виталий Хаев'], [2339447, 'Алексей Егоров'], [1922081, 'Федот Львов'], [224368, 'Андрей Панин'], [552322, 'Алексей Шевченков'], [2900338, 'Моге Ооржак']]";6.097;6.1;6.1;12000000$;Орда;Исторический;Военный;Военные события;Современное кино (2000–2020);6.097;6.1;0;DB & CSV
6764;Последний самурай;Samurai;2003;18;154;https://image.openmoviedb.com/kinopoisk-images/4774061/64b787a2-fc56-42c3-bf2d-26ae82384b62/600x900;"Действие разворачивается в Японии 70-ых годов девятнадцатого века. Капитан Нейтон Альгрен, уважаемый американский военный офицер, нанят Императором Японии для обучения первой армии Страны Восходящего Солнца современному искусству ведения боевых действий.  Император пытается искоренить древних воинов-самураев, готовясь к более прозападной политике правительства…";"['боевик', 'драма']";"['США', 'Новая Зеландия', 'Япония']";"[30757, 'Эдвард Цвик']";"[[30759, 'Кэн Ватанабэ'], [20302, 'Том Круз'], [30765, 'Коюки'], [14961, 'Уильям Этертон'], [3905, 'Тони Голдуин'], [8530, 'Билли Коннолли'], [22695, 'Чэд Линдберг'], [13416, 'Тимоти Сполл'], [30767, 'Ситиносукэ Накамура'], [30769, 'Хироюки Санада']]";8.088;7.8;7.4;140000000$;Последний самурай;Исторический;Военный;Военные события;Современное кино (2000–2020);8.088;7.8;6.4;DB & CSV
278177;Робин Гуд;Ridley Scott's Robin Hood;2010;18;140;https://image.openmoviedb.com/kinopoisk-images/1773646/7f595a01-93f3-45b1-8669-6a52aef6d3a1/600x900;"История лучника армии Ричарда Львиное Сердце, который борется против нормандских захватчиков и становится легендарным героем, известным под именем Робин Гуд.";"['боевик', 'драма', 'история']";"['США', 'Великобритания']";"[10015, 'Ридли Скотт']";"[[10019, 'Рассел Кроу'], [112, 'Кейт Бланшетт'], [3311, 'Макс фон Сюдов'], [4512, 'Уильям Хёрт'], [4067, 'Марк Стронг'], [43284, 'Оскар Айзек'], [22619, 'Кевин Дюран'], [34795, 'Айлин Аткинс'], [1799, 'Марк Эдди'], [15521, 'Мэттью Макфэдиен']]";7.19;6.6;6.4;200000000$;Робин Гуд;Исторический;Боевик (Экшен);Эпические саги;Современное кино (2000–2020);7.19;6.6;5.4;DB & CSV
893150;Война и мир;;2016;18;;https://image.openmoviedb.com/kinopoisk-images/1900788/ecbb3822-ee34-42f6-8480-e0920b41a050/600x900;"Действие сериала развивается в России XIX века, охватывая период с 1805 по 1812 годы. В основу сюжета положен роман Льва Толстого «Война и мир», основное внимание сфокусировано на судьбах Пьера Безухова, Андрея Болконского и Наташи Ростовой.";"['драма', 'мелодрама', 'военный', 'история']";['Великобритания'];"[1156636, 'Том Харпер']";"[[43219, 'Пол Дано'], [1832932, 'Джеймс Нортон'], [2331904, 'Лили Джеймс'], [59980, 'Эдриен Эдмондсон'], [1210361, 'Эшлин Лофтус'], [3007, 'Грета Скакки'], [2341341, 'Джек Лауден'], [1646825, 'Таппенс Мидлтон'], [1772158, 'Анайрин Барнард'], [4300676, 'Джесси Бакли']]";8.019;8.1;8.1;;Война и мир;Исторический;Военный;Военные события;Классика (до 2000 года);8.019;8.1;0;DB & CSV
972740;Союз Спасения;;2019;12;134;https://image.openmoviedb.com/kinopoisk-images/1704946/4c0cc9c9-8d08-4162-95d8-0658c5bda408/600x900;"Императорские войска России заняли Париж. Россия стала первой державой мира. Теперь всё кажется возможным. Молодые победители, гвардейские офицеры, уверены, что равенство и свобода наступят - здесь и сейчас. Ради этого они готовы принести в жертву всё — положение, богатство, любовь, жизнь… и саму страну.";"['история', 'биография', 'драма']";['Россия'];"[690065, 'Андрей Кравчук']";"[[1205146, 'Леонид Бичевин'], [1358151, 'Максим Матвеев'], [1681168, 'Павел Прилучный'], [238525, 'Иван Янковский'], [1358155, 'Антон Шагин'], [248308, 'Александр Домогаров'], [231397, 'Игорь Петренко'], [1055858, 'Сергей Перегудов'], [1562411, 'Виталий Кищенко'], [1203446, 'Иван Колесников']]";5.933;5.2;5.6;980000000₽;Союз спасения;Исторический;Военный;Военные события;Современное кино (2000–2020);5.933;5.2;0;DB & CSV
841978;Баджирао и Мастани;;2015;;158;https://image.openmoviedb.com/kinopoisk-images/1946459/1f2e59d1-4e4b-4ed5-9e15-eef0a41bd062/600x900;История любви индуистского военачальника Баджирао I и мусульманской принцессы Мастани.;"['мелодрама', 'история', 'военный', 'боевик']";['Индия'];"[43788, 'Санджай Лила Бхансали']";"[[1976709, 'Ранвир Сингх'], [1087164, 'Дипика Падукон'], [229163, 'Приянка Чопра Джонас'], [41883, 'Танви Азми'], [236041, 'Махеш Манджрекар'], [255167, 'Раза Мурад'], [260152, 'Адитья Панчоли'], [233774, 'Милинд Соман'], [3873111, 'Вайбхав Татвавади'], [238259, 'Ятин Карьекар']]";7.55;7.3;7.0;1250000000₹;Баджирао и Мастани;Исторический;Мелодрама;Эпические саги;Современное кино (2000–2020);7.55;7.3;6.1;DB & CSV
195751;Проклятие золотого цветка;Curse of the Golden Flower;2006;18;114;https://image.openmoviedb.com/kinopoisk-images/1898899/eaea746b-71aa-428a-8ebd-8b2f660548e7/600x900;"Китай, X век. Император возвращается из долгого похода. Он поражен холодной встречей придворных. Императрица тщательно скрывает тайную связь с кронпринцем, странно ведет себя и его сын. Двор погряз в любовных и политических интригах, оплетающих дворец, словно гирлянды золотых хризантем. Император чувствует, что его хотят свергнуть.  Во время пышной церемонии традиционного осеннего фестиваля дворец заполняют воины. На площади - тысячи раздавленных золотых цветов, обагренных предательской кровью.";"['драма', 'боевик', 'мелодрама', 'история']";"['Гонконг', 'Китай', 'Великобритания', 'США']";"[58856, 'Чжан Имоу']";"[[10919, 'Чоу Юнь-Фат'], [82153, 'Гун Ли'], [957100, 'Джей Чоу'], [226485, 'Лю Е'], [432730, 'Ни Дахун'], [1107249, 'Цинь Цзюньцзе'], [1107250, 'Ли Мань'], [1020197, 'Чэнь Цзинь'], [4219808, 'Аарон С. Шан'], [2354336, 'Гэ Сыжань']]";7.117;7.0;6.8;45000000$;Проклятие золотого цветка;Исторический;Боевик (Экшен);Эпические саги;Современное кино (2000–2020);7.117;7;6.4;DB & CSV
45674;Василий Буслаев;;1982;6;81;https://image.openmoviedb.com/kinopoisk-images/1704946/f93261eb-e043-4c0d-a8c0-66c8944c8aa0/600x900;"Фильм-сказка о былинном русском богатыре Василии Буслаеве – сыне Новгородского посадника. Жил он как хотел, сам по себе: не верил ни в сон, ни в чех, ни в змеиный шип, ни в вороний грай. Сила и мощь Василия, сына Новгородского посадника (губернатора), водившего дружбу с простым народом, приводила в бешенство и нагоняла страх на разжиревших купцов новгородских. Дана была ему Богом сила Великая, а кому много дадено, с того много спросится.   Грянула беда: напал на святую Русь народ немилостивый, лютый, младости детей и немощи старцев не щадящий, и стал Василий – русский богатырь, щитом и мечом родимой земле, господину Великому Новгороду… Когда купцы узнали, что юноша собирается в поход во имя спасения своей земли от ворога, радости их не было границ.  Разве можно сломить ту силу великую! Но Василий кладет конец всяческим козням и доводит свою экспедицию до победного конца. Он возвращается домой героем и еще привозит с собой зазнобу.";"['фэнтези', 'драма', 'история']";['СССР'];"[199931, 'Геннадий Васильев']";"[[269781, 'Дмитрий Золотухин'], [284866, 'Людмила Хитяева'], [266187, 'Ирина Алферова'], [174241, 'Дмитрий Матвеев'], [273342, 'Алексей Зайцев'], [185573, 'Валерий Носик'], [109509, 'Наталья Крачковская'], [269563, 'Михаил Кокшенов'], [287592, 'Матлюба Алимова'], [217786, 'Николай Погодин']]";7.202;6.6;6.9;;Василий Буслаев;Исторический;Приключения;Эпические саги;Новинки (2020–2025);7.202;6.6;0;DB & CSV
462455;Дружинники;Neighborhood Watch;2012;18;102;https://image.openmoviedb.com/kinopoisk-images/4774061/af6a88e5-f12f-4ef8-b483-c5290a6fd62b/600x900;"Сюжет фильма разворачивается вокруг дружной компании соседей, организовавших дружину ради патрулирования окрестностей и поддержания порядка. В действительности благие намерения были лишь поводом хотя бы изредка сбегать от семьи, дабы покутить вечерком в сугубо мужской компании. Безоблачная жизнь заканчивается в тот момент, когда соседский дозор случайно узнаёт о заговоре с целью уничтожить мир.";"['фантастика', 'комедия']";['США'];"[1096251, 'Акива Шаффер']";"[[9208, 'Бен Стиллер'], [7886, 'Винс Вон'], [581340, 'Джона Хилл'], [916137, 'Ричард Айоади'], [572289, 'Розмари ДеУитт'], [565081, 'Уилл Форте'], [2277574, 'Эрин Мориарти'], [460529, 'Николас Браун'], [14108, 'Р. Ли Эрми'], [2668, 'Билли Крудап']]";5.904;5.7;5.2;68000000$;Дружинники;Исторический;Боевик (Экшен);Военные события;Новинки (2020–2025);5.904;5.7;4.1;DB & CSV
161104;Тарас Бульба;Taras Bulba;2009;18;131;https://image.openmoviedb.com/kinopoisk-images/1704946/b67d4f21-f4c0-49d7-9d9c-205598d1afd2/600x900;"Действие разворачивается в сложный период истории казачества, когда запорожцы боролись с Речью Посполитой. В пучине этих событий глубокую личную драму переживает казак Тарас Бульба: его младший сын, Андрий, полюбил прекрасную дочь польского воеводы и хочет бежать из Сечи. Раздираемый чувством и долгом Тарас объявляет сыну последнюю родительскую волю…";"['боевик', 'драма', 'военный', 'история']";['Россия'];"[256810, 'Владимир Бортко']";"[[25255, 'Богдан Ступка'], [231397, 'Игорь Петренко'], [432301, 'Владимир Вдовиченков'], [34768, 'Магдалена Мельцаж'], [269826, 'Любомирас Лауцявичюс'], [257042, 'Ада Роговцева'], [238512, 'Михаил Боярский'], [37387, 'Сергей Дрейден'], [75797, 'Юрий Беляев'], [281297, 'Лесь Сердюк']]";6.66;5.7;6.2;15700000$;Тарас Бульба;Исторический;Военный;Военные события;Современное кино (2000–2020);6.66;5.7;0;DB & CSV
1044981;Рождённый стать королём;;2019;6;120;https://image.openmoviedb.com/kinopoisk-images/1898899/aae6fd33-97a1-4bda-9740-fee65b3d74fe/600x900;"В руках Алекса, обыкновенного британского школьника, оказывается мифический меч Экскалибур. Теперь парню и его друзьям предстоит сразиться со средневековой злодейкой по имени Моргана, которая изо всех сил пытается уничтожить мир.";"['фэнтези', 'боевик', 'приключения', 'семейный']";"['Великобритания', 'США']";"[394395, 'Джо Корниш']";"[[4521458, 'Луис Эшборн Серкис'], [749016, 'Дениз Гоф'], [4757307, 'Дин Чауму'], [3833732, 'Том Тейлор'], [4757306, 'Рианна Доррис'], [1485845, 'Нэйтан Стюарт-Джарретт'], [40419, 'Нома Думезвени'], [498650, 'Ребекка Фергюсон'], [1076722, 'Марк Боннар'], [1532136, 'Энгус Имри']]";5.919;6.1;6.3;59000000$;Рожденный стать королем;Исторический;Драма;Эпические саги;Новинки (2020–2025);5.919;6.1;6.9;DB & CSV
46017;Баллада о доблестном рыцаре Айвенго;;1982;16;92;https://image.openmoviedb.com/kinopoisk-images/1599028/cc553265-37c9-4f8c-96b1-4fe1ab2d3cc9/600x900;"Баллада о доблестном рыцаре Айвенго — это одна из величайших приключенческих историй всех времен. Рыцарь Айвенго возвращается с крестового похода и пытается восстановить свою честь, права на свое наследство и добиться руки своей возлюбленной.  Эта историко-приключенческая сага о благородном рыцаре, который оказывается вовлеченным в яростную борьбу за английский трон между принцем Джоном и его братом королем Ричардом.";"['мелодрама', 'приключения']";['СССР'];"[256989, 'Сергей Тарасов']";"[[280804, 'Петерис Гаудиньш'], [266123, 'Тамара Акулова'], [266180, 'Борис Химичев'], [277519, 'Леонид Кулагин'], [270895, 'Ромуальд Анцанс'], [185689, 'Борис Хмельницкий'], [298328, 'Юрий Смирнов'], [122791, 'Александр Филиппенко'], [297899, 'Витаутас Томкус'], [301421, 'Альгимантас Масюлис']]";7.311;6.8;7.1;;Баллада о доблестном рыцаре Айвенго;Исторический;Приключения;Эпические саги;Классика (до 2000 года);7.311;6.8;0;DB & CSV
588839;Помпеи;;2014;18;105;https://image.openmoviedb.com/kinopoisk-images/9784475/6d794b5f-b072-4336-8ba4-0a9142f40b6d/600x900;"История любви раба Майло и благородной Кассии, обрученной с римским сенатором, на фоне извержения Везувия, которое навсегда стерло с лица земли древнеримский город Помпеи.";"['боевик', 'драма', 'мелодрама', 'приключения']";"['США', 'Канада', 'Германия', 'Великобритания']";"[38548, 'Пол У. С. Андерсон']";"[[1739589, 'Кит Харингтон'], [32615, 'Эмили Браунинг'], [39919, 'Адевале Акинойе-Агбаже'], [7131, 'Кифер Сазерленд'], [6226, 'Кэрри-Энн Мосс'], [1402, 'Джаред Харрис'], [745746, 'Джессика Лукас'], [61647, 'Карри Грэм'], [12782, 'Джо Пинг'], [481563, 'Саша Ройз']]";6.176;5.5;5.4;100000000$;Помпеи;Исторический;Боевик (Экшен);Эпические саги;Современное кино (2000–2020);6.176;5.5;4.4;DB & CSV
45609;В начале славных дел;;1980;12;138;https://image.openmoviedb.com/kinopoisk-images/6201401/d452c8d7-d6be-44c4-947c-169cc819abf9/600x900;"В конце XVII века Россия терпела убытки в торговле, потому что не имела выхода к морю. Юный российский самодержец Петр I начинает строительство флота. Тем временем, среди бояр зреет недовольство молодым монархом.";"['драма', 'история']";"['СССР', 'Германия (ГДР)']";"[220513, 'Сергей Герасимов']";"[[269781, 'Дмитрий Золотухин'], [220509, 'Тамара Макарова'], [185619, 'Наталья Бондарчук'], [238539, 'Николай Ерёменко мл.'], [307386, 'Михаил Ножкин'], [318086, 'Петер Ройссе'], [297881, 'Эдуард Бочаров'], [298011, 'Любовь Полехина'], [269650, 'Любовь Германова'], [301214, 'Анатолий Баранцев']]";8.407;7.4;7.9;;В начале славных дел;Исторический;Драма;Эпические саги;Классика (до 2000 года);8.407;7.4;0;DB & CSV
44893;Конец атамана;;1970;18;;https://image.openmoviedb.com/kinopoisk-images/10812607/ebac37fa-40e6-43e9-a18c-d3679b0de3da/600x900;"Казахстан, 20-е годы. Чекисты разрабатывают операцию по ликвидации войск белоказачьего атамана Дутова. По заданию ЧК бывший князь, племянник одного из заместителей Дутова, а ныне начальник уездной милиции Чадьяров переходит на сторону белых, и появляется в штабе атамана.  Его неоднократно проверяет и испытывает начальник дутовской контрразведки поп Иона. Каждый раз Чадьяров выигрывает опасный поединок. В конце концов он завоевывает доверие у самого Дутова. И теперь он приступает к выполнению своего боевого задания...";['драма'];['СССР'];"[335926, 'Шакен Айманов']";"[[303905, 'Асанали Ашимов'], [192779, 'Виктор Авдюшко'], [325775, 'Геннадий Юдин'], [116876, 'Юрий Саранцев'], [174306, 'Владимир Гусев'], [190103, 'Владислав Стржельчик'], [298103, 'Борис Иванов'], [298558, 'Нурмухан Жантурин'], [595803, 'Алтынай Елеуова'], [290095, 'Нуржуман Ихтымбаев']]";6.938;7.0;7.0;;Конец атамана;Исторический;Военный;Военные события;Новинки (2020–2025);6.938;7;0;DB & CSV
925176;Зима в огне;Winter on Fire;2015;;102;https://image.openmoviedb.com/kinopoisk-images/1946459/82652cd4-3e10-44d0-b4ac-dd17bcda3e53/600x900;Мирные демонстрации студентов в Украине за 93 дня переросли в насильственную революцию и полноценное движение за гражданские права.;"['документальный', 'военный', 'история']";"['Великобритания', 'Украина', 'США']";"[245723, 'Евгений Афинеевский']";"[[3690980, 'Мустафа Найем'], [1281600, 'Руслана Лыжичко'], [564018, 'Тимур Ибраимов'], [3689520, 'Владимир Макаревич'], [3690986, 'Диана Попова'], [4069756, 'Роман Савельев'], [4249157, 'Тарас Сыч'], [4249138, 'Сергей Аверченко'], [3193373, 'Богдан Дубас'], [3690981, 'Кристина Бердинских']]";6.783;8.3;7.5;;Зима в огне;Исторический;Военный;Военные события;Современное кино (2000–2020);6.783;8.3;7.5;DB & CSV
1066106;Первый король Рима;Romulus & Remus: The First King;2019;18;123;https://image.openmoviedb.com/kinopoisk-images/1600647/d3d38008-2a2e-497b-8652-4e05cf31792e/600x900;"Ромул и Рем, два брата-пастуха, отправляются в путешествие, после которого один из них станет основателем самой великой нации, а другой погибнет от рук родного брата.";"['драма', 'история', 'боевик', 'приключения']";"['Италия', 'Бельгия']";"[1157529, 'Маттео Ровере']";"[[1818134, 'Алессандро Борги'], [4431886, 'Алессио Лапиче'], [21954, 'Фабрицио Ронджоне'], [896673, 'Массимилиано Росси'], [1799428, 'Таня Гаррибба'], [1473771, 'Майкл Скерми'], [253263, 'Макс Малатеста'], [2396159, 'Винченцо Пирротта'], [3096680, 'Винченцо Креа'], [1693230, 'Лоренцо Глейджесес']]";6.018;6.5;6.3;;Первый король Рима;Исторический;Боевик (Экшен);Эпические саги;Современное кино (2000–2020);6.018;6.5;0;DB & CSV
497897;Принцесса де Монпансье;;2010;18;139;https://image.openmoviedb.com/kinopoisk-images/1599028/be1ed171-99b6-4783-ae10-37a804a4f4da/600x900;"1562 г., Францией управляет Карл IX, в стране бушуют религиозные войны... Мари де Мезьер, одна из самых богатых наследниц королевства, любит молодого герцога де Гиза, позже получившего прозвище «Меченый», и он, как ей кажется, разделяет ее чувство. Однако отец девушки, маркиз де Мезьер, стремится возвысить свою семью, и отдает дочь замуж за принца Монпансье, которого она даже не знает. Карл IX вызывает принца присоединиться к нему в борьбе с протестантами.  Франция охвачена огнем войны, и Монпансье отправляет свою молодую жену в отдаленный замок Шампиньи в сопровождении графа де Шабанна. Он поручает графу, своему бывшему наставнику и другу, завершить воспитание молодой принцессы, чтобы однажды она могла предстать при дворе. Мари старается забыть страсть, которую она по-прежнему питает к Гизу. Обстоятельства складываются таким образом, что Гиз и герцог Анжуйский, будущий король Генрих III, приезжают в Шампиньи, в то время как там находится Монпансье. Герцог Анжуйский, как и граф де Шабанн, влюбляется в принцессу… Мари становится предметом опасного и жестокого соперничества.";"['драма', 'мелодрама', 'история']";"['Франция', 'Германия', 'Бельгия']";"[46748, 'Бертран Тавернье']";"[[69088, 'Мелани Тьерри'], [22343, 'Ламбер Вильсон'], [51963, 'Гаспар Ульель'], [227436, 'Грегуар Лепренс-Ренге'], [466558, 'Рафаэль Персона'], [19497, 'Мишель Вюйермоз'], [11673, 'Филипп Маньян'], [75552, 'Флоранс Томассен'], [423184, 'Кристин Брюше'], [44983, 'Эвелина Мегханги']]";6.347;6.5;6.6;;Принцесса де Монпансье;Исторический;Мелодрама;Военные события;Современное кино (2000–2020);6.347;6.5;7;DB & CSV
66390;Фараон;;1966;12;184;https://image.openmoviedb.com/kinopoisk-images/1629390/b19fcdad-9775-47f1-a380-64947905dbd1/600x900;"На заре цивилизации, когда Древний Египет еще правил миром, люди любили и боролись за власть также, как и в наши дни. Фараоны уже не так всесильны, как раньше, их казна пуста, а сокровищницы жрецов ломятся от золота. Любовь и ненависть сжигают сердца юного фараона Рамзеса XIII, бесстрашного воина и пылкого влюбленного. Любовь к двум женщинам не приносит ему счастья. Сын от еврейки Сары не может стать наследником трона, жрица Кама не имеет права на плотскую любовь. Главная его страсть — ненависть к касте всемогущих жрецов. Он хочет наступить на горло их власти. Но смерть ждет тех, кто пойдет против них. Верховный жрец Херхор готовит двойника Рамзеса для убийства и замены подлинного фараона…";"['драма', 'приключения', 'история']";['Польша'];"[269502, 'Ежи Кавалерович']";"[[281781, 'Ежи Зельник'], [340071, 'Веслава Мазуркевич'], [251025, 'Барбара Брыльска'], [192778, 'Кристина Миколаевска'], [413453, 'Эва Кшижевска'], [495512, 'Петр Павловский'], [495506, 'Лешек Хердеген'], [205185, 'Станислав Мильский'], [322400, 'Казимеж Опалиньский'], [309149, 'Мечислав Войт']]";7.573;7.3;7.4;;Фараон;Исторический;Драма;Эпические саги;Классика (до 2000 года);7.573;7.3;0;DB & CSV
33444;Огнем и мечом;;1999;16;204;https://image.openmoviedb.com/kinopoisk-images/1777765/6845a38e-6116-465c-967e-4233fa3acabe/600x900;"XVII век. Речь Посполита объята огнем, спровоцированным ссорой православного полковника Богдана Хмельницкого с паном Чаплинским, который запорол насмерть сына полковника. Оскорбленный Хмельницкий поднял Запорожскую Сечь, призвал крымских татар под предводительством Туган-бея, разбил войска короля Владислава.  На фоне диких грабежей, погромов, грандиозных батальных сцен благородный шляхтич Скшетуский и жестокий казацкий атаман Богун добиваются любви красавицы-полячки…";"['драма', 'мелодрама', 'приключения', 'военный', 'история']";['Польша'];"[284023, 'Ежи Гоффман']";"[[38083, 'Михал Жебровский'], [248308, 'Александр Домогаров'], [10308, 'Изабелла Скорупко'], [243998, 'Кшиштоф Ковалевский'], [25255, 'Богдан Ступка'], [81525, 'Анджей Северин'], [38095, 'Збигнев Замаховский'], [282123, 'Виктор Зборовский'], [284025, 'Войчех Малайкат'], [133191, 'Эва Вишневская']]";7.873;7.0;7.4;8000000$;Огнем и мечом;Исторический;Военный;Военные события;Классика (до 2000 года);7.873;7;0;DB & CSV
935852;Врач;;2015;18;106;https://image.openmoviedb.com/kinopoisk-images/1629390/1f9bc722-4675-46fa-b05f-0d14ed0f3ab1/600x900;"Юрий Михайлович работает нейрохирургом в городской больнице. Его день состоит из операций, осмотров больных, попыток выбить квоты на размещение пациентов. Каждый день он оглашает людям страшные диагнозы и, словно мольбы о помиловании, выслушивает вопросы о том, есть ли хоть какая-нибудь надежда.  Его преследует один страшный образ – человека, обреченного на неподвижную и бессмысленную жизнь в состоянии «овоща». Этих несчастных людей он тоже вынужден наблюдать едва ли не каждый день. Выглядит так, будто он спасает им жизнь, но он понимает, что лишь растягивает во времени их умирание. Ему невыносимо думать, что такое может случиться и с ним самим. И он говорит своей подруге: «Если со мной что-то случится, убей меня! Просто введи по вене инсулин 400 единиц и все! Если любишь - убей!»";['драма'];['Россия'];"[231278, 'Гоша Куценко']";"[[231278, 'Гоша Куценко'], [464039, 'Мария Порошина'], [75073, 'Александр Яцко'], [75866, 'Юрий Кузнецов'], [110814, 'Анна Михалкова'], [3914351, 'Виктория Корлякова'], [245728, 'Алёна Хмельницкая'], [294290, 'Любовь Руденко'], [245734, 'Олеся Железняк'], [269493, 'Инна Пиварс']]";6.188;6.2;6.2;;Врач;Исторический;Приключения;Эпические саги;Современное кино (2000–2020);6.188;6.2;0;DB & CSV
474;Гладиатор;Gladiator: 10th Anniversary Extended Remastered Edition;2000;18;155;https://image.openmoviedb.com/kinopoisk-images/1599028/7c3460dc-344d-433f-8220-f18d86c8397d/600x900;"Римская империя. Бесстрашного и благородного генерала Максимуса боготворят солдаты, а старый император Марк Аврелий безгранично доверяет ему и относится как к сыну. Однако опытный воин, готовый сразиться с любым противником в честном бою, оказывается бессильным перед коварными придворными интригами. Коммод, сын Марка Аврелия, убивает отца, который планировал сделать преемником не его, а Максимуса, и захватывает власть. Решив избавиться от опасного соперника, который к тому же отказывается присягнуть ему на верность, Коммод отдаёт приказ убить Максимуса и всю его семью. Чудом выжив, но не сумев спасти близких, Максимус попадает в плен к работорговцу, который продаёт его организатору гладиаторских боёв Проксимо. Так легендарный полководец становится гладиатором. Но вскоре ему представится шанс встретиться со своим смертельным врагом лицом к лицу.";"['история', 'боевик', 'драма', 'приключения']";"['США', 'Великобритания', 'Мальта', 'Марокко']";"[10015, 'Ридли Скотт']";"[[10019, 'Рассел Кроу'], [10020, 'Хоакин Феникс'], [7988, 'Конни Нильсен'], [10021, 'Оливер Рид'], [10022, 'Ричард Харрис'], [10023, 'Дерек Джекоби'], [10024, 'Джимон Хонсу'], [10025, 'Дэвид Скофилд'], [10026, 'Джон Шрэпнел'], [2979, 'Томас Арана']]";8.589;8.5;8.2;103000000$;Гладиатор;Исторический;Боевик (Экшен);Эпические саги;Современное кино (2000–2020);8.589;8.5;7.4;DB & CSV
22160;Фаренгейт 9/11;Fahrenheit 9-11;2004;16;122;https://image.openmoviedb.com/kinopoisk-images/1599028/41925c40-6f7e-454d-9ee4-bc7a0c2766cf/600x900;"Исследование причастности Джорджа Буша к трагедии 11 сентября. Режиссёр расследует тесные связи, существовавшие между двумя «кланами», двумя поколениями Бушей и бен Ладенов. Автор также утверждает, что Джорджа Буша-старшего и отца Усамы бен Ладена связывали давние прочные деловые отношения.";"['документальный', 'драма', 'военный']";['США'];"[6483, 'Майкл Мур']";"[[10620, 'Бен Аффлек'], [46685, 'Стиви Уандер'], [109740, 'Джеймс Бэйкер III'], [566036, 'Ричард Гепхардт'], [567956, 'Том Дэшл'], [1076958, 'Джеффри Тубин'], [1544, 'Эл Гор'], [567958, 'Кондолиза Райс'], [567967, 'Дональд Рамсфельд'], [421628, 'Рики Мартин']]";7.73;7.5;7.5;6000000$;Фаренгейт 9/11;Исторический;Военный;Военные события;Современное кино (2000–2020);7.73;7.5;7.4;DB & CSV
420660;Генрих Наваррский;;2010;18;155;https://image.openmoviedb.com/kinopoisk-images/1599028/3ab9371b-7811-4050-9dc9-11e6f0cfc798/600x900;"После смерти матери королем Наварры провозглашается Генрих, и вскоре он женится на Маргарите Валуа, известной как «королева Марго». Брак этот политический и имеет целью примирение католической и протестантской партий, которые ведут кровавую борьбу за землю и власть.  Свадьбу празднуют несколько дней, которые заканчиваются жестокой расправой над протестантами – Варфоломеевской ночью. Генриху удается спастись, приняв католицизм, после чего он почти 4 года остается пленником при французском дворе. В феврале 1576, после побега на юг, Генрих возвращается к протестантству. В народной памяти Генрих IV остался как «добрый король Анри».";"['драма', 'история']";"['Германия', 'Франция', 'Австрия', 'Испания']";"[407218, 'Йо Байер']";"[[231336, 'Жюльен Буасселье'], [57257, 'Йоахим Круль'], [228430, 'Андреас Шмидт'], [234540, 'Рохер Касамахор'], [47344, 'Армель Дойч'], [1288794, 'Хлоя Стефани'], [1343, 'Свен Пиппиг'], [843160, 'Сандра Хюллер'], [58515, 'Ханнелоре Хогер'], [17971, 'Ульрих Нётен']]";6.588;5.8;6.2;20000000€;Генрих Наваррский;Исторический;Драма;Военные события;Классика (до 2000 года);6.588;5.8;0;DB & CSV
518192;Аббатство Даунтон;Downton Abbey: The Series;2010;18;;https://image.openmoviedb.com/kinopoisk-images/1629390/cf350a22-5464-40ed-9530-e06b4f99dd27/600x900;"1912 год. Англия. Наследник титула графа Грэнтэма, живущего с семьей в своем родовом имении Даунтон, погибает на «Титанике». Семья ожидает, что теперь, когда наследников мужского пола не осталось, владения и капитал семьи после смерти графа перейдут к его старшей дочери. Но граф, отдавший всю свою жизнь своему поместью, отказывается отстаивать права юной Мэри, считая, что все, включая немалый капитал его жены, должно отойти к наследнику его графского титула, безвестному дальнему родственнику...";"['драма', 'мелодрама', 'история']";['Великобритания'];"[906684, 'Брайан Персивал']";"[[210, 'Хью Бонневилль'], [48130, 'Элизабет Макговерн'], [1067193, 'Мишель Докери'], [10827, 'Джим Картер'], [67138, 'Брендан Койл'], [1124783, 'Джоэнн Фрогатт'], [2280313, 'Лаура Кармайкл'], [1909085, 'Джессика Браун-Финдли'], [20620, 'Мэгги Смит'], [603498, 'Дэн Стивенс']]";8.534;8.7;8.6;;Аббатство Даунтон;Исторический;Драма;Эпические саги;Современное кино (2000–2020);8.534;8.7;0;DB & CSV
589176;Королевство викингов;;2013;;114;https://image.openmoviedb.com/kinopoisk-images/1946459/69690c0f-c896-432e-ac90-c20d891fab1b/600x900;"Воин, пытающийся забыть жестокость своего прошлого, вынужден вновь взять в руки меч, чтобы сразиться с невообразимой силы божеством.";"['приключения', 'фэнтези', 'боевик']";"['США', 'Малайзия']";"[754177, 'Исри Абдул Халим']";"[[35901, 'Доминик Пёрселл'], [23456, 'Наташа Мальте'], [97345, 'Крэйг Фэйрбрасс'], [565272, 'Джон Фу'], [737539, 'Конан Стивенс'], [160480, 'Патрик Мюррэй'], [1478174, 'Джон Рейнольдс'], [2640203, 'Тим П. Дугти'], [2353503, 'Брюс Блэйн'], [2181270, 'Пол Хашам']]";3.941;3.3;3.6;15600000$;Королевство викингов;Исторический;Боевик (Экшен);Эпические саги;Современное кино (2000–2020);3.941;3.3;0;DB & CSV
844118;Легенда о Коловрате;Kolovrate;2017;12;117;https://image.openmoviedb.com/kinopoisk-images/1946459/23824e6f-bdf1-4e13-802a-06a1d0095fbb/600x900;"XIII век. Русь раздроблена и вот-вот падёт на колени перед ханом Золотой Орды Батыем. Испепеляя города и заливая русские земли кровью, захватчики не встречают серьёзного сопротивления, и лишь один воин бросает им вызов. Молодой рязанский витязь Евпатий Коловрат возглавляет отряд смельчаков, чтобы отомстить за свою любовь и за свою родину. Его отвага поразит даже Батыя, а его имя навсегда останется в памяти народа. Воин, ставший легендой. Подвиг, сохранившийся в веках.";"['история', 'боевик', 'фэнтези']";['Россия'];"[224398, 'Джаник Файзиев']";"[[3900305, 'Илья Малаков'], [2986984, 'Александр Цой'], [1618898, 'Александр Ильин мл.'], [2807132, 'Юлия Хлынина'], [916094, 'Тимофей Трибунцев'], [251184, 'Алексей Серебряков'], [572987, 'Игорь Савочкин'], [4146923, 'Полина Чернышова'], [4026032, 'Илья Антоненко'], [281101, 'Георгий Пицхелаури']]";7.102;6.1;6.6;360000000₽;Легенда о Коловрате;Исторический;Боевик (Экшен);Эпические саги;Современное кино (2000–2020);7.102;6.1;0;DB & CSV
46480;Новый Вавилон;The New Babylon;1929;12;120;https://image.openmoviedb.com/kinopoisk-images/1704946/0a45468e-657a-47aa-b250-fb21fce17af0/600x900;"Фильм представляет собой историческую фреску, поэтичными и гротескными красками рисующую социальную жизнь Франции 70-х годов XIX века. Юная продавщица Луиза, стаявшая за прилавком огромного парижского магазина «Новый Вавилон», приходит на баррикады Парижской коммуны, а её возлюбленный, солдат Жан, изменяет себе и становится в ряды карателей...";"['драма', 'история']";['СССР'];"[337382, 'Григорий Козинцев']";"[[363506, 'Давид Гутман'], [273116, 'Елена Кузьмина'], [340921, 'Андрей Костричкин'], [359689, 'Софья Магарилл'], [220225, 'Арнольд Арнольд'], [220513, 'Сергей Герасимов'], [359667, 'Евгений Червяков'], [333185, 'Петр Соболевский'], [214710, 'Янина Жеймо'], [313604, 'Олег Жаков']]";7.095;7.2;7.1;;Новый Вавилон;Исторический;Драма;Военные события;Классика (до 2000 года);7.095;7.2;0;DB & CSV
665337;Войско Мын Бала;;2012;12;133;https://image.openmoviedb.com/kinopoisk-images/10893610/494c30d9-c9b5-4625-9d2d-d299d02115cd/600x900;"Первая половина XVIII века, переломная эпоха казахской истории. В кровопролитной войне с джунгарами единство и героизм казахского народа становятся решающей силой на пути к обретению свободы.";"['военный', 'драма', 'приключения', 'история']";['Казахстан'];"[1063440, 'Акан Сатаев']";"[[2804436, 'Асылхан Толепов'], [2804435, 'Аян Утепберген'], [2791496, 'Куралай Анарбекова'], [2705470, 'Тлектес Мейрамов'], [317982, 'Толеубек Аралбай'], [1509946, 'Эдуард Ондар'], [1615621, 'Нурлан Алимжанов'], [3122893, 'Даурен Сергазин'], [3122898, 'Артур Толепов'], [3122899, 'Айдос Акмырзаев']]";7.127;6.5;6.8;10000000$;Войско Мын Бала;Исторический;Военный;Военные события;Современное кино (2000–2020);7.127;6.5;0;DB & CSV
77448;Новый Свет;;2005;12;135;https://image.openmoviedb.com/kinopoisk-images/1777765/56e17340-3136-4d18-9bd3-8ef3ebf47592/600x900;"Действие картины разворачивается в Америке XVII века, в поселении Джеймстаун. Главные герои фильма — исследователь Джон Смит и молодая индейская принцесса Покахонтас, которые полюбили друг друга, несмотря на то, что между индейцами и британцами разгорается серьезный политический конфликт…";"['драма', 'мелодрама', 'биография', 'история']";"['США', 'Великобритания']";"[20079, 'Терренс Малик']";"[[373, 'Колин Фаррелл'], [21495, 'Кристиан Бэйл'], [8955, 'К’Орианка Килчер'], [14847, 'Кристофер Пламмер'], [26959, 'Уэс Стьюди'], [14362, 'Дэвид Тьюлис'], [7227, 'Ноа Тейлор'], [9330, 'Бен Чаплин'], [15074, 'Джонатан Прайс'], [82034, 'Аугуст Шелленберг']]";6.787;6.7;6.8;30000000$;Новый Свет;Исторический;Драма;Эпические саги;Современное кино (2000–2020);6.787;6.7;6.8;DB & CSV
1059;Амистад;;1997;16;155;https://image.openmoviedb.com/kinopoisk-images/1773646/8d5f67c4-7857-4a02-8a18-1e7bfaa938a9/600x900;"Основаный на реальных событиях, фильм повествует о невероятном путешествии рабов африканцев, которые захватывают работорговый корабль «Амистад» и пытаются вернуться на родину. После того как власти наконец арестовывают корабль, рабов отправляют в Соединенные Штаты, где они попадают в тюрьму по обвинению в убийстве. Начинается процесс, затрагивающий основы американского правосудия и привлекающий внимание всей нации. Но для самих подсудимых это прежде всего борьба за свои права и свободу.";"['драма', 'биография', 'история']";['США'];"[22260, 'Стивен Спилберг']";"[[6750, 'Морган Фриман'], [21201, 'Найджел Хоторн'], [8968, 'Энтони Хопкинс'], [10024, 'Джимон Хонсу'], [797, 'Мэттью Макконахи'], [3559, 'Дэвид Пэймер'], [8634, 'Пит Постлетуэйт'], [11661, 'Стеллан Скарсгард'], [14367, 'Разаак Адоти'], [76169, 'Абу Бакаар Фофанах']]";7.22;7.3;7.1;36000000$;Амистад;Исторический;Драма;Культурные драмы;Классика (до 2000 года);7.22;7.3;6.9;DB & CSV
45059;Легенда о Тиле. Фильм первый — Пепел Клааса;;1976;0;156;https://image.openmoviedb.com/kinopoisk-images/1599028/ecefde8f-a013-414e-bc27-05916aef71bc/600x900;"Свободолюбивый и жизнерадостный народ Нидерландов под властью испанского короля. Гонения, пытки, костры инквизации.  Бесстрашному Тилю Уленшпигелю и его неунывающему другу Ламме предстоит пройти множество испытаний, совершить немало подвигов, прежде чем на их родную землю вернется мир.";"['приключения', 'история']";['СССР'];"[272007, 'Александр Алов']";"[[245392, 'Лембит Ульфсак'], [261620, 'Наталья Белохвостикова'], [343964, 'Евгений Леонов'], [231567, 'Михаил Ульянов'], [281399, 'Лариса Малеванная'], [181214, 'Алла Демидова'], [174263, 'Анатолий Солоницын'], [174329, 'Иннокентий Смоктуновский'], [294053, 'Игорь Ледогоров'], [272012, 'Микаэла Дроздовская']]";7.693;7.5;7.6;;Легенда о Тиле. Фильм первый — Пепел Клааса;Исторический;Приключения;Эпические саги;Классика (до 2000 года);7.693;7.5;0;DB & CSV
44899;Конец Санкт-Петербурга;;1927;0;85;https://image.openmoviedb.com/kinopoisk-images/1599028/ecac920f-f46c-4d6e-a02f-b46340fa88ef/600x900;"Нужда приводит деревенского парня на завод, а участие в бунте — в тюрьму. Суровая школа тюрьмы и окопной жизни, общение с революционерами-большевиками открывают глаза бывшему крестьянину — и он в первых рядах солдат и рабочих идет на штурм Зимнего дворца.";"['драма', 'история']";['СССР'];"[201745, 'Всеволод Пудовкин']";"[[221843, 'Вера Барановская'], [220512, 'Александр Чистяков'], [217830, 'Иван Чувелев'], [221844, 'Алексей Давор'], [368941, 'Владимир Фогель'], [221846, 'Александр Громов'], [221847, 'Николай Хмелев'], [221848, 'Сергей Комаров'], [221849, 'Владимир Оболенский'], [201745, 'Всеволод Пудовкин']]";7.124;7.3;7.7;;Конец Санкт-Петербурга;Исторический;Драма;Военные события;Классика (до 2000 года);7.124;7.3;8.6;DB & CSV
40718;Русский бунт;;1999;16;128;https://image.openmoviedb.com/kinopoisk-images/1704946/ef940224-d617-4287-9a39-7fc5f419a296/600x900;"Конец XVIII века. Царствование Екатерины II. В глубокой российской провинции, среди бескрайних уральских степей беглый каторжник Емельян Пугачев объявил себя императором Петром III. Под знамена самозванца встали отряды казаков, беглые крепостные и многие лихие люди. В это смутное время в богом забытой Белогорской крепости юный офицер Петр Гринев встречает свою первую любовь - Машеньку, дочь капитана Миронова.  Безоглядно увлеченные друг другом влюбленные не желали замечать знамений грядущей беды. Они не знали, что вскоре им предстоят тяжкие испытания. Они не могли представить, каким причудливым образом их судьбы переплетутся с судьбой самозваного царя и каких невероятных усилий им будет стоить сохранить свои жизни и чувства в кровавом хаосе беспощадного русского бунта.";"['драма', 'мелодрама']";"['Россия', 'Франция']";"[245665, 'Александр Прошкин']";"[[245669, 'Матеуш Даменцки'], [238715, 'Каролина Грушка'], [733, 'Владимир Машков'], [64250, 'Сергей Маковецкий'], [101753, 'Владимир Ильин'], [75797, 'Юрий Беляев'], [116188, 'Наталья Егорова'], [75866, 'Юрий Кузнецов'], [245670, 'Ольга Антонова'], [245671, 'Юозас Будрайтис']]";6.883;6.5;6.7;;Русский бунт;Исторический;Драма;Военные события;Современное кино (2000–2020);6.883;6.5;0;DB & CSV
3442;Троя;Untitled 'The Illiad' Project;2004;18;163;https://image.openmoviedb.com/kinopoisk-images/1704946/975ba4cc-161d-450b-9f2f-fc26018d36e4/600x900;"1193 год до нашей эры. Парис украл прекрасную Елену, жену царя Спарты Менелая. За честь Менелая вступается его брат – царь Агамемнон. Его армия под предводительством Ахиллеса подошла к Трое и взяла город в кровавую осаду, длившуюся долгих десять лет… Два мира будут воевать за честь и власть. Тысячи умрут за славу. И за любовь нация сгорит дотла.";"['боевик', 'история', 'драма', 'мелодрама']";"['США', 'Мальта', 'Великобритания', 'Болгария']";"[24027, 'Вольфганг Петерсен']";"[[25584, 'Брэд Питт'], [11215, 'Эрик Бана'], [30875, 'Орландо Блум'], [12131, 'Брайан Кокс'], [34754, 'Дайан Крюгер'], [12039, 'Брендан Глисон'], [28092, 'Шон Бин'], [2366, 'Джули Кристи'], [58290, 'Питер О’Тул'], [34225, 'Роуз Бирн']]";8.058;7.3;7.1;175000000$;Троя;Исторический;Военный;Военные события;Современное кино (2000–2020);8.058;7.3;6;DB & CSV
14434;Цареубийца;;1991;12;104;https://image.openmoviedb.com/kinopoisk-images/4774061/c83c1c1c-27db-4c43-96a4-f518d786fb21/600x900;"В ночь с 16 на 17 июля 1918 года в Екатеринбурге без суда и следствия был убит отрекшийся от престола Николай II вместе с женой, дочерьми и неизлечимо больным наследником.  О событиях той страшной ночи спустя несколько десятилетий рассказывает «очевидец» - бывший зэк, а ныне старожил психиатрической больницы, считающий себя цареубийцей.";"['драма', 'история']";"['СССР', 'Великобритания']";"[231407, 'Карен Шахназаров']";"[[14361, 'Малкольм Макдауэлл'], [54829, 'Олег Янковский'], [127995, 'Армен Джигарханян'], [102449, 'Юрий Шерстнев'], [245670, 'Ольга Антонова'], [284181, 'Анжелика Пташук'], [284182, 'Виктор Сеферов'], [280841, 'Дарья Майорова'], [623528, 'Евгения Крюкова'], [284183, 'Алена Теремизова']]";7.543;6.8;7.2;;Цареубийца;Исторический;Триллер;Эпические саги;Новинки (2020–2025);7.543;6.8;0;DB & CSV
667406;Франкофония;;2015;18;88;https://image.openmoviedb.com/kinopoisk-images/1600647/123a435a-52eb-4df9-a91a-997d20fed608/600x900;Судьба уникальной коллекции произведений искусства и исторических реликвий Лувра во время фашистской оккупации.;"['драма', 'история']";"['Франция', 'Германия', 'Нидерланды']";"[37383, 'Александр Сокуров']";"[[70835, 'Луи-До де Ланкесэ'], [1350773, 'Бенджамин Утцерат'], [19605, 'Венсан Немет'], [1378693, 'Джоанна Кортальс Альтс'], [4253734, 'Андрей Челпанов'], [4253735, 'Жан-Клод Каэ'], [37383, 'Александр Сокуров'], [1398441, 'Франсуа Смешны'], [1822651, 'Петер Лонцек'], [4253736, 'Катрин Лимбер']]";6.949;6.6;6.8;;Франкофония;Исторический;Военный;Военные события;Современное кино (2000–2020);6.949;6.6;7;DB & CSV
42586;Илья Муромец;;1956;0;93;https://image.openmoviedb.com/kinopoisk-images/4303601/b0e4aa98-2154-49f1-abe5-7bee1bfe1683/600x900;"Защитник Руси богатырь Илья Муромец по навету бояр попадает в княжеское подземелье. Но когда на родную землю вновь приходит беда, вынужден князь идти на поклон Муромцу и друзьям его — Алеше Поповичу и Добрыне Никитичу.";['фэнтези'];['СССР'];"[185561, 'Александр Птушко']";"[[187234, 'Борис Андреев'], [335900, 'Шукур Бурханов'], [185564, 'Андрей Абрикосов'], [327318, 'Наталья Медведева'], [327515, 'Нинель Мышкова'], [185570, 'Сергей Мартинсон'], [350198, 'Георгий Дёмин'], [201760, 'Александр Шворин'], [342087, 'Владимир Соловьев'], [179790, 'Михаил Пуговкин']]";7.81;5.7;6.8;;Илья Муромец;Исторический;Фэнтези;Эпические саги;Классика (до 2000 года);7.81;5.7;0;DB & CSV
685393;Молот богов;;2013;;99;https://image.openmoviedb.com/kinopoisk-images/1946459/a79ce32b-0021-4cfc-8775-d1fd00469cca/600x900;"Страстный молодой человек превращается в жестокого воина, во время своих путешествий в поисках давно потерянного брата.";"['ужасы', 'боевик']";['Великобритания'];"[1422290, 'Фэррен Блэкберн']";"[[1787222, 'Чарли Бьюли'], [770357, 'Клайв Стэнден'], [17766, 'Джеймс Космо'], [326066, 'Эллиот Кауэн'], [81427, 'Глайнис Барбер'], [466062, 'Айван Кэй'], [1096708, 'Майкл Джибсон'], [673322, 'Гай Флэнеган'], [1682862, 'Тео Барклем-Биггз'], [2849443, 'Александра Доулинг']]";5.12;4.5;4.5;;Молот богов;Исторический;Боевик (Экшен);Военные события;Современное кино (2000–2020);5.12;4.5;4;DB & CSV
197739;Джодха и Акбар;Jodhaa Akbar;2008;16;213;https://image.openmoviedb.com/kinopoisk-images/1946459/f1b1cd3e-bdb5-49ee-87b0-95b934b60eb4/600x900;"Пронзительная история любви одного из самых знаменитых императоров Индии и прекрасной принцессы - эпическая сага времен XVI века. Джалалуддин Мохаммад Акбар (Акбар на арабском означает «великий »), оставивший след в истории как великий могол Акбар - мусульманин. Принцесса Раджпута, Джодха - индуистка. В то время, когда мусульмане и индуисты испытывали глубокую неприязнь друг к другу, их союз был призван не только соединить два сердца, но и две религии.  Но отдаст ли руку своей дочери раджа Бхармал Амер? Да, ведь предложение о браке исходило от него и ради мира в империи завоеватель Акбар принял его. Предполагал ли он, что непокорная и строптивая Джодха станет женщиной всей его жизни, и политический союз перерастет в любовь на всю жизнь...";"['мелодрама', 'история', 'боевик', 'драма']";['Индия'];"[1077, 'Ашутош Говарикер']";"[[19354, 'Ритик Рошан'], [43793, 'Айшвария Рай Баччан'], [475503, 'Сону Суд'], [714956, 'Пунам Синха'], [1085, 'Сухасини Малай'], [1960385, 'Ила Арун'], [255167, 'Раза Мурад'], [1086, 'Кулбхушан Кхарбанда'], [462436, 'Сурендра Пэл'], [1089, 'Раджеш Вивек']]";8.168;7.5;7.7;400000000₹;Джодха и Акбар;Исторический;Мелодрама;Эпические саги;Современное кино (2000–2020);8.168;7.5;7.3;DB & CSV
11600;Королева Марго;;1994;18;161;https://image.openmoviedb.com/kinopoisk-images/1898899/aae6fc6d-bf6b-414c-8c99-8f8754374235/600x900;"Август 1572 года. Францию раздирает религиозная война. Чтобы восстановить мир в стране, прекрасная и гордая принцесса Марго, сестра католического короля Карла IX, должна выйти замуж за протестанта Генриха Наваррского. А после свадьбы произошла кровавая резня Варфоломеевской ночи, организованная жестокой и коварной Екатериной Медичи.  Погибли тысячи протестантов, а один из них, тяжело раненный дворянин по имени Ла Моль, в отчаянной попытке спасти свою жизнь постучался в дверь Марго.";"['драма', 'мелодрама', 'биография', 'история']";"['Франция', 'Германия', 'Италия']";"[52278, 'Патрис Шеро']";"[[86847, 'Изабель Аджани'], [11670, 'Даниель Отой'], [59631, 'Жан-Юг Англад'], [14184, 'Венсан Перес'], [93251, 'Вирна Лизи'], [19468, 'Доминик Блан'], [20018, 'Паскаль Греггори'], [98712, 'Клаудио Амендола'], [105753, 'Мигель Бозе'], [19164, 'Азия Ардженто']]";7.621;7.4;7.1;42000000DEM;Королева Марго;Исторический;Драма;Эпические саги;Классика (до 2000 года);7.621;7.4;6.3;DB & CSV
277327;1612;1612: Chronicles of the dark time;2007;18;140;https://image.openmoviedb.com/kinopoisk-images/10809116/cb8b099c-c18c-4f20-9ee5-f8e18f1585ad/600x900;"После смерти царя Бориса Годунова его вдова и юный наследник Фёдор были убиты. В живых осталась лишь дочь Бориса Годунова Ксения. После того, как восшедший на престол самозванец Лжедмитрий также был убит, в России началась Смута. Бывший свидетелем убийства царской семьи мальчик-холоп Андрейка вырос и повзрослел, но по-прежнему не может забыть красавицу Ксению. Когда только что взявший Андрея в услужение испанский дворянин Альваро Борха погиб в схватке с разбойниками, Андрей решает выдать себя за испанца. Присвоив его одежду и имя, Андрей пытается спасти Ксению Годунову и завоевать её сердце.";"['драма', 'история']";['Россия'];"[251191, 'Владимир Хотиненко']";"[[1573602, 'Петр Кислов'], [224370, 'Артур Смольянинов'], [38083, 'Михал Жебровский'], [1122333, 'Виолетта Давыдовская'], [238532, 'Михаил Пореченков'], [75869, 'Андрей Федорцов'], [56447, 'Александр Балуев'], [101776, 'Марат Башаров'], [253019, 'Рамон Ланга'], [464157, 'Дмитрий Мухамадеев']]";6.039;5.6;5.8;12000000$;1612: Хроники Смутного времени;Исторический;Военный;Военные события;Современное кино (2000–2020);6.039;5.6;0;DB & CSV
88123;Битва у Красной скалы;Red Cliff: Part 1;2008;16;148;https://image.openmoviedb.com/kinopoisk-images/1773646/177c128f-2d0c-4cd4-8dc9-11669525bd0d/600x900;"Древний Китай, 208 год. Хитроумный премьер-министр, а фактически правитель империи, Цао Цао убеждает нерешительного императора начать войну с двумя независимыми царствами под предлогом объединения Китая. Миллионная армия легко разбивает немногочисленные отряды царства Шу и запирает остатки войска в цитадели у Красной Скалы, не оставив им другого выбора, как обратиться за подмогой к правителю царства Восточный У, послав туда военного советника Лян Чжугэ. Ему удается убедить правителя царства послать на помощь осажденным армию, возглавляемую вице-правителем Чжоу Юем. И теперь неясно, сможет ли грубая сила одолеть мужество и хитрость.";"['военный', 'история', 'биография', 'боевик', 'драма']";"['Китай', 'Гонконг', 'Япония', 'Тайвань', 'Корея Южная']";"[30729, 'Джон Ву']";"[[16904, 'Тони Люн Чу-Вай'], [83574, 'Такеши Канеширо'], [115136, 'Чжан Фэнъи'], [10921, 'Чан Чэнь'], [47783, 'Вики Чжао'], [398281, 'Ху Цзюнь'], [1111720, 'Линь Чилин'], [401217, 'Сидо Накамура'], [725289, 'Ю Юн'], [1500912, 'Хоу Юн']]";7.444;7.3;7.3;80000000$;Битва у Красной скалы;Исторический;Военный;Военные события;Современное кино (2000–2020);7.444;7.3;7.2;DB & CSV
3592;Роб Рой;;1995;18;139;https://image.openmoviedb.com/kinopoisk-images/6201401/8da4f9b4-fd96-4dfd-a3f2-c3b77638c593/600x900;"Зима на севере Шотландии очень сурова, и Роб Рой, чтобы обеспечить свой семейный клан, вынужден просить денег у не слишком благородного маркиза Монтерозского. Однако, прихвостень маркиза коварно завладевает этими деньгами, и Роб Рой оказывается втянутым в самую опасную схватку в своей жизни.";"['драма', 'приключения', 'биография', 'история']";"['Великобритания', 'США']";"[40511, 'Майкл Кейтон-Джонс']";"[[6534, 'Лиам Нисон'], [21171, 'Джессика Лэнг'], [9331, 'Джон Хёрт'], [2145, 'Тим Рот'], [7350, 'Эрик Столц'], [95061, 'Эндрю Кир'], [12131, 'Брайан Кокс'], [74416, 'Брайан Маккарди'], [77195, 'Гилберт Мартин'], [95062, 'Вики Массон']]";7.19;6.9;6.8;28000000$;Роб Рой;Исторический;Драма;Эпические саги;Классика (до 2000 года);7.19;6.9;6.4;DB & CSV
978547;Король;the king;2017;;134;https://image.openmoviedb.com/kinopoisk-images/1599028/28d53861-b548-4bd5-b156-5e6996f58a3b/600x900;"Детство у молодого прокурора Пак Тхэ-су было трудным, поэтому он ещё мальчиком решил добиться власти и уважения любой ценой. Ради карьеры и высокой должности Пак готов нарушать законы, использовать помощь бандитов и идти на компромиссы с конкурентами. Прежде всего, со своим наставником Хан Ган-щиком — ещё одним молодым и очень амбициозным прокурором.";"['драма', 'криминал']";['Корея Южная'];"[993258, 'Хан Джэ-рим']";"[[484524, 'Чо Ин-сон'], [92360, 'Чон У-сон'], [1966734, 'Пэ Сон-у'], [1086547, 'Ким А-джун'], [3904873, 'Рю Джун-ёль'], [493601, 'Ким И-сон'], [1186776, 'Ким Мин-джэ'], [537379, 'Чон Сон-мо'], [2460362, 'Чон Ын-чхэ'], [3720687, 'Ким Со-джин']]";6.595;6.8;6.8;;Король;Исторический;Военный;Военные события;Современное кино (2000–2020);6.595;6.8;6.9;DB & CSV
13738;Нюрнбергский процесс;Judgement at Nuremberg;1961;12;179;https://image.openmoviedb.com/kinopoisk-images/1704946/3e8bfaa5-6316-4707-b4da-150484a1577b/600x900;"В Нюрнберге идет процесс над нацистскими преступниками. Слушаются дела юристов, служивших нацистскому режиму. Напряженная судебная драма сосредоточена вокруг судебного разбирательства под председательством главного судьи, во время которого главный защитник с помощью откровений одного из подсудимых осознает, что он совершает ошибку, выступая в защиту явных пособников нацизма.";"['драма', 'военный']";['США'];"[187046, 'Стэнли Крамер']";"[[178216, 'Спенсер Трэйси'], [58799, 'Берт Ланкастер'], [3008, 'Максимилиан Шелл'], [91631, 'Ричард Уидмарк'], [2907, 'Марлен Дитрих'], [193882, 'Монтгомери Клифт'], [106063, 'Джуди Гарлэнд'], [3024, 'Уильям Шетнер'], [198520, 'Кэннет МакКенна'], [187381, 'Рэй Тил']]";8.163;8.3;8.1;3000000$;Нюрнбергский процесс;Исторический;Драма;Военные события;Классика (до 2000 года);8.163;8.3;7.9;DB & CSV
40732;Русский ковчег;Russian Ark;2002;0;96;https://image.openmoviedb.com/kinopoisk-images/1629390/4ef278b9-4d3a-45e0-a295-286d84bffdca/600x900;"Человек – наш современник, неожиданно оказывается в Эрмитаже начала 1700 годов, не имея ни малейшего представления о том, как он туда попал. Осматривая залы, он встречает иностранца, в котором угадывает черты известного французского дипломата и путешественника XIX века.  Эти двое путешествуют по времени сквозь 300 лет российской истории, произведения искусства и памятники культуры возвращают их во времена Российской империи.";"['фэнтези', 'драма', 'детектив', 'история']";"['Россия', 'Германия', 'Япония', 'Канада', 'Финляндия', 'Дания']";"[37383, 'Александр Сокуров']";"[[37387, 'Сергей Дрейден'], [37389, 'Леонид Мозговой'], [37392, 'Максим Сергеев'], [37415, 'Наталья Никуленко'], [37411, 'Александр Малныкин'], [37388, 'Мария Кузнецова'], [37427, 'Светлана Свирко'], [37396, 'Владимир Баранов'], [37393, 'Анна Алексахина'], [37390, 'Давид Гиоргобиани']]";7.157;7.2;7.4;4500000$;Русский ковчег;Исторический;Драма;Культурные драмы;Современное кино (2000–2020);7.157;7.2;7.9;DB & CSV
45465;Человек с киноаппаратом;Living Russia;1929;12;68;https://image.openmoviedb.com/kinopoisk-images/10900341/18c15df5-07f0-40b6-a9a1-c1ad6d1fc60f/600x900;"Человек с киноаппаратом снимает людей, места, объекты. Кинокамера является действующим лицом самого процесса съемки: в воздухе, под землей, в самой гуще событий. Киноглаз, который наблюдает, фиксирует малейшие нюансы, не давая оценки, не следуя сценарию.";['документальный'];['СССР'];"[220212, 'Дзига Вертов']";"[[221425, 'Михаил Кауфман'], [221420, 'Пьер Анри'], [221421, 'Найджел Хамберстоун'], [221422, 'Константин Листов'], [221423, 'Майкл Найман'], [220212, 'Дзига Вертов'], [220218, 'Елизавета Свилова'], [221425, 'Михаил Кауфман'], [357332, 'Глеб Троянский'], [220212, 'Дзига Вертов']]";8.479;8.3;8.7;;Человек с киноаппаратом;Исторический;Драма;Культурные драмы;Классика (до 2000 года);8.479;8.3;9.2;DB & CSV
44104;Даурия;;1971;6;172;https://image.openmoviedb.com/kinopoisk-images/1704946/b6d9a33a-16ed-42a1-b9fa-b4f438997c5e/600x900;"Хроника жизни небольшого поселка в Забайкалье накануне первой мировой войны и в годы Октябрьской революции.  Рушатся вековые устои, происходит расслоение масс, в результате которого одни идут воевать за революцию, другие - против нее.  Главный герой - молодой казак Роман Улыбин. Поначалу этот беззаботный сорвиголова занят только одним вопросом: выйдет за него замуж любимая девушка Дашутка или ее отдадут за купеческого сына Алешку. Однако постепенно парень замечает, что мир вокруг изменился, люди воюют за равенство и социальную справедливость, и он, бравый казак, не может остаться в стороне…";"['драма', 'мелодрама', 'приключения', 'история']";['СССР'];"[281139, 'Виктор Трегубович']";"[[174122, 'Виталий Соломин'], [192745, 'Василий Шукшин'], [334556, 'Светлана Головина'], [272016, 'Аркадий Трусов'], [285818, 'Петр Шелохонов'], [287006, 'Вера Кузнецова'], [217301, 'Федор Одиноков'], [290586, 'Любовь Малиновская'], [334557, 'Евгений Малянцев'], [190115, 'Ефим Копелян']]";7.457;7.0;7.2;;Даурия;Исторический;Военный;Военные события;Классика (до 2000 года);7.457;7;0;DB & CSV
17914;Клеопатра;;1963;12;243;https://image.openmoviedb.com/kinopoisk-images/4303601/5fcf4734-a8e5-4bb6-bb8d-e4b7561c54fd/600x900;"Прекрасная Клеопатра, знаменитая царица Египта, готова на все ради сохранения величия своего народа. Соблазняя великих правителей Рима — Цезаря, Марка Антония — она мечтает об объединении Египта и Рима в одну большую империю.";"['биография', 'мелодрама', 'история', 'драма']";"['США', 'Великобритания', 'Швейцария']";"[154900, 'Джозеф Лео Манкевич']";"[[15131, 'Элизабет Тейлор'], [158485, 'Ричард Бёртон'], [172098, 'Рекс Харрисон'], [184840, 'Памела Браун'], [87945, 'Джордж Коул'], [33042, 'Хьюм Кронин'], [174973, 'Чезаре Данова'], [153463, 'Кеннет Хейг'], [95061, 'Эндрю Кир'], [9031, 'Мартин Ландау']]";7.803;7.0;6.9;44000000$;Клеопатра;Исторический;Биографический;Эпические саги;Классика (до 2000 года);7.803;7;5.9;DB & CSV
