Опасное задание,Боевик (Экшен),Криминал,Криминальный,Новинки (2020–2025),4.457,1009137,Beast of Burden,3.6,3.9
Золотой глаз,Боевик (Экшен),Триллер,Шпионский,Классика (до 2000 года),7.034,3556,GoldenEye,7.2,7.1
План побега 3,Боевик (Экшен),Криминал,Криминальный,Современное кино (2000–2020),4.655,1044281,Escape Plan: The Extractors,4.4,0
Никогда не сдавайся 3,Боевик (Экшен),Драма,Другое,Современное кино (2000–2020),6.143,919947,Never Back Down: No Surrender,6.2,0
72 часа,Боевик (Экшен),Военный,Военный,Новинки (2020–2025),7.298,842524,,5.9,0
Миссия: невыполнима,Боевик (Экшен),Триллер,Шпионский,Классика (до 2000 года),7.469,3961,Mission: Impossible,7.2,6.6
Цель вижу,Боевик (Экшен),Военный,Военный,Новинки (2020–2025),5.387,742315,,5.3,0
Люди Икс: Первый класс,Боевик (Экшен),Фантастика,Супергеройский,Современное кино (2000–2020),7.658,462358,X-Men: First Class,7.7,7.4
Джек Райан: Теория хаоса,Боевик (Экшен),Детектив,Шпионский,Современное кино (2000–2020),5.636,462371,Jack Ryan: Shadow Recruit,6.2,5.6
Некуда бежать,Боевик (Экшен),Криминал,Криминальный,Новинки (2020–2025),6.729,9576,Nowhere to Run,5.7,4.2
Кикбоксер,Боевик (Экшен),Драма,Другое,Классика (до 2000 года),7.329,28131,Kickboxer,6.4,4.9
Сердце из стали,Боевик (Экшен),Фантастика,Супергеройский,Современное кино (2000–2020),6.12,988953,Ji qi zhi xue,5.2,3.6
Миссия невыполнима: Племя изгоев,Боевик (Экшен),Триллер,Шпионский,Новинки (2020–2025),7.101,678549,Mission: Impossible - Rogue Nation,7.4,7.5
Погоня,Боевик (Экшен),Криминал,Криминальный,Новинки (2020–2025),5.904,501293,Abduction,5.1,3.3
Ночные ястребы,Боевик (Экшен),Криминал,Криминальный,Классика (до 2000 года),6.596,9190,Nighthawks,6.3,6.2
Идентификация Борна,Боевик (Экшен),Триллер,Шпионский,Современное кино (2000–2020),7.771,619,The Bourne Identity,7.8,7.1
Джанго,Боевик (Экшен),Криминал,Криминальный,Современное кино (2000–2020),7.336,77394,Django,7.2,8
Сломанная стрела,Боевик (Экшен),Военный,Военный,Классика (до 2000 года),6.756,9514,Broken Arrow,6.1,5.6
RRR: Рядом ревет революция,Боевик (Экшен),Исторический,Военный,Новинки (2020–2025),7.992,1115117,RRR,7.8,8.3
Морбиус,Боевик (Экшен),Фантастика,Супергеройский,Новинки (2020–2025),5.616,1100425,Morbius,5.1,3.8
Люди Икс: Начало. Росомаха,Боевик (Экшен),Фантастика,Супергеройский,Современное кино (2000–2020),7.381,104904,X-Men Origins: Wolverine,6.5,5.1
Костолом,Боевик (Экшен),Криминал,Криминальный,Современное кино (2000–2020),7.244,749,Mean Machine,6.4,0
Ягуар,Боевик (Экшен),Криминал,Криминальный,Новинки (2020–2025),7.334,14292,Le jaguar,6,0
Восточный ветер. Великий Ураган,Боевик (Экшен),Приключения,Другое,Новинки (2020–2025),7.984,1341940,Ostwind - Der große Orkan,5.8,0
Враг государства,Боевик (Экшен),Триллер,Шпионский,Классика (до 2000 года),7.822,3954,Enemy of the State,7.3,6.4
Ларго Винч 2: Заговор в Бирме,Боевик (Экшен),Триллер,Шпионский,Современное кино (2000–2020),6.819,464606,Largo Winch II,6.1,0
Супермен 4: В поисках мира,Боевик (Экшен),Фантастика,Супергеройский,Классика (до 2000 года),4.256,1926,Superman IV: The Quest for Peace,3.7,3
Через прицел,Боевик (Экшен),Триллер,Криминальный,Новинки (2020–2025),7.074,4666544,,0,0
Разборки в маленьком Токио,Боевик (Экшен),Криминал,Криминальный,Классика (до 2000 года),7.141,5472,Showdown in Little Tokyo,6.1,4.3
Бесстрашный,Боевик (Экшен),Биографический,Другое,Современное кино (2000–2020),8.047,102161,Huo Yuan Jia,7.6,6.8
Отставник,Боевик (Экшен),Криминал,Криминальный,Новинки (2020–2025),6.101,490287,,4.3,0
Клинч,Боевик (Экшен),Криминал,Криминальный,Новинки (2020–2025),5.059,840020,,5.2,0
Блэйд,Боевик (Экшен),Фэнтези,Супергеройский,Классика (до 2000 года),7.293,4554,Blade,7.1,6
Дневной свет,Боевик (Экшен),Приключения,Другое,Классика (до 2000 года),7.008,5506,Daylight,6,5
Одинок по контракту,Боевик (Экшен),Комедия,Криминальный,Новинки (2020–2025),5.087,803429,,5.5,0
Неудержимые 3,Боевик (Экшен),Криминал,Криминальный,Современное кино (2000–2020),6.136,696813,The Expendables 3,6.1,4.9
Агент Эмерсон,Боевик (Экшен),Триллер,Шпионский,Новинки (2020–2025),0,1039020,Agent Emerson,0,0
Каратель,Боевик (Экшен),Криминал,Криминальный,Современное кино (2000–2020),7.826,978853,The Punisher,8.4,0
Последнее испытание,Боевик (Экшен),Военный,Военный,Новинки (2020–2025),7.322,957914,,4.4,0
Макс Пэйн,Боевик (Экшен),Криминал,Криминальный,Современное кино (2000–2020),6.077,195608,Max Payne,5.3,3.8
Хищники,Боевик (Экшен),Фантастика,Фантастический,Современное кино (2000–2020),6.493,460523,Predators,6.4,5.9
Джон Уик 3,Боевик (Экшен),Криминал,Криминальный,Современное кино (2000–2020),7.037,1009536,John Wick: Chapter 3 - Parabellum,7.4,7.5
Крутой поворот,Боевик (Экшен),Криминал,Криминальный,Современное кино (2000–2020),6.692,279894,The Lucky Ones,6.9,5.1
Агент Ева,Боевик (Экшен),Триллер,Шпионский,Новинки (2020–2025),6.334,1189368,Ava,5.5,4.5
Ганмен,Боевик (Экшен),Криминал,Криминальный,Современное кино (2000–2020),6.019,717310,The Gunman,5.8,4.3
Груз без маркировки,Боевик (Экшен),Криминал,Криминальный,Новинки (2020–2025),6.595,44616,,5.3,0
В западне,Боевик (Экшен),Триллер,Криминальный,Классика (до 2000 года),5.852,1355141,Till Death,5.9,6.6
Бродяга Кэнсин,Боевик (Экшен),Исторический,Другое,Современное кино (2000–2020),8.02,268758,Rurouni Kenshin: Meiji Kenkaku Romantan,8.5,0
Мистер и миссис Смит,Боевик (Экшен),Комедия,Шпионский,Современное кино (2000–2020),7.545,12090,Mr. & Mrs. Smith,6.5,6.1
Перестрелка,Боевик (Экшен),Криминал,Криминальный,Новинки (2020–2025),6.707,844017,Free Fire,6.3,6.5
Братство клинков,Боевик (Экшен),Исторический,Шпионский,Современное кино (2000–2020),6.423,841469,Xiu chun dao,6.6,0
Во власти тигра,Боевик (Экшен),Триллер,Шпионский,Современное кино (2000–2020),6.043,418872,Burning Bright,5.8,0
Красотка на взводе,Боевик (Экшен),Криминал,Криминальный,Новинки (2020–2025),6.345,1262095,Jolt,5.6,4.8
Kingsman: Золотое кольцо,Боевик (Экшен),Комедия,Шпионский,Современное кино (2000–2020),6.966,906654,Kingsman: The Golden Circle,6.7,5.4
Никто,Боевик (Экшен),Криминал,Криминальный,Новинки (2020–2025),7.383,1309596,Nobody,7.4,7
Охота на Санту,Боевик (Экшен),Фэнтези,Фантастический,Новинки (2020–2025),6.201,1331675,Fatman,5.9,5.2
Смертельное оружие,Боевик (Экшен),Криминал,Криминальный,Классика (до 2000 года),7.958,15061,Lethal Weapon,7.6,6.9
Ангелы Чарли,Боевик (Экшен),Комедия,Шпионский,Современное кино (2000–2020),6.581,633,Charlie's Angels,5.6,6.2
Пятерка супергероев,Боевик (Экшен),Фантастика,Супергеройский,Новинки (2020–2025),5.217,741374,Super Buddies,4.2,0
Мэверик,Боевик (Экшен),Военный,Военный,Новинки (2020–2025),8.069,4378,Maverick,7,6
Бой с тенью 3D: Последний раунд,Боевик (Экшен),Драма,Другое,Современное кино (2000–2020),6.38,541055,,5.6,0
Найти и обезвредить,Боевик (Экшен),Криминал,Криминальный,Новинки (2020–2025),7.065,46306,,5.7,0
Лига справедливости Зака Снайдера,Боевик (Экшен),Фантастика,Супергеройский,Новинки (2020–2025),7.806,1387021,Zack Snyder's Justice League,7.9,6.7
Однажды в Мексике: Отчаянный 2,Боевик (Экшен),Криминал,Криминальный,Современное кино (2000–2020),6.944,6829,Once Upon a Time in Mexico,6.3,6.2
Пленница. Побег,Боевик (Экшен),Военный,Военный,Новинки (2020–2025),6.215,633739,Flukt,6.1,0
Право на выстрел,Боевик (Экшен),Криминал,Криминальный,Современное кино (2000–2020),6.537,43216,,6,0
Однажды на Диком Западе,Боевик (Экшен),Исторический,Криминальный,Классика (до 2000 года),7.989,376,C'era una volta il West,8.5,9.1
Джон Уик 4,Боевик (Экшен),Криминал,Криминальный,Новинки (2020–2025),7.615,1267348,John Wick: Chapter 4,7.6,8.2
Кровавый спорт,Боевик (Экшен),Приключения,Криминальный,Классика (до 2000 года),7.336,4777,Bloodsport,6.8,5.1
Сверхлюди,Боевик (Экшен),Фантастика,Супергеройский,Новинки (2020–2025),5.235,843736,Inhumans,4.9,0
Вид на убийство,Боевик (Экшен),Триллер,Шпионский,Классика (до 2000 года),6.791,6915,A View to a Kill,6.3,4.8
Миссия Невыполнима: Протокол Фантом,Боевик (Экшен),Триллер,Шпионский,Современное кино (2000–2020),7.28,472362,Mission: Impossible - Ghost Protocol,7.4,7.7
RRR: Рядом ревёт революция,Боевик (Экшен),Исторический,Военный,Новинки (2020–2025),7.992,1115117,RRR,7.8,8.3
Сильнейший удар: Бой до смерти,Боевик (Экшен),Криминал,Криминальный,Новинки (2020–2025),6.66,5469,Shootfighter: Fight to the Death,5.5,0
Хантер киллер,Боевик (Экшен),Военный,Военный,Современное кино (2000–2020),6.451,589787,Hunter Killer,6.6,4.8
Танго и Кэш,Боевик (Экшен),Криминал,Криминальный,Классика (до 2000 года),7.264,2694,Tango & Cash,6.4,4.4
Люди Икс 2,Боевик (Экшен),Фантастика,Супергеройский,Современное кино (2000–2020),7.56,298,X2,7.4,7.5
Король неба,Боевик (Экшен),Военный,Военный,Новинки (2020–2025),7.074,5106374,Chang kong zhi wang,5.8,5.5
Осада,Боевик (Экшен),Триллер,Военный,Классика (до 2000 года),6.664,7394,The Siege,6.4,5.7
Человек из стали,Боевик (Экшен),Фантастика,Супергеройский,Современное кино (2000–2020),6.936,252667,Man of Steel,7.1,6.2
Связь,Боевик (Экшен),Фантастика,Фантастический,Новинки (2020–2025),6.983,760829,Coherence,7.2,7.3
Тень,Боевик (Экшен),Исторический,Военный,Современное кино (2000–2020),7.338,3509,The Shadow,6.1,4.6
Иллюзия обмана 2,Боевик (Экшен),Криминал,Криминальный,Современное кино (2000–2020),6.804,786958,Now You See Me 2,6.4,4.9
Неудержимые,Боевик (Экшен),Военный,Военный,Современное кино (2000–2020),6.909,432550,The Expendables,6.4,5.3
Чужестранец,Боевик (Экшен),Криминал,Криминальный,Современное кино (2000–2020),7.087,8313,The Stranger,7.3,7.8
Игра без правил,Боевик (Экшен),Криминал,Криминальный,Новинки (2020–2025),6.58,448239,Fair Game,6.8,6.9
Никто не узнает,Боевик (Экшен),Криминал,Криминальный,Новинки (2020–2025),7.562,1114939,,0,0
Охотник,Боевик (Экшен),Военный,Военный,Современное кино (2000–2020),6.824,1138992,Manhunt,7.6,0
ЗащитнеГ,Боевик (Экшен),Драма,Военный,Современное кино (2000–2020),6.733,427138,Defendor,6.7,6.2
Мортал Комбат,Боевик (Экшен),Фэнтези,Фантастический,Новинки (2020–2025),6.167,8062,Mortal Kombat,6.1,5.5
Крепость на колесах,Боевик (Экшен),Фантастика,Фантастический,Новинки (2020–2025),6.805,461755,,0,0
Вышибала,Боевик (Экшен),Криминал,Криминальный,Новинки (2020–2025),6.817,468937,Goon,6.8,6.6
Двойной удар,Боевик (Экшен),Криминал,Криминальный,Классика (до 2000 года),7.019,28130,Double Impact,5.6,4.2
16 кварталов,Боевик (Экшен),Криминал,Криминальный,Современное кино (2000–2020),7.283,101711,16 Blocks,6.6,5.9
Риск без контракта,Боевик (Экшен),Криминал,Криминальный,Новинки (2020–2025),6.586,40720,,6,0
Логан,Боевик (Экшен),Фантастика,Супергеройский,Современное кино (2000–2020),7.671,807682,Logan,8.1,8
Жажда смерти,Боевик (Экшен),Криминал,Криминальный,Классика (до 2000 года),6.603,409171,Death Wish,6.3,4
Три икса: Мировое господство,Боевик (Экшен),Фантастика,Шпионский,Современное кино (2000–2020),5.323,428709,xXx: Return of Xander Cage,5.2,4.9
Миссия: невыполнима 3,Боевик (Экшен),Триллер,Шпионский,Современное кино (2000–2020),7.031,9552,Mission: Impossible III,6.9,6.7
Выбор цели,Боевик (Экшен),Военный,Военный,Новинки (2020–2025),6.45,45961,,6.5,0
Аксель,Боевик (Экшен),Триллер,Шпионский,Новинки (2020–2025),6.089,989641,A-X-L,5.3,3.9
Недруги,Боевик (Экшен),Криминал,Криминальный,Новинки (2020–2025),7.443,963016,Hostiles,7.2,6.8
Специалист,Боевик (Экшен),Криминал,Криминальный,Классика (до 2000 года),6.832,8176,The Specialist,5.6,3.5
Халк,Боевик (Экшен),Фантастика,Супергеройский,Современное кино (2000–2020),6.15,7962,Hulk,5.6,6.3
300 спартанцев: Расцвет империи,Боевик (Экшен),Военный,Военный,Современное кино (2000–2020),6.564,418839,300: Rise of an Empire,6.2,5
Живешь только дважды,Боевик (Экшен),Фантастика,Шпионский,Классика (до 2000 года),7.137,14557,You Only Live Twice,6.8,6.5
Макс Стил,Боевик (Экшен),Фантастика,Супергеройский,Современное кино (2000–2020),5.225,837766,Max Steel,4.6,2.9
Последний бойскаут,Боевик (Экшен),Детектив,Криминальный,Классика (до 2000 года),7.653,3537,The Last Boy Scout,7,5.2
Ип Ман 2,Боевик (Экшен),Биографический,Другое,Современное кино (2000–2020),7.612,450753,Yip Man 2,7.5,6.9
Плохие парни навсегда,Боевик (Экшен),Криминал,Криминальный,Современное кино (2000–2020),6.704,472386,Bad Boys for Life,6.5,6.2
Универсальный солдат,Боевик (Экшен),Фантастика,Фантастический,Классика (до 2000 года),7.042,12363,Universal Soldier,6.1,4.5
Бесстрашная гиена,Боевик (Экшен),Комедия,Другое,Классика (до 2000 года),7.219,19249,Xiao quan guai zhao,6.6,7
Брэк!,Боевик (Экшен),Криминал,Криминальный,Новинки (2020–2025),7.477,46221,,7.2,0
Бэтмен против Супермена: На заре справедливости,Боевик (Экшен),Фантастика,Супергеройский,Современное кино (2000–2020),6.76,770631,Batman v Superman: Dawn of Justice,6.4,5
Правосудие Спенсера,Боевик (Экшен),Криминал,Криминальный,Новинки (2020–2025),6.065,1178062,Spenser Confidential,6.2,4.6
Пипец 2,Боевик (Экшен),Фантастика,Супергеройский,Современное кино (2000–2020),6.212,520648,Kick-Ass 2,6.5,4.9
Миссия: невыполнима 7. Смертельная расплата,Боевик (Экшен),Триллер,Шпионский,Новинки (2020–2025),7.161,1229684,Mission: Impossible - Dead Reckoning,7.6,8
Красное уведомление,Боевик (Экшен),Комедия,Криминальный,Новинки (2020–2025),6.559,1115099,Red Notice,6.3,4.9
Онг Бак,Боевик (Экшен),Криминал,Криминальный,Современное кино (2000–2020),7.302,50534,Ong-bak,7.1,7.1
Первый Мститель: Противостояние,Боевик (Экшен),Фантастика,Супергеройский,Современное кино (2000–2020),7.41,822708,Captain America: Civil War,7.8,7.8
Миссия невыполнима: Последствия,Боевик (Экшен),Триллер,Шпионский,Современное кино (2000–2020),7.325,926540,Mission: Impossible - Fallout,7.7,8.4
Королевская регата,Боевик (Экшен),Приключения,Шпионский,Новинки (2020–2025),7.019,44928,,6.7,0
Кобра,Боевик (Экшен),Криминал,Криминальный,Классика (до 2000 года),6.904,18281,Cobra,5.8,3.4
Трансформеры 2: Месть падших,Боевик (Экшен),Фантастика,Фантастический,Современное кино (2000–2020),7.139,373391,Transformers: Revenge of the Fallen,6,4.1
План побега 2,Боевик (Экшен),Криминал,Криминальный,Современное кино (2000–2020),4.472,1031219,Escape Plan 2: Hades,3.9,2.5
Супермен 3,Боевик (Экшен),Фантастика,Супергеройский,Классика (до 2000 года),5.193,28149,Superman III,5,4.5
Игра смерти,Боевик (Экшен),Криминал,Криминальный,Классика (до 2000 года),8.399,5378717,Ijae, got jukseupnida,8.5,0
Человек из ниоткуда,Боевик (Экшен),Криминал,Криминальный,Современное кино (2000–2020),7.687,484866,Ajeossi,7.7,6.3
Железная хватка,Боевик (Экшен),Криминал,Криминальный,Новинки (2020–2025),7.616,462553,True Grit,7.6,8.3
Белые волки,Боевик (Экшен),Военный,Военный,Новинки (2020–2025),5.905,732531,,0,0
Железный рыцарь 2: Кровная месть,Боевик (Экшен),Фэнтези,Фантастический,Новинки (2020–2025),4.892,683175,Ironclad: Battle for Blood,4.3,3.5
Час пик,Боевик (Экшен),Комедия,Криминальный,Классика (до 2000 года),7.748,6345,Rush Hour,7,6.2
Над законом,Боевик (Экшен),Криминал,Криминальный,Классика (до 2000 года),6.897,21253,Above the Law,6,5.2
Пассажир 57,Боевик (Экшен),Триллер,Криминальный,Классика (до 2000 года),6.638,20990,Passenger 57,5.9,4.5
Хищник 2,Боевик (Экшен),Фантастика,Фантастический,Классика (до 2000 года),6.991,2230,Predator 2,6.3,5
Хитмэн: Агент 47,Боевик (Экшен),Триллер,Шпионский,Современное кино (2000–2020),5.69,737668,Hitman: Agent 47,5.7,3.8
Убить Билла,Боевик (Экшен),Криминал,Криминальный,Современное кино (2000–2020),7.72,2717,Kill Bill: Vol. 1,8.2,7.7
Максимальный риск,Боевик (Экшен),Криминал,Криминальный,Классика (до 2000 года),6.232,4926,Maximum Risk,5.6,4.5
Рэмпейдж,Боевик (Экшен),Фантастика,Фантастический,Современное кино (2000–2020),6.18,666865,Rampage,6.1,5.3
Новый Человек-паук,Боевик (Экшен),Фантастика,Супергеройский,Современное кино (2000–2020),6.938,278217,The Amazing Spider-Man,6.9,6.6
Отмеченный смертью,Боевик (Экшен),Криминал,Криминальный,Классика (до 2000 года),6.743,4060,Marked for Death,5.9,4
Пуля,Боевик (Экшен),Криминал,Криминальный,Новинки (2020–2025),7.926,1111897,,0,0
Черепашки-ниндзя 2,Боевик (Экшен),Фантастика,Супергеройский,Классика (до 2000 года),6.105,841518,Teenage Mutant Ninja Turtles: Out of the Shadows,5.9,4.7
Лицензия на убийство,Боевик (Экшен),Триллер,Шпионский,Классика (до 2000 года),6.919,5970,Licence to Kill,6.7,6.3
Двойной форсаж,Боевик (Экшен),Криминал,Криминальный,Современное кино (2000–2020),7.202,323,2 Fast 2 Furious,5.9,4.8
D.O.A.: Живым или мертвым,Боевик (Экшен),Фантастика,Фантастический,Современное кино (2000–2020),5.763,81885,DOA: Dead or Alive,4.8,4.7
Судный день,Боевик (Экшен),Фантастика,Фантастический,Современное кино (2000–2020),6.211,220594,Doomsday,5.9,5.3
Бэтмен: начало,Боевик (Экшен),Фантастика,Супергеройский,Современное кино (2000–2020),7.931,47237,Batman Begins,8.2,7.7
Нападение на 13-й участок,Боевик (Экшен),Криминал,Криминальный,Современное кино (2000–2020),6.879,77555,Assault on Precinct 13,6.3,5.9
Код Красный,Боевик (Экшен),Триллер,Криминальный,Новинки (2020–2025),7.341,1102365,Red Joan,6.4,5
Допустимые жертвы,Боевик (Экшен),Триллер,Криминальный,Современное кино (2000–2020),6.531,489374,,0,0
Бродяга Кэнсин: Великий киотский пожар,Боевик (Экшен),Исторический,Другое,Современное кино (2000–2020),7.178,779397,Rurouni Kenshin: Kyoto taika-hen,7.5,0
Ронин,Боевик (Экшен),Криминал,Криминальный,Классика (до 2000 года),7.25,5221,Ronin,7.2,6.4
Тайлер Рейк: Операция по спасению 2,Боевик (Экшен),Криминал,Криминальный,Новинки (2020–2025),6.807,1378852,Extraction 2,7,6.7
Детка,Боевик (Экшен),Криминал,Криминальный,Современное кино (2000–2020),6.631,630602,Laggies,6.4,6
Механик: Воскрешение,Боевик (Экшен),Криминал,Шпионский,Современное кино (2000–2020),6.075,837525,Mechanic: Resurrection,5.7,4.5
Рукопашный бой,Боевик (Экшен),Военный,Военный,Современное кино (2000–2020),5.727,702875,Tapped Out,5.3,0
Каменная башка,Боевик (Экшен),Криминал,Криминальный,Современное кино (2000–2020),5.449,357085,,5.7,0
Первый мститель: Противостояние,Боевик (Экшен),Фантастика,Супергеройский,Современное кино (2000–2020),7.41,822708,Captain America: Civil War,7.8,7.8
Восточный Ветер,Боевик (Экшен),Военный,Военный,Новинки (2020–2025),8.362,703187,Ostwind,6.7,0
Миротворец,Боевик (Экшен),Триллер,Шпионский,Классика (до 2000 года),8.004,1421587,Peacemaker,8.3,0
Точка невозврата,Боевик (Экшен),Триллер,Криминальный,Современное кино (2000–2020),6.613,924167,High Wire Act,6.5,6.6
Терминатор 2: Судный день,Боевик (Экшен),Фантастика,Фантастический,Классика (до 2000 года),8.41,444,Terminator 2: Judgment Day,8.6,8.5
Короткометражка Marvel: Агент Картер,Боевик (Экшен),Фантастика,Супергеройский,Современное кино (2000–2020),6.804,781220,Marvel One-Shot: Agent Carter,7.4,0
Ларго Винч: Начало,Боевик (Экшен),Криминал,Криминальный,Современное кино (2000–2020),7.063,274730,Largo Winch,6.4,5
Удар молнии,Боевик (Экшен),Фантастика,Супергеройский,Новинки (2020–2025),7.097,582441,Struck by Lightning,6.2,5.2
На гребне,Боевик (Экшен),Криминал,Криминальный,Классика (до 2000 года),6.434,566273,Drift,6.3,4.5
В смертельной опасности,Боевик (Экшен),Приключения,Военный,Классика (до 2000 года),5.917,4049,On Deadly Ground,4.6,3.5
"Крепкий орешек: Хороший день, чтобы умереть",Боевик (Экшен),Триллер,Криминальный,Современное кино (2000–2020),4.907,500617,A Good Day to Die Hard,5.2,4
Дэдпул,Боевик (Экшен),Фантастика,Супергеройский,Современное кино (2000–2020),7.579,462360,Deadpool,8,7.1
Аппалуза,Боевик (Экшен),Драма,Криминальный,Современное кино (2000–2020),6.584,261661,Appaloosa,6.7,6.7
Возмездие,Боевик (Экшен),Криминал,Криминальный,Новинки (2020–2025),6.872,412258,Edge of Darkness,6.6,5.9
Эйр Америка,Боевик (Экшен),Военный,Военный,Классика (до 2000 года),7.057,15060,Air America,5.8,3.5
Правдивая ложь,Боевик (Экшен),Комедия,Шпионский,Классика (до 2000 года),7.781,2219,True Lies,7.3,6.6
Шальная карта,Боевик (Экшен),Криминал,Криминальный,Современное кино (2000–2020),5.875,666928,Wild Card,5.6,4.9
Временная петля,Боевик (Экшен),Фантастика,Фантастический,Новинки (2020–2025),6.573,313125,Los cronocrímenes,7.1,7.1
Совокупность лжи,Боевик (Экшен),Триллер,Шпионский,Современное кино (2000–2020),7.208,281449,Body of Lies,7,5.9
Манускрипт ниндзя,Боевик (Экшен),Фэнтези,Фантастический,Классика (до 2000 года),7.867,8233,Juubee Ninpuuchou,7.8,7.3
Суперкоманда,Боевик (Экшен),Фантастика,Супергеройский,Новинки (2020–2025),6.102,518094,Metegol,6.4,0
Плохой парень,Боевик (Экшен),Комедия,Криминальный,Классика (до 2000 года),6.742,76557,Nappeun namja,6.6,5.5
Три икса,Боевик (Экшен),Триллер,Шпионский,Современное кино (2000–2020),7.127,6032,xXx,5.8,5.6
Могучие рейнджеры,Боевик (Экшен),Фантастика,Супергеройский,Современное кино (2000–2020),5.553,841627,Power Rangers,5.9,5.3
Не брать живым,Боевик (Экшен),Военный,Военный,Новинки (2020–2025),6.689,278328,Green Zone,6.8,6
Опасный элемент,Боевик (Экшен),Криминал,Криминальный,Новинки (2020–2025),7.254,1045245,Radioactive,6.3,6
Железный Человек: Восстание Техновора,Боевик (Экшен),Фантастика,Супергеройский,Современное кино (2000–2020),5.195,733375,Iron Man: Rise of Technovore,5.2,0
Побег из Лос-Анджелеса,Боевик (Экшен),Фантастика,Фантастический,Классика (до 2000 года),6.364,2906,Escape from L.A.,5.7,5.6
Форсаж 9,Боевик (Экшен),Приключения,Криминальный,Новинки (2020–2025),5.714,964318,F9,5.2,5.7
Лига Справедливости: Трон Атлантиды,Боевик (Экшен),Фантастика,Супергеройский,Современное кино (2000–2020),6.391,841282,Justice League: Throne of Atlantis,6.6,5.3
Красная жара,Боевик (Экшен),Криминал,Криминальный,Классика (до 2000 года),6.767,2697,Red Heat,6.1,5.5
Авангард: Арктические волки,Боевик (Экшен),Приключения,Шпионский,Новинки (2020–2025),6.766,1235260,Ji xian feng,4.7,4.5
Овердрайв,Боевик (Экшен),Криминал,Криминальный,Новинки (2020–2025),6.046,591780,Overdrive,5.4,4.1
Шан-Чи и легенда десяти колец,Боевик (Экшен),Фэнтези,Супергеройский,Новинки (2020–2025),7.303,1219149,Shang-Chi and the Legend of the Ten Rings,7.3,7.5
Люди Икс. Последняя битва,Боевик (Экшен),Фантастика,Супергеройский,Современное кино (2000–2020),7.283,61361,X-Men: The Last Stand,6.6,5.9
На секретной службе ее Величества,Боевик (Экшен),Приключения,Шпионский,Классика (до 2000 года),6.689,22243,On Her Majesty's Secret Service,6.7,6.9
Никогда не сдавайся,Боевик (Экшен),Драма,Криминальный,Современное кино (2000–2020),7.626,311268,Never Back Down,6.5,4.4
Зеленый Шершень,Боевик (Экшен),Комедия,Супергеройский,Современное кино (2000–2020),7.087,400812,The Green Hornet,7.3,0
Теккен,Боевик (Экшен),Фантастика,Фантастический,Современное кино (2000–2020),5.234,92839,Tekken,4.8,3.3
Гаджини,Боевик (Экшен),Триллер,Криминальный,Современное кино (2000–2020),7.94,402535,Ghajini,7.4,5.9
Черный Адам,Боевик (Экшен),Фантастика,Супергеройский,Новинки (2020–2025),6.076,1009017,Black Adam,6.1,5.1
Уличный боец,Боевик (Экшен),Фантастика,Фантастический,Классика (до 2000 года),5.605,17457,Street Fighter,4.1,3.4Опасное задание,Боевик (Экшен),Криминал,Криминальный,Новинки (2020–2025),6.2
Кутласс,Боевик (Экшен),Криминал,Криминальный,Новинки (2020–2025),7.654,395729,Cutlass,7.4,0
Турбулентность,Боевик (Экшен),Триллер,Криминальный,Классика (до 2000 года),6.092,3456,Turbulence,5,4.1
Универсальный солдат 2: Возвращение,Боевик (Экшен),Фантастика,Фантастический,Классика (до 2000 года),5.04,15854,Universal Soldier: The Return,4.2,2.9
Мстители: Война бесконечности,Боевик (Экшен),Фантастика,Супергеройский,Современное кино (2000–2020),8.097,843649,Avengers: Infinity War,8.4,7.6
Неоспоримый 4,Боевик (Экшен),Криминал,Криминальный,Современное кино (2000–2020),6.699,808701,Boyka: Undisputed IV,6.9,0
Призрачный гонщик,Боевик (Экшен),Фэнтези,Супергеройский,Современное кино (2000–2020),6.342,3948,Ghost Rider,5.3,4.2
Возвращение резидента,Боевик (Экшен),Детектив,Шпионский,Новинки (2020–2025),8.241,45888,,6.8,0
Три икса 2: Новый уровень,Боевик (Экшен),Триллер,Шпионский,Современное кино (2000–2020),5.291,9523,xXx: State of the Union,4.5,4
Без права на провал,Боевик (Экшен),Фантастика,Шпионский,Новинки (2020–2025),6.63,46110,,5.1,0
Опасные пассажиры поезда 123,Боевик (Экшен),Триллер,Другое,Современное кино (2000–2020),7.062,400582,The Taking of Pelham 123,6.4,5.5
Женщина-кошка,Боевик (Экшен),Фантастика,Супергеройский,Современное кино (2000–2020),5.809,3523,Catwoman,3.4,3.2
Бой без правил,Боевик (Экшен),Криминал,Криминальный,Современное кино (2000–2020),6.33,394455,Fighting,5.6,5
Кайт,Боевик (Экшен),Триллер,Криминальный,Современное кино (2000–2020),4.738,622058,Kite,4.4,2.7
Отряд самоубийц,Боевик (Экшен),Фантастика,Супергеройский,Современное кино (2000–2020),6.099,468522,Suicide Squad,5.9,4.8
На близком расстоянии,Боевик (Экшен),Криминал,Криминальный,Современное кино (2000–2020),5.63,4534956,,0,0
Ультиматум Борна,Боевик (Экшен),Триллер,Шпионский,Современное кино (2000–2020),7.745,87672,The Bourne Ultimatum,8,8
Самоубийцы,Боевик (Экшен),Фантастика,Супергеройский,Современное кино (2000–2020),5.843,574621,,5.5,0
Человек-муравей,Боевик (Экшен),Фантастика,Супергеройский,Современное кино (2000–2020),7.095,195496,Ant-Man,7.2,6.9
Денежный поезд,Боевик (Экшен),Криминал,Криминальный,Классика (до 2000 года),6.765,4345,Money Train,5.7,4.3
Ямакаси: Свобода в движении,Боевик (Экшен),Криминал,Криминальный,Современное кино (2000–2020),7.26,14346,Yamakasi - Les samouraïs des temps modernes,6.1,0
От колыбели до могилы,Боевик (Экшен),Криминал,Криминальный,Современное кино (2000–2020),6.965,3664,Cradle 2 the Grave,5.8,4.6
Кикбоксер возвращается,Боевик (Экшен),Криминал,Криминальный,Современное кино (2000–2020),5.16,945769,Kickboxer: Retaliation,5,6.6
Безумный Макс,Боевик (Экшен),Фантастика,Фантастический,Классика (до 2000 года),6.876,15067,Mad Max,6.8,7.7
Мстители: Финал,Боевик (Экшен),Фантастика,Супергеройский,Современное кино (2000–2020),7.903,843650,Avengers: Endgame,8.4,8.2
Слепая ярость,Боевик (Экшен),Триллер,Криминальный,Классика (до 2000 года),7.296,17467,Blind Fury,6.3,4.9
Зеленые цепочки,Боевик (Экшен),Приключения,Криминальный,Новинки (2020–2025),7.498,45266,,6.8,0
Черепашки-ниндзя 2: Тайна изумрудного зелья,Боевик (Экшен),Фантастика,Супергеройский,Классика (до 2000 года),6.794,32838,Teenage Mutant Ninja Turtles II: The Secret of the Ooze,6,4.7
Егерь,Боевик (Экшен),Триллер,Криминальный,Новинки (2020–2025),6.656,80748,,5.8,0
Рейд,Боевик (Экшен),Криминал,Криминальный,Современное кино (2000–2020),7.397,591792,Serbuan maut,7.6,7.6
Обратная тяга,Боевик (Экшен),Криминал,Криминальный,Классика (до 2000 года),7.697,6236,Backdraft,6.7,6.2
Самоволка,Боевик (Экшен),Военный,Военный,Новинки (2020–2025),7.175,9739,Lionheart,6.2,0
Нокаут,Боевик (Экшен),Криминал,Криминальный,Современное кино (2000–2020),5.437,473842,Haywire,5.8,6.9
G.I. Joe: Бросок кобры 2,Боевик (Экшен),Военный,Военный,Современное кино (2000–2020),5.792,494839,G.I. Joe: Retaliation,5.7,4.5
Без компромиссов,Боевик (Экшен),Детектив,Криминальный,Классика (до 2000 года),6.787,464020,Blitz,6.1,5.1
Пуленепробиваемый монах,Боевик (Экшен),Фэнтези,Супергеройский,Современное кино (2000–2020),6.678,311,Bulletproof Monk,5.5,4.3
Джейн берет ружье,Боевик (Экшен),Криминал,Криминальный,Современное кино (2000–2020),5.848,682360,Jane Got a Gun,5.9,5.3
Хэнкок,Боевик (Экшен),Фантастика,Супергеройский,Современное кино (2000–2020),7.411,102151,Hancock,6.4,5.4
Шпионская игра,Боевик (Экшен),Триллер,Шпионский,Современное кино (2000–2020),6.191,1006101,The Catcher Was a Spy,6.3,5.2
Доспехи бога 3: Миссия Зодиак,Боевик (Экшен),Приключения,Криминальный,Современное кино (2000–2020),6.5,654749,Chinese Zodiac,6,5.1
Падение Лондона,Боевик (Экшен),Триллер,Криминальный,Современное кино (2000–2020),6.067,806977,London Has Fallen,5.9,4.2
King's Man: Начало,Боевик (Экшен),Военный,Шпионский,Новинки (2020–2025),5.888,1045056,The King's Man,6.3,5.1
Бунраку,Боевик (Экшен),Фэнтези,Фантастический,Современное кино (2000–2020),6.706,404269,Bunraku,6.1,4.2
Солдаты удачи,Боевик (Экшен),Криминал,Военный,Современное кино (2000–2020),4.878,522109,Soldiers of Fortune,4.3,4
Неуправляемый,Боевик (Экшен),Триллер,Другое,Современное кино (2000–2020),7.306,195460,Unstoppable,6.8,6.9
В чужом ряду,Боевик (Экшен),Криминал,Криминальный,Новинки (2020–2025),7.005,632,Changing Lanes,6.5,7
Ультрафиолет,Боевик (Экшен),Фантастика,Фантастический,Современное кино (2000–2020),4.872,47349,Ultraviolet,4.4,3
Поцелуй навылет,Боевик (Экшен),Криминал,Криминальный,Современное кино (2000–2020),7.205,51439,Kiss Kiss Bang Bang,7.5,7.5
Смертельное оружие 3,Боевик (Экшен),Криминал,Криминальный,Классика (до 2000 года),7.688,8131,Lethal Weapon 3,6.7,5.6
Малыш,Боевик (Экшен),Криминал,Криминальный,Современное кино (2000–2020),8.268,2127,The Kid,8.2,8.7
Лига справедливости,Боевик (Экшен),Фантастика,Супергеройский,Современное кино (2000–2020),6.049,424994,Justice League,6,5.3
Черепашки-ниндзя: Погром мутантов,Боевик (Экшен),Фантастика,Супергеройский,Новинки (2020–2025),6.841,1178862,Teenage Mutant Ninja Turtles: Mutant Mayhem,7.2,7.6
Не сдавайся,Боевик (Экшен),Драма,Другое,Современное кино (2000–2020),6.996,471577,Restless,6.7,5.1
Джек Ричер 2: Никогда не возвращайся,Боевик (Экшен),Криминал,Криминальный,Современное кино (2000–2020),6.213,817245,Jack Reacher: Never Go Back,6.2,5.2
Шаолинь,Боевик (Экшен),Исторический,Военный,Современное кино (2000–2020),7.201,484439,San Siu Lam zi,6.8,6.1
Прыжок богомола,Боевик (Экшен),Приключения,Другое,Классика (до 2000 года),6.179,1235998,,0,0
Ип Ман,Боевик (Экшен),Биографический,Военный,Современное кино (2000–2020),8.233,409507,Yip Man,8,6.7
Убить Билла 2,Боевик (Экшен),Криминал,Криминальный,Современное кино (2000–2020),7.628,47015,Kill Bill: Vol. 2,8,7.8
В аду,Боевик (Экшен),Криминал,Криминальный,Современное кино (2000–2020),6.086,28129,In Hell,6.1,3.8
Одиночка,Боевик (Экшен),Криминал,Криминальный,Новинки (2020–2025),7.754,499971,,6.9,0
Черный дождь,Боевик (Экшен),Криминал,Криминальный,Классика (до 2000 года),7.215,164752,Kuroi ame,7.8,7.4
Человек-муравей и Оса,Боевик (Экшен),Фантастика,Супергеройский,Современное кино (2000–2020),6.967,935940,Ant-Man and the Wasp,7,7
Прорва,Боевик (Экшен),Криминал,Криминальный,Новинки (2020–2025),7.484,6883,The Money Pit,6.4,4.9
5 неизвестных,Боевик (Экшен),Криминал,Криминальный,Новинки (2020–2025),6.721,102142,Unknown,6.4,5.2
Драконы навсегда,Боевик (Экшен),Комедия,Криминальный,Классика (до 2000 года),7.765,24704,Fei lung mang jeung,7.1,5.6
Тор: Рагнарёк,Боевик (Экшен),Фэнтези,Супергеройский,Современное кино (2000–2020),7.715,822709,Thor: Ragnarok,7.9,7.6
Человек ниоткуда,Боевик (Экшен),Криминал,Криминальный,Современное кино (2000–2020),5.924,5089029,,0,0
Баллада о старом оружии,Боевик (Экшен),Криминал,Криминальный,Новинки (2020–2025),6.263,46020,,5.8,0
Первый удар,Боевик (Экшен),Военный,Военный,Новинки (2020–2025),7.227,24692,Ging chaat goo si 4: Gaan dan yam mo,6.6,6.1
Напролом,Боевик (Экшен),Криминал,Криминальный,Новинки (2020–2025),6.686,496888,Lockout,6,5
Последний из лучших,Боевик (Экшен),Криминал,Криминальный,Классика (до 2000 года),6.885,768185,Yi ge ren de wu lin,6.4,6.6
Пушки Акимбо,Боевик (Экшен),Комедия,Криминальный,Современное кино (2000–2020),6.492,1142604,Guns Akimbo,6.3,6
Не время умирать,Боевик (Экшен),Триллер,Шпионский,Новинки (2020–2025),7.061,706019,No Time to Die,7.3,7.4
Посейдон,Боевик (Экшен),Приключения,Другое,Современное кино (2000–2020),6.547,81525,Poseidon,5.7,4.9
Бог грома,Боевик (Экшен),Фантастика,Супергеройский,Современное кино (2000–2020),6.163,979779,Torden,5.9,5.7
Крутые меры,Боевик (Экшен),Криминал,Криминальный,Современное кино (2000–2020),6.816,678233,Bastille Day,6.3,5.2
Землетрясение,Боевик (Экшен),Драма,Другое,Классика (до 2000 года),8.045,463694,Tangshan da dizhen,7.5,6.3
300 спартанцев,Боевик (Экшен),Военный,Военный,Современное кино (2000–2020),7.647,81924,300,7.6,6.1
Железный человек 2,Боевик (Экшен),Фантастика,Супергеройский,Современное кино (2000–2020),7.456,411924,Iron Man 2,6.9,6.5
Поцелуй дракона,Боевик (Экшен),Криминал,Криминальный,Современное кино (2000–2020),7.684,727,Kiss of the Dragon,6.6,5.4
Форсаж 7,Боевик (Экшен),Криминал,Криминальный,Современное кино (2000–2020),7.033,754481,Fast & Furious 7,7.1,6.7
3 дня на убийство,Боевик (Экшен),Триллер,Шпионский,Современное кино (2000–2020),6.592,683516,3 Days to Kill,6.2,4.5
Черная Пантера: Ваканда навеки,Боевик (Экшен),Фантастика,Супергеройский,Новинки (2020–2025),6.171,1199773,Black Panther: Wakanda Forever,6.6,7.2
Секретная служба Санта-Клауса,Боевик (Экшен),Фэнтези,Супергеройский,Новинки (2020–2025),7.334,464090,Arthur Christmas,7.1,7.2
После работы,Боевик (Экшен),Криминал,Криминальный,Новинки (2020–2025),7.544,9580,After Hours,7.6,7.7
Смертельная битва,Боевик (Экшен),Фэнтези,Фантастический,Новинки (2020–2025),7.568,22355,Mortal Kombat,5.8,4.8
Адреналин: Высокое напряжение,Боевик (Экшен),Криминал,Криминальный,Современное кино (2000–2020),6.308,397541,Crank: High Voltage,6.1,5.9
Автобан,Боевик (Экшен),Криминал,Криминальный,Современное кино (2000–2020),5.852,654151,Collide,5.7,4
Блэйд 2,Боевик (Экшен),Фантастика,Супергеройский,Современное кино (2000–2020),6.848,613,Blade II,6.7,6
Бой с тенью 2: Реванш,Боевик (Экшен),Драма,Криминальный,Современное кино (2000–2020),6.285,105013,,5.7,0
Перевозчик 3,Боевик (Экшен),Криминал,Криминальный,Современное кино (2000–2020),6.693,409159,Transporter 3,6.1,4.8
Геймер,Боевик (Экшен),Фантастика,Фантастический,Современное кино (2000–2020),6.616,325393,Gamer,5.7,4.4
На Париж!,Боевик (Экшен),Комедия,Военный,Новинки (2020–2025),3.303,1046486,,1.5,0
Универсальный солдат 3: Возрождение,Боевик (Экшен),Фантастика,Фантастический,Современное кино (2000–2020),4.469,424403,Universal Soldier: Regeneration,5.3,0
Из России с любовью,Боевик (Экшен),Триллер,Шпионский,Классика (до 2000 года),7.326,17482,From Russia with Love,7.3,8
Джейсон Борн,Боевик (Экшен),Триллер,Шпионский,Современное кино (2000–2020),6.244,854942,Jason Bourne,6.6,5.9
Кикбоксер 2: Дорога назад,Боевик (Экшен),Драма,Другое,Классика (до 2000 года),5.858,11882,Kickboxer 2: The Road Back,4.6,4.5
Шпионский мост,Боевик (Экшен),Военный,Шпионский,Современное кино (2000–2020),7.487,840884,Bridge of Spies,7.6,7.7
Побег,Боевик (Экшен),Криминал,Криминальный,Новинки (2020–2025),8.365,258048,Prison Break,8.3,0
Меч дракона,Боевик (Экшен),Исторический,Военный,Современное кино (2000–2020),6.797,840009,Tian jiang xiong shi,5.9,4.7
24 часа,Боевик (Экшен),Фантастика,Фантастический,Современное кино (2000–2020),7.843,79564,24,8.4,0
Наруто 9: Путь ниндзя,Боевик (Экшен),Фэнтези,Фантастический,Современное кино (2000–2020),7.884,678323,Road to Ninja: Naruto the Movie,7.6,0
Взрывная блондинка,Боевик (Экшен),Триллер,Шпионский,Современное кино (2000–2020),6.486,714564,Atomic Blonde,6.7,6.6
Крриш,Боевик (Экшен),Фантастика,Супергеройский,Современное кино (2000–2020),7.377,197076,Krrish,6.5,7
Адреналин,Боевик (Экшен),Криминал,Криминальный,Современное кино (2000–2020),7.255,180609,Crank,6.9,6.1
Наемник,Боевик (Экшен),Приключения,Военный,Классика (до 2000 года),7.028,54636,Il mercenario,7.1,0
Шпионские игры,Боевик (Экшен),Триллер,Шпионский,Современное кино (2000–2020),7.422,840,Spy Game,7.1,6.2
Серые волки,Боевик (Экшен),Военный,Военный,Классика (до 2000 года),7.273,41042,,6.8,0
Проповедник с пулеметом,Боевик (Экшен),Криминал,Криминальный,Новинки (2020–2025),6.91,497015,Machine Gun Preacher,6.7,4.8
Скала,Боевик (Экшен),Триллер,Шпионский,Классика (до 2000 года),7.943,2333,The Rock,7.4,6.6
Бриллианты навсегда,Боевик (Экшен),Триллер,Шпионский,Классика (до 2000 года),7.071,17479,Diamonds Are Forever,6.5,6.1
Опасный человек,Боевик (Экшен),Криминал,Криминальный,Современное кино (2000–2020),5.096,441453,A Dangerous Man,4.9,0
Падение ангела,Боевик (Экшен),Триллер,Шпионский,Современное кино (2000–2020),6.684,1007842,Angel Has Fallen,6.4,5
На полной скорости,Боевик (Экшен),Криминал,Криминальный,Современное кино (2000–2020),6.639,624231,Combustión,5.6,0
Кейт,Боевик (Экшен),Триллер,Криминальный,Новинки (2020–2025),6.247,4449144,Kate,6.3,5.2
Единичка,Боевик (Экшен),Военный,Военный,Новинки (2020–2025),7.064,842469,,5.9,0
Виктор,Боевик (Экшен),Криминал,Криминальный,Новинки (2020–2025),3.938,771113,,3.8,0
В осаде,Боевик (Экшен),Триллер,Криминальный,Классика (до 2000 года),7.319,4053,Under Siege,6.5,6.5
Ромео должен умереть,Боевик (Экшен),Криминал,Криминальный,Современное кино (2000–2020),7.144,4042,Romeo Must Die,6.1,4.8
Восточный ветер 4: Легенда о Воине,Боевик (Экшен),Фэнтези,Фантастический,Новинки (2020–2025),8.17,1206746,Ostwind - Aris Ankunft,5.6,0
Стрела. Абсолютное оружие,Боевик (Экшен),Триллер,Криминальный,Новинки (2020–2025),7.144,605364,Choejongbyeonggi hwal,7.1,8
Воины света,Боевик (Экшен),Фантастика,Супергеройский,Новинки (2020–2025),6.648,195718,Daybreakers,6.4,6.1
Беги без оглядки,Боевик (Экшен),Криминал,Криминальный,Современное кино (2000–2020),7.682,78750,Running Scared,7.3,5
Ип Ман 4: Финал,Боевик (Экшен),Биографический,Военный,Современное кино (2000–2020),7.943,634254,Yip Man 4,7,6.5
Крутой,Боевик (Экшен),Фантастика,Фантастический,Современное кино (2000–2020),5.072,728143,,0,0
Охранник для дочери,Боевик (Экшен),Криминал,Криминальный,Современное кино (2000–2020),7.779,63701,Sara,6.5,0
Навстречу шторму,Боевик (Экшен),Фантастика,Фантастический,Современное кино (2000–2020),6.198,647948,Into the Storm,5.8,4.3
Первый мститель: Другая война,Боевик (Экшен),Фантастика,Супергеройский,Современное кино (2000–2020),7.268,676266,Captain America: The Winter Soldier,7.7,7.7
Армагеддец,Боевик (Экшен),Фантастика,Фантастический,Классика (до 2000 года),6.749,410299,The World's End,6.9,7.5
Пекло,Боевик (Экшен),Криминал,Криминальный,Современное кино (2000–2020),7.271,102245,Sunshine,7.2,6.8
Мишень,Боевик (Экшен),Криминал,Криминальный,Новинки (2020–2025),5.897,579847,,5.6,0
Бэйтаун вне закона,Боевик (Экшен),Криминал,Криминальный,Современное кино (2000–2020),6.475,586469,The Baytown Outlaws,6.3,4.2
Самолет президента,Боевик (Экшен),Триллер,Военный,Классика (до 2000 года),6.383,2991,Air Force One,6.5,7.1
Смертельная гонка 3: Ад,Боевик (Экшен),Криминал,Криминальный,Современное кино (2000–2020),5.768,597026,Death Race 3: Inferno,5.4,5.1
Мусорщик,Боевик (Экшен),Криминал,Криминальный,Новинки (2020–2025),7.112,41633,,6.4,0
Тройной форсаж: Токийский Дрифт,Боевик (Экшен),Криминал,Криминальный,Современное кино (2000–2020),6.922,106079,The Fast and the Furious: Tokyo Drift,6.1,5
Близнецы-драконы,Боевик (Экшен),Комедия,Криминальный,Классика (до 2000 года),7.718,19273,Seong lung wui,6.4,5.1
Рыцарь дня,Боевик (Экшен),Комедия,Шпионский,Современное кино (2000–2020),7.037,455188,Knight and Day,6.3,5.6
Кулак ярости,Боевик (Экшен),Криминал,Криминальный,Классика (до 2000 года),7.899,24747,Jing wu men,7.2,6.4
Добыча,Боевик (Экшен),Фантастика,Фантастический,Новинки (2020–2025),6.564,4324674,Prey,7.1,7.7
Ультиматум,Боевик (Экшен),Детектив,Шпионский,Современное кино (2000–2020),5.589,400060,,4.8,0
Неистребимый шпион,Боевик (Экшен),Комедия,Шпионский,Новинки (2020–2025),6.6,12155,Spy Hard,5.3,3.7
Похищенная,Боевик (Экшен),Триллер,Криминальный,Современное кино (2000–2020),6.164,465740,A Lonely Place to Die,6.2,5.9
Коммандос,Боевик (Экшен),Военный,Военный,Классика (до 2000 года),7.365,2238,Commando,6.7,5.9
007: СПЕКТР,Боевик (Экшен),Триллер,Шпионский,Современное кино (2000–2020),6.579,678552,Spectre,6.8,6.4
Рэмбо: Последняя кровь,Боевик (Экшен),Криминал,Военный,Современное кино (2000–2020),6.283,841738,Rambo: Last Blood,6.1,4
Приказано взять живым,Боевик (Экшен),Военный,Военный,Новинки (2020–2025),6.375,43249,,6.1,0
Бэтмен,Боевик (Экшен),Фантастика,Супергеройский,Классика (до 2000 года),7.188,590286,The Batman,7.8,7.7
Хитмен. Последнее дело,Боевик (Экшен),Фантастика,Шпионский,Современное кино (2000–2020),7.66,5094888,Knox Goes Away,7,5.9
Монтана,Боевик (Экшен),Криминал,Криминальный,Современное кино (2000–2020),4.786,280303,,5.1,0
Медальон,Боевик (Экшен),Фэнтези,Фантастический,Современное кино (2000–2020),5.93,546203,Stolen,5.5,3.9
Ангелы Чарли 2: Только вперед,Боевик (Экшен),Комедия,Шпионский,Современное кино (2000–2020),6.124,1795,Charlie's Angels: Full Throttle,5,5.1
Бэтмен возвращается,Боевик (Экшен),Фантастика,Супергеройский,Классика (до 2000 года),7.395,898,Batman Returns,7.1,6.9
G.I. Joe: Бросок кобры. Снейк Айз,Боевик (Экшен),Фантастика,Фантастический,Новинки (2020–2025),5.507,1154837,Snake Eyes: G.I. Joe Origins,5.4,4.9
Заложница,Боевик (Экшен),Криминал,Криминальный,Современное кино (2000–2020),7.896,276376,Taken,7.7,5.8
Казино Рояль,Боевик (Экшен),Триллер,Шпионский,Современное кино (2000–2020),7.77,49844,Casino Royale,8,7.9
Мстители: Эра Альтрона,Боевик (Экшен),Фантастика,Супергеройский,Современное кино (2000–2020),7.257,679830,Avengers: Age of Ultron,7.3,6.8
Крепкий орешек 3: Возмездие,Боевик (Экшен),Триллер,Криминальный,Классика (до 2000 года),7.66,8162,Die Hard with a Vengeance,7.6,6.2
Сумасшедшие гонки,Боевик (Экшен),Фантастика,Фантастический,Современное кино (2000–2020),6.276,81197,Herbie Fully Loaded,4.9,5.3
Топ Ган: Мэверик,Боевик (Экшен),Военный,Военный,Новинки (2020–2025),7.709,572032,Top Gun: Maverick,8.2,8.2
Электра,Боевик (Экшен),Фантастика,Супергеройский,Современное кино (2000–2020),5.197,7030,Elektra,4.7,3.8
Бой с тенью,Боевик (Экшен),Драма,Другое,Современное кино (2000–2020),6.605,81485,,5.8,0
Безумный Макс: Дорога ярости,Боевик (Экшен),Фантастика,Фантастический,Современное кино (2000–2020),7.843,453406,Mad Max: Fury Road,8.1,8.7
Другой мир: Пробуждение,Боевик (Экшен),Фантастика,Фантастический,Современное кино (2000–2020),6.316,472368,Underworld: Awakening,6.3,4.4
Джон Уик 2,Боевик (Экшен),Криминал,Криминальный,Современное кино (2000–2020),7.198,885658,John Wick: Chapter Two,7.4,7.4
Доктор Ноу,Боевик (Экшен),Триллер,Шпионский,Классика (до 2000 года),7.462,17483,Dr. No,7.2,7.8
Путь дракона,Боевик (Экшен),Криминал,Криминальный,Классика (до 2000 года),7.955,34809,Maang lung goh kong,7.1,6.5
Черная молния,Боевик (Экшен),Фантастика,Супергеройский,Современное кино (2000–2020),5.219,1002949,Black Lightning,6.1,0
Подъем с глубины,Боевик (Экшен),Фантастика,Фантастический,Классика (до 2000 года),6.772,3551,Deep Rising,6.1,4.3
Мстители,Боевик (Экшен),Фантастика,Супергеройский,Современное кино (2000–2020),7.893,263531,The Avengers,8,8.1
Змея в тени орла,Боевик (Экшен),Комедия,Другое,Классика (до 2000 года),7.655,24724,Se ying diu sau,7.3,6.6
Грозный папа,Боевик (Экшен),Криминал,Криминальный,Новинки (2020–2025),7.262,1445164,,4.3,0
Прозрение,Боевик (Экшен),Триллер,Шпионский,Современное кино (2000–2020),6.605,477989,Los ojos de Julia,6.7,6.5
Оторва,Боевик (Экшен),Криминал,Криминальный,Новинки (2020–2025),7.072,311497,Wild Child,6.1,4.8
Инопланетное вторжение: Битва за Лос-Анджелес,Боевик (Экшен),Фантастика,Фантастический,Современное кино (2000–2020),5.753,427542,Battle: Los Angeles,5.7,4.8
Великий уравнитель 2,Боевик (Экшен),Криминал,Криминальный,Современное кино (2000–2020),6.89,840294,The Equalizer 2,6.7,5.6
Воин ветра,Боевик (Экшен),Фэнтези,Фантастический,Современное кино (2000–2020),7.354,220934,Baramui paiteo,6.9,0
Змеелов,Боевик (Экшен),Криминал,Криминальный,Новинки (2020–2025),6.542,45367,,6,0
Рок,Боевик (Экшен),Триллер,Криминальный,Классика (до 2000 года),7.215,42121,,6.8,0
Местный,Боевик (Экшен),Криминал,Криминальный,Новинки (2020–2025),6.245,679894,The Homesman,6.6,7
Миссия невыполнима: Протокол Фантом,Боевик (Экшен),Триллер,Шпионский,Современное кино (2000–2020),7.28,472362,Mission: Impossible - Ghost Protocol,7.4,7.7
13-й район,Боевик (Экшен),Криминал,Криминальный,Современное кино (2000–2020),7.583,81522,Banlieue 13,7.1,6.9
Майор Гром,Боевик (Экшен),Фантастика,Супергеройский,Новинки (2020–2025),7.032,1005008,,6.7,0
Мистер Крутой,Боевик (Экшен),Криминал,Криминальный,Классика (до 2000 года),7.512,24691,Yat goh ho yan,6.2,5.5
Гранит,Боевик (Экшен),Криминал,Криминальный,Новинки (2020–2025),7.515,4761862,,5.5,0
Хардкор,Боевик (Экшен),Фантастика,Фантастический,Современное кино (2000–2020),7.101,778218,,6.7,5.6
Отставник 3,Боевик (Экшен),Криминал,Криминальный,Новинки (2020–2025),6.215,656534,,0,0
Мы — легенды,Боевик (Экшен),Криминал,Криминальный,Новинки (2020–2025),7.109,391367,Seuls Two,5.4,0
Фар Край,Боевик (Экшен),Фантастика,Фантастический,Современное кино (2000–2020),3.898,197147,Far Cry,3.2,0
Кавказская рулетка,Боевик (Экшен),Криминал,Криминальный,Новинки (2020–2025),6.277,41233,,6.3,0
Быстрый и мертвый,Боевик (Экшен),Триллер,Другое,Классика (до 2000 года),7.278,2273,The Quick and the Dead,6.5,5.9
Проект Power,Боевик (Экшен),Фантастика,Супергеройский,Новинки (2020–2025),6.075,1190299,Project Power,6,5.6
Кредо убийцы,Боевик (Экшен),Фантастика,Фантастический,Современное кино (2000–2020),5.73,690615,Assassin's Creed,5.6,4
Срочная доставка,Боевик (Экшен),Криминал,Криминальный,Новинки (2020–2025),6.563,489415,Premium Rush,6.5,6.3
Новый Человек-паук: Высокое напряжение,Боевик (Экшен),Фантастика,Супергеройский,Современное кино (2000–2020),6.731,602409,The Amazing Spider-Man 2,6.6,5.7
Отряд самоубийц: Миссия навылет,Боевик (Экшен),Фантастика,Супергеройский,Новинки (2020–2025),6.683,1008477,The Suicide Squad,7.2,7.5
Восхождение Сокола,Боевик (Экшен),Криминал,Криминальный,Современное кино (2000–2020),5.765,694027,Falcon Rising,5.8,5.5
Столкновение с бездной,Боевик (Экшен),Фантастика,Фантастический,Современное кино (2000–2020),7.05,5011,Deep Impact,6.3,5.8
Самый опасный человек,Боевик (Экшен),Криминал,Криминальный,Современное кино (2000–2020),6.675,597193,A Most Wanted Man,6.7,7.3
Человек-паук: Вдали от дома,Боевик (Экшен),Фантастика,Супергеройский,Современное кино (2000–2020),7.416,1008445,Spider-Man: Far from Home,7.4,7.4
Полицейская история: В осаде,Боевик (Экшен),Криминал,Криминальный,Современное кино (2000–2020),6.473,731079,Jing cha gu shi 2013,5.9,3.7
Опасное задание,Боевик (Экшен),Криминал,Криминальный,Новинки (2020–2025),6.2
13-й район: Ультиматум,Боевик (Экшен),Криминал,Криминальный,Современное кино (2000–2020),6.619,418794,Banlieue 13 Ultimatum,6.5,6.1
Превосходство Борна,Боевик (Экшен),Триллер,Шпионский,Современное кино (2000–2020),7.696,41947,The Bourne Supremacy,7.7,7.2
Призрачный гонщик 2,Боевик (Экшен),Фантастика,Супергеройский,Современное кино (2000–2020),4.972,391886,Ghost Rider: Spirit of Vengeance,4.4,4
РЭД,Боевик (Экшен),Комедия,Шпионский,Современное кино (2000–2020),7.192,450237,RED,7,6.4
24 часа на жизнь,Боевик (Экшен),Фантастика,Фантастический,Современное кино (2000–2020),6.423,988696,24 Hours to Live,5.8,5.2
Код 355,Боевик (Экшен),Триллер,Шпионский,Новинки (2020–2025),6.629,1118222,The 355,5.6,4.5
Мачете убивает,Боевик (Экшен),Фантастика,Фантастический,Современное кино (2000–2020),5.78,601022,Machete Kills,5.6,4.6
Капитан Филлипс,Боевик (Экшен),Биографический,Криминальный,Современное кино (2000–2020),7.605,484438,Captain Phillips,7.8,8.3
Бэтмен навсегда,Боевик (Экшен),Фантастика,Супергеройский,Классика (до 2000 года),6.492,1809,Batman Forever,5.4,5.2
Кремень,Боевик (Экшен),Военный,Военный,Новинки (2020–2025),5.972,274321,,6.2,0
Большой Босс,Боевик (Экшен),Криминал,Криминальный,Классика (до 2000 года),7.358,37278,Tang shan da xiong,6.9,6.1
Форсаж 5,Боевик (Экшен),Криминал,Криминальный,Современное кино (2000–2020),7.616,496943,Fast Five,7.3,6.4
Чистое небо,Боевик (Экшен),Военный,Военный,Новинки (2020–2025),7.944,45513,,7.2,0
Форсаж: Хоббс и Шоу,Боевик (Экшен),Фантастика,Фантастический,Современное кино (2000–2020),6.327,1044450,Fast & Furious Presents: Hobbs & Shaw,6.5,6.1
Веном,Боевик (Экшен),Фантастика,Супергеройский,Современное кино (2000–2020),6.938,463634,Venom,6.6,4.5
Заступник,Боевик (Экшен),Криминал,Криминальный,Новинки (2020–2025),6.391,1152767,The Marksman,5.7,5.3
Квант милосердия,Боевик (Экшен),Триллер,Шпионский,Современное кино (2000–2020),6.68,258475,Quantum of Solace,6.5,6.1
Выход Дракона,Боевик (Экшен),Криминал,Криминальный,Новинки (2020–2025),7.816,24743,Enter the Dragon,7.6,7.7
Человек-паук 2,Боевик (Экшен),Фантастика,Супергеройский,Современное кино (2000–2020),7.361,2898,Spider-Man 2,7.5,8.3
Смертельное оружие 4,Боевик (Экшен),Криминал,Криминальный,Классика (до 2000 года),7.567,4002,Lethal Weapon 4,6.6,5.9
Хищные птицы: Потрясающая история Харли Квинн,Боевик (Экшен),Фантастика,Супергеройский,Новинки (2020–2025),5.884,1111004,Birds of Prey and the Fantabulous Emancipation of One Harley Quinn,6.1,6.8
Морской бой,Боевик (Экшен),Фантастика,Фантастический,Современное кино (2000–2020),6.64,466844,Battleship,5.8,4.7
Бладшот,Боевик (Экшен),Фантастика,Супергеройский,Новинки (2020–2025),5.852,512673,Bloodshot,5.7,4.6
Бросок кобры,Боевик (Экшен),Фантастика,Фантастический,Современное кино (2000–2020),6.287,397496,G.I. Joe: The Rise of Cobra,5.7,4.6
Маленький генерал,Боевик (Экшен),Комедия,Военный,Современное кино (2000–2020),0,4913286,,0,0
Пьяный мастер 2,Боевик (Экшен),Комедия,Криминальный,Классика (до 2000 года),7.617,24695,Jui kuen II,7.5,7
Форсаж 8,Боевик (Экшен),Криминал,Криминальный,Современное кино (2000–2020),6.238,894027,The Fate of the Furious,6.6,6.1
Стрелок,Боевик (Экшен),Триллер,Криминальный,Современное кино (2000–2020),7.668,257898,Shooter,7.1,5.5
Один и без оружия,Боевик (Экшен),Криминал,Криминальный,Новинки (2020–2025),6.721,42717,,5.7,0
Крепкий орешек,Боевик (Экшен),Криминал,Криминальный,Классика (до 2000 года),8.045,471,Die Hard,8.2,8.6
Белый взрыв,Боевик (Экшен),Триллер,Криминальный,Новинки (2020–2025),7.086,46078,,6.7,0
Сезон убийц,Боевик (Экшен),Военный,Военный,Современное кино (2000–2020),5.922,470150,Killing Season,5.4,3.3
Строго на Запад,Боевик (Экшен),Криминал,Криминальный,Новинки (2020–2025),6.701,800378,Slow West,6.9,7.5
Человек-паук,Боевик (Экшен),Фантастика,Супергеройский,Современное кино (2000–2020),7.758,838,Spider-Man,7.4,7.6
Городской охотник,Боевик (Экшен),Комедия,Криминальный,Новинки (2020–2025),7.249,24698,Sing si lip yan,6.3,5.5
Рэмбо: Первая кровь,Боевик (Экшен),Военный,Военный,Классика (до 2000 года),7.856,4087,First Blood,7.7,7.3
Репликант,Боевик (Экшен),Фантастика,Фантастический,Современное кино (2000–2020),6.201,1049,Replicant,5.4,5
Игры шпионов,Боевик (Экшен),Триллер,Шпионский,Современное кино (2000–2020),7.178,1140474,The Courier,7.2,6.8
Случайный шпион,Боевик (Экшен),Комедия,Шпионский,Современное кино (2000–2020),7.066,24687,Dak miu mai shing,5.8,4.6
Поезд-беглец,Боевик (Экшен),Триллер,Другое,Современное кино (2000–2020),7.284,3965,Runaway Train,7.2,7.3
Пристрели их,Боевик (Экшен),Криминал,Криминальный,Современное кино (2000–2020),6.956,104964,Shoot 'Em Up,6.6,6.2
Пьяный мастер,Боевик (Экшен),Комедия,Другое,Классика (до 2000 года),7.793,24726,Jui kuen,7.4,7.1
Герой - одиночка,Боевик (Экшен),Триллер,Криминальный,Новинки (2020–2025),6.935,5183,Last Man Standing,6.4,5.5
Крутящий момент,Боевик (Экшен),Криминал,Криминальный,Современное кино (2000–2020),5.816,17659,Torque,4.2,4.3
Кровь и кость,Боевик (Экшен),Криминал,Криминальный,Современное кино (2000–2020),7.035,395708,Blood and Bone,6.7,0
Зайчик,Боевик (Экшен),Криминал,Криминальный,Новинки (2020–2025),7.773,45209,,7.2,0
Быстрее пули,Боевик (Экшен),Криминал,Криминальный,Современное кино (2000–2020),7.688,1392550,Bullet Train,7.3,5.6
Джиу-джитсу: Битва за Землю,Боевик (Экшен),Фантастика,Фантастический,Современное кино (2000–2020),4.47,1248515,Jiu Jitsu,2.9,3.8
Тайлер Рейк: Операция по спасению,Боевик (Экшен),Криминал,Криминальный,Новинки (2020–2025),6.874,1190387,Extraction,6.8,6.2
Чудо-женщина: 1984,Боевик (Экшен),Фантастика,Супергеройский,Новинки (2020–2025),6.093,1046969,Wonder Woman 1984,5.3,6.1
Торжественный финал,Боевик (Экшен),Фантастика,Супергеройский,Современное кино (2000–2020),5.865,616132,Grand Piano,5.9,6.5
Неоспоримый 2,Боевик (Экшен),Криминал,Криминальный,Современное кино (2000–2020),7.649,102428,Undisputed II: Last Man Standing,7,0
Трансформеры 3: Темная сторона Луны,Боевик (Экшен),Фантастика,Фантастический,Современное кино (2000–2020),6.848,452899,Transformers: Dark of the Moon,6.2,5
Великолепная семерка,Боевик (Экшен),Приключения,Военный,Классика (до 2000 года),6.845,682648,The Magnificent Seven,6.9,6
Турнир на выживание,Боевик (Экшен),Криминал,Криминальный,Современное кино (2000–2020),6.361,276600,The Tournament,6,0
Форсаж 6,Боевик (Экшен),Криминал,Криминальный,Современное кино (2000–2020),6.993,594736,Furious 6,7,6.2
Росомаха: Бессмертный,Боевик (Экшен),Фантастика,Супергеройский,Современное кино (2000–2020),6.486,462754,The Wolverine,6.7,6.3
Сумасшедшая езда,Боевик (Экшен),Комедия,Другое,Новинки (2020–2025),5.683,481523,Drive Angry,5.4,5.3
Чужое лицо,Боевик (Экшен),Фантастика,Фантастический,Классика (до 2000 года),6.603,1046075,,0,0
Отставник 2,Боевик (Экшен),Криминал,Криминальный,Новинки (2020–2025),6.38,521404,,5.1,0
Вулкан,Боевик (Экшен),Приключения,Другое,Современное кино (2000–2020),6.664,4607,Volcano,5.6,5.1
Честь дракона 2,Боевик (Экшен),Криминал,Криминальный,Современное кино (2000–2020),5.406,590640,Tom yum goong 2,5.3,0
Проект А: Часть 2,Боевик (Экшен),Комедия,Криминальный,Классика (до 2000 года),7.754,22785,«A» gai wak 2,7,6.7
Огненная стена,Боевик (Экшен),Криминал,Криминальный,Современное кино (2000–2020),6.276,81607,Firewall,5.8,4.6
Пристегните ремни,Боевик (Экшен),Криминал,Криминальный,Новинки (2020–2025),6.744,818210,Allacciate le cinture,6.5,0
Домино,Боевик (Экшен),Криминал,Криминальный,Современное кино (2000–2020),6.766,81682,Domino,5.9,4
Холодный фронт,Боевик (Экшен),Криминал,Криминальный,Новинки (2020–2025),5.443,861608,,5.4,0
Защитники,Боевик (Экшен),Фантастика,Супергеройский,Современное кино (2000–2020),2.848,841813,,4.1,4.9
Неоспоримый 3,Боевик (Экшен),Криминал,Криминальный,Современное кино (2000–2020),7.751,402614,Undisputed III: Redemption,7.3,5.3
Телохранитель жены киллера,Боевик (Экшен),Комедия,Криминальный,Новинки (2020–2025),6.855,1125418,Hitman's Wife's Bodyguard,6.1,4.3
Человек-паук: Возвращение домой,Боевик (Экшен),Фантастика,Супергеройский,Современное кино (2000–2020),7.162,690593,Spider-Man: Homecoming,7.4,7.7
Последние рыцари,Боевик (Экшен),Исторический,Военный,Современное кино (2000–2020),6.297,715091,Last Knights,6.2,3.3
Чистилище,Боевик (Экшен),Фантастика,Фантастический,Современное кино (2000–2020),7.75,252036,,6.8,0
Узники страны призраков,Боевик (Экшен),Фантастика,Фантастический,Новинки (2020–2025),4.709,1015784,Prisoners of the Ghostland,4.2,5.8
Честь дракона,Боевик (Экшен),Криминал,Криминальный,Современное кино (2000–2020),7.137,91818,Tom yum goong,7,5.5
Годзилла против Конга,Боевик (Экшен),Фантастика,Фантастический,Новинки (2020–2025),6.204,965936,Godzilla vs. Kong,6.3,6.4
Шанхайский перевозчик,Боевик (Экшен),Криминал,Криминальный,Современное кино (2000–2020),5.268,986858,Ji zhi zhui ji,4.4,0
Затойчи,Боевик (Экшен),Исторический,Другое,Современное кино (2000–2020),7.455,113513,Zatôichi,7,0
Смертельное оружие 2,Боевик (Экшен),Криминал,Криминальный,Классика (до 2000 года),7.865,8130,Lethal Weapon 2,7.3,6.9
Код доступа «Кейптаун»,Боевик (Экшен),Криминал,Шпионский,Современное кино (2000–2020),6.847,507818,Safe House,6.7,5.7
Темный рыцарь: Возрождение легенды,Боевик (Экшен),Фантастика,Супергеройский,Современное кино (2000–2020),8.168,437410,The Dark Knight Rises,8.4,8
Берлинское дело,Боевик (Экшен),Триллер,Шпионский,Новинки (2020–2025),6.592,677498,Bereullin,6.6,5.3
Живая сталь,Боевик (Экшен),Фантастика,Фантастический,Современное кино (2000–2020),7.67,88198,Real Steel,7.1,5.9
Дом летающих кинжалов,Боевик (Экшен),Исторический,Шпионский,Современное кино (2000–2020),7.766,78170,Shi mian mai fu,7.5,7.7
Лучший стрелок,Боевик (Экшен),Военный,Военный,Классика (до 2000 года),7.063,7360,Top Gun,7,6.1
Скорость,Боевик (Экшен),Триллер,Криминальный,Классика (до 2000 года),7.783,1968,Speed,7.3,8.1
Крид: Наследие Рокки,Боевик (Экшен),Драма,Другое,Новинки (2020–2025),7.128,782932,Creed,7.6,8
Зал самоубийц,Боевик (Экшен),Фантастика,Супергеройский,Современное кино (2000–2020),6.759,577934,Sala samobójców,6.6,0
Железный кулак,Боевик (Экшен),Фантастика,Супергеройский,Современное кино (2000–2020),6.358,817510,Iron Fist,6.4,0
Воздушный маршал,Боевик (Экшен),Триллер,Криминальный,Классика (до 2000 года),7.216,606826,Non-Stop,6.9,5.9
Скорость 2: Контроль над круизом,Боевик (Экшен),Триллер,Криминальный,Классика (до 2000 года),5.357,6085,Speed 2: Cruise Control,4,3.6
Иностранец,Боевик (Экшен),Триллер,Криминальный,Современное кино (2000–2020),7.309,618287,The Foreigner,7,6
Акселератка,Боевик (Экшен),Криминал,Криминальный,Новинки (2020–2025),6.321,43440,,5.5,0
Бессмертная гвардия,Боевик (Экшен),Фантастика,Супергеройский,Новинки (2020–2025),6.313,1178278,The Old Guard,6.7,6.4
Высший пилотаж,Боевик (Экшен),Военный,Военный,Новинки (2020–2025),6.424,81528,Sky High,6.3,6.6
Чужой против Хищника,Боевик (Экшен),Фантастика,Фантастический,Современное кино (2000–2020),6.326,41949,AVP: Alien vs. Predator,5.7,4.2
Коготь тигра,Боевик (Экшен),Криминал,Криминальный,Классика (до 2000 года),6.236,4947,Tiger Claws,5.4,0
Неслужебное задание 2: Взрыв на рассвете,Боевик (Экшен),Криминал,Криминальный,Классика (до 2000 года),6.435,394044,,6,0
Геракл,Боевик (Экшен),Фэнтези,Супергеройский,Современное кино (2000–2020),6.023,461958,Hercules,6,5.4
Живи и дай умереть,Боевик (Экшен),Приключения,Шпионский,Классика (до 2000 года),6.856,8872,Live and Let Die,6.7,5.8
Коммандо,Боевик (Экшен),Военный,Военный,Классика (до 2000 года),4.408,1394490,The Commando,3.4,0
Отточенное лезвие,Боевик (Экшен),Криминал,Криминальный,Классика (до 2000 года),7.693,479,Sling Blade,8,8.4
План побега,Боевик (Экшен),Криминал,Криминальный,Современное кино (2000–2020),7.129,463686,Escape Plan,6.7,5.4
Игра навылет,Боевик (Экшен),Криминал,Криминальный,Новинки (2020–2025),7.926,565,Sleuth,7.9,8.5
Убийца 2. Против всех,Боевик (Экшен),Криминал,Криминальный,Новинки (2020–2025),7.206,938461,Sicario 2: Soldado,7.1,6.3
Железный рыцарь,Боевик (Экшен),Исторический,Военный,Современное кино (2000–2020),6.68,415112,Ironclad,6.1,5.2
Смертельная гонка 2: Франкенштейн жив,Боевик (Экшен),Фантастика,Криминальный,Современное кино (2000–2020),5.999,471614,Death Race 2,5.6,3.9
Невероятный Халк,Боевик (Экшен),Фантастика,Супергеройский,Современное кино (2000–2020),6.857,255380,The Incredible Hulk,6.6,6.2
Чудо-женщина,Боевик (Экшен),Фэнтези,Супергеройский,Современное кино (2000–2020),6.769,102383,Wonder Woman,7.3,7.7
Напарник,Боевик (Экшен),Криминал,Криминальный,Новинки (2020–2025),6.034,921501,,4.6,0
Без права на ошибку,Боевик (Экшен),Триллер,Шпионский,Новинки (2020–2025),7.391,505753,,0,0
Осьминожка,Боевик (Экшен),Приключения,Шпионский,Классика (до 2000 года),6.828,8173,Octopussy,6.5,5.1
Анна,Боевик (Экшен),Триллер,Шпионский,Современное кино (2000–2020),6.692,1049727,Anna,6.7,4.9
Бедуин,Боевик (Экшен),Приключения,Криминальный,Новинки (2020–2025),5.96,477351,,6.3,0
Оружие,Боевик (Экшен),Криминал,Криминальный,Классика (до 2000 года),6.931,420326,,0,0
Особо опасны,Боевик (Экшен),Фантастика,Супергеройский,Современное кино (2000–2020),6.675,505903,Savages,6.4,5.8
Доказательство жизни,Боевик (Экшен),Криминал,Криминальный,Современное кино (2000–2020),6.807,791,Proof of Life,6.3,5.4
Ливень,Боевик (Экшен),Криминал,Криминальный,Новинки (2020–2025),6.95,6062,Hard Rain,5.9,4.5
На игре 2. Новый уровень,Боевик (Экшен),Фантастика,Фантастический,Современное кино (2000–2020),5.824,451258,,5.1,0
Реквием по убийце,Боевик (Экшен),Криминал,Криминальный,Новинки (2020–2025),5.693,566046,Requiem pour une tueuse,5.1,3.1
Телохранитель киллера,Боевик (Экшен),Комедия,Криминальный,Современное кино (2000–2020),7.107,835877,The Hitman's Bodyguard,6.9,5.2
Русский рейд,Боевик (Экшен),Военный,Военный,Новинки (2020–2025),6.794,1272294,,5.4,0
Тройная угроза,Боевик (Экшен),Криминал,Криминальный,Современное кино (2000–2020),6.174,1041862,Triple Threat,5.6,5.7
Скорая,Боевик (Экшен),Криминал,Криминальный,Новинки (2020–2025),6.151,1207170,Ambulance,6.1,5.8
Мег: Монстр глубины,Боевик (Экшен),Фантастика,Фантастический,Современное кино (2000–2020),5.935,918627,The Meg,5.7,5.4
Перевозчик: Наследие,Боевик (Экшен),Криминал,Криминальный,Новинки (2020–2025),5.192,764608,The Transporter Refueled,5.2,3.9
Панчер,Боевик (Экшен),Драма,Другое,Новинки (2020–2025),7.295,4681792,,0,0
Три дня на побег,Боевик (Экшен),Криминал,Криминальный,Современное кино (2000–2020),7.663,468958,The Next Three Days,7.3,5.8
Агенты А.Н.К.Л.,Боевик (Экшен),Комедия,Шпионский,Современное кино (2000–2020),7.556,518042,The Man from U.N.C.L.E.,7.2,6.2
Настоящая легенда,Боевик (Экшен),Фэнтези,Фантастический,Современное кино (2000–2020),6.598,465200,Su Qi-er,6.4,5.9
Ханна. Совершенное оружие,Боевик (Экшен),Триллер,Шпионский,Современное кино (2000–2020),6.167,468551,Hanna,6.7,6.8
Рубеж,Боевик (Экшен),Фантастика,Фантастический,Современное кино (2000–2020),6.859,1002714,,5.3,0
Дэдпул 2,Боевик (Экшен),Фантастика,Супергеройский,Современное кино (2000–2020),7.425,961715,Deadpool 2,7.6,7.1
Защитник,Боевик (Экшен),Криминал,Криминальный,Новинки (2020–2025),6.76,523057,Safe,6.5,5.7
Скандальное происшествие в Брикмилле,Боевик (Экшен),Криминал,Криминальный,Современное кино (2000–2020),7.131,160930,,7,0
Царь скорпионов 4: Утерянный трон,Боевик (Экшен),Фэнтези,Фантастический,Современное кино (2000–2020),3.919,784293,The Scorpion King: The Lost Throne,4.1,0
РЭД 2,Боевик (Экшен),Комедия,Шпионский,Современное кино (2000–2020),6.864,582159,RED 2,6.6,5.5
Разборка в Маниле,Боевик (Экшен),Криминал,Криминальный,Современное кино (2000–2020),2.626,882285,Showdown in Manila,2.6,0
Ордер на смерть,Боевик (Экшен),Криминал,Криминальный,Классика (до 2000 года),6.467,12365,Death Warrant,5.7,3.4
Жизнь по лимиту,Боевик (Экшен),Криминал,Криминальный,Новинки (2020–2025),6.235,45341,,6.2,0
22 мили,Боевик (Экшен),Военный,Военный,Новинки (2020–2025),6.39,921938,Mile 22,6.1,4.2
Ангел мести,Боевик (Экшен),Криминал,Криминальный,Новинки (2020–2025),7.587,1040591,,0,0
Душа шпиона,Боевик (Экшен),Триллер,Шпионский,Новинки (2020–2025),4.686,797574,,5,0
Леон,Боевик (Экшен),Криминал,Криминальный,Классика (до 2000 года),8.672,389,Léon,8.5,6.9
Рэмбо: первая кровь,Боевик (Экшен),Военный,Военный,Классика (до 2000 года),7.856,4087,First Blood,7.7,7.3
Заложница 3,Боевик (Экшен),Криминал,Криминальный,Современное кино (2000–2020),6.204,712639,Taken 3,6,3.7
Аквамен,Боевик (Экшен),Фантастика,Супергеройский,Современное кино (2000–2020),6.834,470178,Aquaman,6.8,6
Механик,Боевик (Экшен),Криминал,Криминальный,Современное кино (2000–2020),6.772,195615,The Mechanic,6.5,5.6
Загнанный,Боевик (Экшен),Криминал,Криминальный,Новинки (2020–2025),6.767,9394,The Hunted,6.1,4.7
Пароль «Рыба-меч»,Боевик (Экшен),Криминал,Криминальный,Современное кино (2000–2020),7.191,849,Swordfish,6.5,4.4
Интернэшнл,Боевик (Экшен),Триллер,Шпионский,Современное кино (2000–2020),6.562,309337,The International,6.5,5.8
Ковбои против пришельцев,Боевик (Экшен),Фантастика,Фантастический,Современное кино (2000–2020),5.93,81961,Cowboys & Aliens,6,5.6
Майор Гром: Чумной Доктор,Боевик (Экшен),Фантастика,Супергеройский,Новинки (2020–2025),7.289,1109271,,6.3,0
Темный рыцарь,Боевик (Экшен),Фантастика,Супергеройский,Современное кино (2000–2020),8.532,111543,The Dark Knight,9,8.6
12 раундов,Боевик (Экшен),Триллер,Криминальный,Современное кино (2000–2020),6.202,404891,12 Rounds,5.6,4.5
Тор: Любовь и гром,Боевик (Экшен),Фэнтези,Супергеройский,Новинки (2020–2025),5.97,1282688,Thor: Love and Thunder,6.1,6.4
Время возмездия,Боевик (Экшен),Фантастика,Фантастический,Новинки (2020–2025),5.85,1049509,Destroyer,6.2,6.7
Большой босс,Боевик (Экшен),Криминал,Криминальный,Классика (до 2000 года),7.358,37278,Tang shan da xiong,6.9,6.1
Супермен 2,Боевик (Экшен),Фантастика,Супергеройский,Классика (до 2000 года),6.326,8148,Superman II,6.8,7.4
Веном 2,Боевик (Экшен),Фантастика,Супергеройский,Новинки (2020–2025),6.207,1227967,Venom: Let There Be Carnage,5.9,5.4
"007: Координаты ""Скайфолл""",Боевик (Экшен),Триллер,Шпионский,Современное кино (2000–2020),7.427,408871,Skyfall,7.8,8.2
Коломбиана,Боевик (Экшен),Криминал,Криминальный,Современное кино (2000–2020),6.697,523122,Colombiana,6.4,4.9
Ниндзя,Боевик (Экшен),Криминал,Криминальный,Современное кино (2000–2020),5.893,409486,Ninja,5.5,2.1
Великая стена,Боевик (Экшен),Фэнтези,Фантастический,Современное кино (2000–2020),6.213,611822,The Great Wall,5.9,4.9
Обратной дороги нет,Боевик (Экшен),Криминал,Криминальный,Новинки (2020–2025),8.193,422992,,0,0
Ниндзя 2,Боевик (Экшен),Приключения,Шпионский,Классика (до 2000 года),6.316,713301,Ninja: Shadow of a Tear,6.1,7.8
Блэйд 3: Троица,Боевик (Экшен),Фантастика,Супергеройский,Современное кино (2000–2020),6.03,22022,Blade: Trinity,5.8,4.4
Не отступать и не сдаваться,Боевик (Экшен),Криминал,Криминальный,Современное кино (2000–2020),6.713,22081,No Retreat No Surrender,5.6,4
Перевозчик,Боевик (Экшен),Криминал,Криминальный,Современное кино (2000–2020),7.423,6206,The Transporter,6.8,5.7
Игры патриотов,Боевик (Экшен),Триллер,Шпионский,Новинки (2020–2025),6.772,5226,Patriot Games,6.8,6.8
Угнать за 60 секунд,Боевик (Экшен),Криминал,Криминальный,Современное кино (2000–2020),7.567,2011,Gone in Sixty Seconds,6.5,4.4
Обсуждению не подлежит,Боевик (Экшен),Криминал,Криминальный,Новинки (2020–2025),6.811,1608,Undisputed,6.1,5.5
Камуфляж и шпионаж,Боевик (Экшен),Триллер,Шпионский,Новинки (2020–2025),7.485,1008408,Spies in Disguise,6.8,6.5
Бэтмен: Начало,Боевик (Экшен),Фантастика,Супергеройский,Современное кино (2000–2020),7.931,47237,Batman Begins,8.2,7.7
Миссия в Кабуле,Боевик (Экшен),Военный,Военный,Новинки (2020–2025),6.348,419584,,6.2,0
Хищник,Боевик (Экшен),Фантастика,Фантастический,Классика (до 2000 года),7.899,6303,Predator,7.8,7
Трансформеры: Эпоха истребления,Боевик (Экшен),Фантастика,Фантастический,Современное кино (2000–2020),6.104,651857,Transformers: Age of Extinction,5.6,4
Выстрел,Боевик (Экшен),Криминал,Криминальный,Новинки (2020–2025),7.204,841062,,4.4,0
Kingsman: Секретная служба,Боевик (Экшен),Комедия,Шпионский,Современное кино (2000–2020),7.681,749540,Kingsman: The Secret Service,7.7,6.8
День ангела,Боевик (Экшен),Криминал,Криминальный,Новинки (2020–2025),7.137,77271,,6.7,0
Эверли,Боевик (Экшен),Криминал,Криминальный,Современное кино (2000–2020),5.209,608066,Everly,5.1,4.5
Рэмбо: Первая кровь 2,Боевик (Экшен),Военный,Военный,Классика (до 2000 года),6.741,6352,Rambo: First Blood Part II,6.5,4.7
Большая игра,Боевик (Экшен),Приключения,Шпионский,Современное кино (2000–2020),7.843,976636,Molly's Game,7.4,7.1
Из Парижа с любовью,Боевик (Экшен),Триллер,Шпионский,Современное кино (2000–2020),7.293,427202,From Paris with Love,6.4,4.7
Черная Пантера,Боевик (Экшен),Фантастика,Супергеройский,Современное кино (2000–2020),0,545673,La pantera negra,6.2,0
Битва за Землю,Боевик (Экшен),Фантастика,Фантастический,Новинки (2020–2025),5.795,1009739,Captive State,6,5.2
Ускорение,Боевик (Экшен),Криминал,Криминальный,Новинки (2020–2025),6.434,4745337,Slingshot,5.7,5.3
Запретная миссия,Боевик (Экшен),Триллер,Шпионский,Новинки (2020–2025),6.328,4599,Catch That Kid,5.2,3.9
Первый мститель,Боевик (Экшен),Фантастика,Супергеройский,Современное кино (2000–2020),6.733,160946,Captain America: The First Avenger,6.9,7
Трансформеры: Последний рыцарь,Боевик (Экшен),Фантастика,Фантастический,Современное кино (2000–2020),5.742,811609,Transformers: The Last Knight,5.2,3.5
На пределе,Боевик (Экшен),Криминал,Криминальный,Новинки (2020–2025),6.79,980372,Aus dem Nichts,7.1,6.7
Особо опасен,Боевик (Экшен),Фантастика,Фантастический,Современное кино (2000–2020),6.827,259876,Wanted,6.7,6.5
Лучшие из лучших,Боевик (Экшен),Драма,Другое,Классика (до 2000 года),7.292,8805,Best of the Best,6.4,4.3
Близкий враг,Боевик (Экшен),Военный,Военный,Новинки (2020–2025),5.841,425041,,5,0
Запрещенный прием,Боевик (Экшен),Драма,Криминальный,Новинки (2020–2025),6.557,429827,Sucker Punch,6.1,4.2
Форсаж 4,Боевик (Экшен),Криминал,Криминальный,Современное кино (2000–2020),6.938,395978,Fast & Furious,6.5,4.6
Легионер,Боевик (Экшен),Военный,Военный,Классика (до 2000 года),6.794,18847,Legionnaire,5.5,4.3
Ночной мотоциклист,Боевик (Экшен),Криминал,Криминальный,Классика (до 2000 года),6.301,417806,,0,0
Мачете,Боевик (Экшен),Криминал,Криминальный,Современное кино (2000–2020),6.457,467553,Machete,6.6,6.3
Схватка в пурге,Боевик (Экшен),Криминал,Криминальный,Новинки (2020–2025),6.42,43821,,6.7,0
Опасное задание,Боевик (Экшен),Криминал,Криминальный,Новинки (2020–2025),6.2
Смертельная зона,Боевик (Экшен),Фантастика,Фантастический,Новинки (2020–2025),5.332,1274606,Outside the Wire,5.4,4.9
Прямая и явная угроза,Боевик (Экшен),Триллер,Шпионский,Классика (до 2000 года),6.814,4973,Clear and Present Danger,6.9,6.9
Ответный ход,Боевик (Экшен),Криминал,Криминальный,Новинки (2020–2025),7.788,42857,,6.6,0
Хитмэн,Боевик (Экшен),Триллер,Шпионский,Современное кино (2000–2020),5.862,104901,Hitman,6.2,3.9
Железный человек 3,Боевик (Экшен),Фантастика,Супергеройский,Современное кино (2000–2020),7.449,462762,Iron Man Three,7.1,7
Крестоносец,Боевик (Экшен),Криминал,Криминальный,Классика (до 2000 года),5.678,41270,,4.5,0
Где 042?,Боевик (Экшен),Триллер,Криминальный,Новинки (2020–2025),6.273,44475,,6.3,0
Скандинавский форсаж: Гонки на льду,Боевик (Экшен),Криминал,Криминальный,Новинки (2020–2025),6.124,931515,Børning 2,5.9,0
Профессионал,Боевик (Экшен),Криминал,Шпионский,Классика (до 2000 года),8.153,39259,Le professionnel,7.4,9
Человек-паук: Нет пути домой,Боевик (Экшен),Фантастика,Супергеройский,Новинки (2020–2025),7.926,1309570,Spider-Man: No Way Home,8.2,7.9
Запретное царство,Боевик (Экшен),Фэнтези,Фантастический,Современное кино (2000–2020),7.163,271999,The Forbidden Kingdom,6.5,6
Падение Олимпа,Боевик (Экшен),Триллер,Военный,Современное кино (2000–2020),6.362,673427,Olympus Has Fallen,6.5,5.4
Рыцари неба,Боевик (Экшен),Военный,Военный,Современное кино (2000–2020),6.72,103306,Les chevaliers du ciel,5.7,0
Отряд,Боевик (Экшен),Военный,Военный,Новинки (2020–2025),7.186,432367,,6.6,0
Пипец,Боевик (Экшен),Комедия,Супергеройский,Современное кино (2000–2020),6.923,419200,Kick-Ass,7.6,7.2
Монтаж,Боевик (Экшен),Детектив,Криминальный,Современное кино (2000–2020),7.199,764266,Mongtaju,7.4,0
Хеллбой,Боевик (Экшен),Фэнтези,Супергеройский,Современное кино (2000–2020),6.137,693331,Hellboy,5.3,3.9
Спиди Гонщик,Боевик (Экшен),Фантастика,Фантастический,Современное кино (2000–2020),5.654,271729,Speed Racer,6.1,5.2
Человек ноября,Боевик (Экшен),Триллер,Шпионский,Современное кино (2000–2020),5.792,681662,The November Man,6.3,4.7
Люди Икс: Последняя битва,Боевик (Экшен),Фантастика,Супергеройский,Современное кино (2000–2020),7.283,61361,X-Men: The Last Stand,6.6,5.9
Штурм Белого дома,Боевик (Экшен),Триллер,Криминальный,Современное кино (2000–2020),6.626,675649,White House Down,6.3,5.4
Крепкий орешек 4.0,Боевик (Экшен),Триллер,Шпионский,Современное кино (2000–2020),7.34,9544,Live Free or Die Hard,7.1,6.8
Трансформеры,Боевик (Экшен),Фантастика,Фантастический,Современное кино (2000–2020),7.6,81288,Transformers,7.1,5.8
Только для твоих глаз,Боевик (Экшен),Триллер,Шпионский,Классика (до 2000 года),6.946,8171,For Your Eyes Only,6.7,6.4
Черепашки-ниндзя,Боевик (Экшен),Фантастика,Супергеройский,Классика (до 2000 года),6.193,461206,Teenage Mutant Ninja Turtles,5.8,4.2
Стиратель,Боевик (Экшен),Триллер,Фантастический,Классика (до 2000 года),6.907,6018,Eraser,6.2,5
В осаде 2: Темная территория,Боевик (Экшен),Криминал,Криминальный,Классика (до 2000 года),6.964,4580,Under Siege 2: Dark Territory,5.6,4.8
Джек Ричер,Боевик (Экшен),Детектив,Криминальный,Современное кино (2000–2020),7.186,417583,Jack Reacher,7,6.3
Харлей Дэвидсон и ковбой Мальборо,Боевик (Экшен),Криминал,Криминальный,Классика (до 2000 года),7.622,3669,Harley Davidson and the Marlboro Man,6.1,4.5
22 минуты,Боевик (Экшен),Военный,Военный,Новинки (2020–2025),6.404,644706,,5.3,0
Ниндзя-убийца,Боевик (Экшен),Триллер,Криминальный,Современное кино (2000–2020),6.608,406353,Ninja Assassin,6.3,4.4
Трудная мишень,Боевик (Экшен),Криминал,Криминальный,Классика (до 2000 года),7.073,2281,Hard Target,6.2,5.7
45 секунд,Боевик (Экшен),Криминал,Криминальный,Новинки (2020–2025),6.531,732776,,5.1,0
Полярный,Боевик (Экшен),Криминал,Криминальный,Новинки (2020–2025),7.092,1207237,,6,0
13 убийц,Боевик (Экшен),Исторический,Военный,Современное кино (2000–2020),7.129,466582,Jusan-nin no shikaku,7.5,7.9
Восточный ветер 2,Боевик (Экшен),Криминал,Криминальный,Новинки (2020–2025),8.281,846875,Ostwind 2,6.3,0
Парень-каратист,Боевик (Экшен),Семейный,Другое,Классика (до 2000 года),7.297,22446,The Karate Kid,7.3,7
Олимпиус Инферно,Боевик (Экшен),Триллер,Военный,Современное кино (2000–2020),7.15,451190,,5,0
S.W.A.T.: Спецназ города ангелов,Боевик (Экшен),Криминал,Криминальный,Современное кино (2000–2020),6.96,4571,S.W.A.T.,6.1,5.5
Судная ночь 2,Боевик (Экшен),Фантастика,Фантастический,Современное кино (2000–2020),6.409,770805,The Purge: Anarchy,6.4,5.5
Человек-паук: Через вселенные,Боевик (Экшен),Фантастика,Супергеройский,Новинки (2020–2025),8.178,920265,Spider-Man: Into the Spider-Verse,8.4,8.8
Громобой,Боевик (Экшен),Фантастика,Супергеройский,Новинки (2020–2025),5.651,104920,Alex Rider: Operation Stormbreaker,5.1,4.9
За конец ответишь,Боевик (Экшен),Криминал,Криминальный,Новинки (2020–2025),4.532,638338,Bad Johnson,4.5,3.4
Рейд 2,Боевик (Экшен),Криминал,Криминальный,Современное кино (2000–2020),7.396,669466,Serbuan maut 2: Berandal,7.9,7.5
Жил-был Дэдпул,Боевик (Экшен),Фантастика,Супергеройский,Новинки (2020–2025),6.383,1209736,Once Upon A Deadpool,0,5.9
Человек-паук 3: Враг в отражении,Боевик (Экшен),Фантастика,Супергеройский,Современное кино (2000–2020),7.122,82441,Spider-Man 3,6.3,6.2
Форсаж,Боевик (Экшен),Криминал,Криминальный,Современное кино (2000–2020),7.825,666,The Fast and the Furious,6.8,5.4
Супермен,Боевик (Экшен),Фантастика,Супергеройский,Классика (до 2000 года),6.731,997647,Superman,7.1,7.3
Балерина,Боевик (Экшен),Криминал,Криминальный,Новинки (2020–2025),7.228,1047492,Ballerina,6.9,6.6
Путь воина,Боевик (Экшен),Драма,Другое,Современное кино (2000–2020),6.321,325399,The Warrior's Way,6.3,4.6
Темная долина,Боевик (Экшен),Криминал,Криминальный,Современное кино (2000–2020),6.753,733837,Das finstere Tal,7.1,0
Разлом Сан-Андреас,Боевик (Экшен),Триллер,Другое,Современное кино (2000–2020),6.216,652692,San Andreas,6.1,5.2
Дело храбрых,Боевик (Экшен),Криминал,Криминальный,Новинки (2020–2025),8.294,965754,Only the Brave,7.6,7.1
Скиф,Боевик (Экшен),Фэнтези,Военный,Современное кино (2000–2020),6.928,972741,,6.2,0
Перевозчик 2,Боевик (Экшен),Криминал,Криминальный,Современное кино (2000–2020),6.952,77588,Le Transporteur II,6.3,5.4
Система безопасности,Боевик (Экшен),Триллер,Шпионский,Современное кино (2000–2020),7.485,8363,Fail Safe,8,8.1
Крепкий орешек 2,Боевик (Экшен),Криминал,Криминальный,Классика (до 2000 года),7.778,7374,Die Hard 2,7.1,6.3
Воздушная тюрьма,Боевик (Экшен),Криминал,Криминальный,Классика (до 2000 года),7.561,6113,Con Air,6.9,5.7
Флэш,Боевик (Экшен),Фантастика,Супергеройский,Новинки (2020–2025),7.483,817506,The Flash,7.5,0
Ученик мастера,Боевик (Экшен),Драма,Криминальный,Новинки (2020–2025),5.75,596221,Tai ji 1: Cong ling kai shi,6,5.7
Лузеры,Боевик (Экшен),Криминал,Шпионский,Современное кино (2000–2020),6.345,196748,The Losers,6.2,5.2
Вздымающийся ад,Боевик (Экшен),Драма,Другое,Классика (до 2000 года),7.148,8145,The Towering Inferno,7,6.7
Разборка в Бронксе,Боевик (Экшен),Криминал,Криминальный,Классика (до 2000 года),7.689,24693,Hong faan kui,6.8,6.6
Бэтмен и Робин,Боевик (Экшен),Фантастика,Супергеройский,Классика (до 2000 года),5.705,3678,Batman & Robin,3.8,3.8
Шакал,Боевик (Экшен),Криминал,Криминальный,Классика (до 2000 года),7.359,4132,The Jackal,6.4,4.6
Смерть на взлете,Боевик (Экшен),Триллер,Криминальный,Новинки (2020–2025),5.832,43875,,6.6,0
Черная Вдова,Боевик (Экшен),Фантастика,Супергеройский,Новинки (2020–2025),7.408,2003376,,0,0
Тумстоун: Легенда дикого запада,Боевик (Экшен),Исторический,Криминальный,Классика (до 2000 года),7.201,2221,Tombstone,7.8,6.4
Мишель Вальян: Жажда скорости,Боевик (Экшен),Приключения,Другое,Новинки (2020–2025),6.804,14333,Michel Vaillant,5.3,0
Долгий поцелуй на ночь,Боевик (Экшен),Триллер,Шпионский,Классика (до 2000 года),7.182,3589,The Long Kiss Goodnight,6.8,6
Вне зоны доступа,Боевик (Экшен),Фантастика,Военный,Новинки (2020–2025),7.345,1338096,,0,0
Джона Хекс,Боевик (Экшен),Фэнтези,Супергеройский,Современное кино (2000–2020),4.991,418761,Jonah Hex,4.7,3.5
Башни-близнецы,Боевик (Экшен),Триллер,Криминальный,Современное кино (2000–2020),6.529,160979,World Trade Center,6,6.6
Ее звали Никита,Боевик (Экшен),Триллер,Шпионский,Классика (до 2000 года),7.141,161262,Nikita,7.5,0
Никогда не сдавайся 2,Боевик (Экшен),Драма,Криминальный,Современное кино (2000–2020),6.325,570253,Never Back Down 2: The Beatdown,5.6,0
Отчаянный,Боевик (Экшен),Криминал,Криминальный,Новинки (2020–2025),7.671,8826,Desperado,7.1,6.5
Рэмбо IV,Боевик (Экшен),Военный,Военный,Современное кино (2000–2020),6.864,104952,Rambo,7,5
Малыш на драйве,Боевик (Экшен),Криминал,Криминальный,Современное кино (2000–2020),7.193,902939,Baby Driver,7.5,8.1
Отряд особого назначения,Боевик (Экшен),Военный,Военный,Современное кино (2000–2020),6.676,543373,Forces spéciales,6.3,0
Вышка,Боевик (Экшен),Триллер,Другое,Новинки (2020–2025),6.759,4542208,Fall,6.4,6.4
Великий уравнитель,Боевик (Экшен),Криминал,Криминальный,Современное кино (2000–2020),7.106,196707,The Equalizer,7.3,5.7
Сорвиголова,Боевик (Экшен),Фантастика,Супергеройский,Современное кино (2000–2020),8.065,817509,Daredevil,8.6,0
Опасно для жизни!,Боевик (Экшен),Криминал,Криминальный,Классика (до 2000 года),7.099,42775,,6.4,0
За пригоршню долларов,Боевик (Экшен),Криминал,Криминальный,Классика (до 2000 года),7.972,8455,Per un pugno di dollari,7.9,8.2
Удар,Боевик (Экшен),Криминал,Криминальный,Новинки (2020–2025),7.376,705287,Kick,5.9,0
Особо опасна,Боевик (Экшен),Фантастика,Фантастический,Современное кино (2000–2020),5.368,568836,Barely Lethal,5.4,0
Трейсеры,Боевик (Экшен),Криминал,Криминальный,Современное кино (2000–2020),5.467,681648,Tracers,5.6,4.6
Мастер тай-цзи,Боевик (Экшен),Драма,Другое,Классика (до 2000 года),6.095,606650,Man of Tai Chi,6,6.1
Шан-Чи и легенда Десяти колец,Боевик (Экшен),Фэнтези,Супергеройский,Новинки (2020–2025),7.303,1219149,Shang-Chi and the Legend of the Ten Rings,7.3,7.5
Башня,Боевик (Экшен),Триллер,Криминальный,Новинки (2020–2025),6.889,708259,Tawo,6.5,0
Человек с золотым пистолетом,Боевик (Экшен),Триллер,Шпионский,Классика (до 2000 года),6.936,5674,The Man with the Golden Gun,6.7,5.3
Солт,Боевик (Экшен),Триллер,Шпионский,Современное кино (2000–2020),6.012,447284,Salt,6.5,6
Исчезающая точка,Боевик (Экшен),Триллер,Криминальный,Классика (до 2000 года),7.428,24981,Vanishing Point,7.2,6.4
Внезапная смерть,Боевик (Экшен),Триллер,Криминальный,Классика (до 2000 года),6.658,18193,Sudden Death,5.9,5.2
Миссия: невыполнима 2,Боевик (Экшен),Триллер,Шпионский,Современное кино (2000–2020),6.831,3447,Mission: Impossible II,6.1,6
Осьминожки,Боевик (Экшен),Приключения,Шпионский,Классика (до 2000 года),7.669,431932,,7,0
Монстры на острове,Боевик (Экшен),Фантастика,Фантастический,Современное кино (2000–2020),7.111,708281,Friends: Mononokeshima no Naki,6.2,0
Безумный Макс 2: Воин дороги,Боевик (Экшен),Фантастика,Фантастический,Классика (до 2000 года),7.647,8374,Mad Max 2,7.6,8.5
Бегущий человек,Боевик (Экшен),Фантастика,Фантастический,Классика (до 2000 года),7.125,5194,The Running Man,6.6,5.7
13-й район: Кирпичные особняки,Боевик (Экшен),Криминал,Криминальный,Современное кино (2000–2020),5.482,462667,Brick Mansions,5.6,4.4
Заложница 2,Боевик (Экшен),Криминал,Криминальный,Современное кино (2000–2020),6.719,453544,Taken 2,6.2,4.2
Молодой мастер,Боевик (Экшен),Комедия,Криминальный,Классика (до 2000 года),7.618,24721,Shi di chu ma,7,0
Каратель: Территория войны,Боевик (Экшен),Криминал,Криминальный,Современное кино (2000–2020),5.98,102241,Punisher: War Zone,5.9,4.4
Контрудар,Боевик (Экшен),Военный,Военный,Новинки (2020–2025),7.83,44906,,6.9,0
Святой,Боевик (Экшен),Приключения,Шпионский,Классика (до 2000 года),5.988,4133,The Saint,6.2,4.6
Люди Икс,Боевик (Экшен),Фантастика,Супергеройский,Современное кино (2000–2020),7.677,886,X-Men,7.3,7
Адреналин в крови 2,Боевик (Экшен),Криминал,Криминальный,Современное кино (2000–2020),0,310028,Shiva,4,0
Гемини,Боевик (Экшен),Фантастика,Фантастический,Современное кино (2000–2020),5.942,462851,Gemini Man,5.7,4.7
Хаос,Боевик (Экшен),Криминал,Криминальный,Современное кино (2000–2020),7.184,81101,Chaos,6.4,0
Джон Уик,Боевик (Экшен),Криминал,Криминальный,Современное кино (2000–2020),7.028,762738,John Wick,7.5,7
На гребне волны,Боевик (Экшен),Криминал,Криминальный,Классика (до 2000 года),7.879,1990,Point Break,7.3,6.3
Завтра не умрет никогда,Боевик (Экшен),Триллер,Шпионский,Классика (до 2000 года),7.099,8141,Tomorrow Never Dies,6.5,6.1
Другие 48 часов,Боевик (Экшен),Криминал,Криминальный,Классика (до 2000 года),6.729,2693,Another 48 Hrs.,5.9,4.3
Неудержимый,Боевик (Экшен),Криминал,Криминальный,Современное кино (2000–2020),6.115,463475,Bullet to the Head,5.7,5.1
Дракон,Боевик (Экшен),Драма,Криминальный,Современное кино (2000–2020),8.002,256067,,8,0
Люди Икс: Апокалипсис,Боевик (Экшен),Фантастика,Супергеройский,Современное кино (2000–2020),6.972,814016,X-Men: Apocalypse,6.8,5.6
Пороховой коктейль,Боевик (Экшен),Криминал,Криминальный,Новинки (2020–2025),6.379,1236634,Gunpowder Milkshake,6.1,5.9
Неудержимые 2,Боевик (Экшен),Приключения,Военный,Современное кино (2000–2020),6.986,571288,The Expendables 2,6.6,5.9
Смокинг,Боевик (Экшен),Криминал,Криминальный,Современное кино (2000–2020),6.905,2930,The Tuxedo,5.4,4.4
Стритрейсеры,Боевик (Экшен),Криминал,Криминальный,Современное кино (2000–2020),3.645,259281,,2.8,0
Need for Speed: Жажда скорости,Боевик (Экшен),Криминал,Криминальный,Современное кино (2000–2020),6.842,678975,Need for Speed,6.4,4.4
Голдфингер,Боевик (Экшен),Триллер,Шпионский,Классика (до 2000 года),7.647,8192,Goldfinger,7.7,8.7
Легендарный,Боевик (Экшен),Криминал,Криминальный,Новинки (2020–2025),6.809,491004,Legendary,6.1,4.8
Опасный Бангкок,Боевик (Экшен),Криминал,Криминальный,Современное кино (2000–2020),6.115,258777,Bangkok Dangerous,5.3,3.4
Шазам!,Боевик (Экшен),Фантастика,Супергеройский,Современное кино (2000–2020),6.693,840372,Shazam!,7,7.3
Шпионы по соседству,Боевик (Экшен),Семейный,Шпионский,Современное кино (2000–2020),5.952,681503,Keeping Up with the Joneses,5.9,4.4
Смертельная гонка,Боевик (Экшен),Фантастика,Фантастический,Современное кино (2000–2020),7.078,102136,Death Race,6.4,4.9
Ип Ман 3,Боевик (Экшен),Биографический,Другое,Современное кино (2000–2020),7.363,762466,Yip Man 3,7,6.3
Универсальный солдат 4,Боевик (Экшен),Фантастика,Фантастический,Современное кино (2000–2020),4.558,521607,Universal Soldier: Day of Reckoning,5.1,5.6
Электрошок,Боевик (Экшен),Криминал,Криминальный,Современное кино (2000–2020),6.352,900,Shocker,5.5,4.3
Капитан Марвел,Боевик (Экшен),Фантастика,Супергеройский,Современное кино (2000–2020),6.499,843859,Captain Marvel,6.7,6.8
Битва проклятых,Боевик (Экшен),Фантастика,Фантастический,Современное кино (2000–2020),4.457,665332,Battle of the Damned,4.5,0
Подземка,Боевик (Экшен),Драма,Другое,Современное кино (2000–2020),7.091,14305,Subway,6.5,5.7
Эволюция Борна,Боевик (Экшен),Триллер,Шпионский,Современное кино (2000–2020),6.624,409194,The Bourne Legacy,6.6,5.9
История одного назначения,Боевик (Экшен),Военный,Военный,Новинки (2020–2025),7.06,1046035,,6.6,0
Возвращение Супермена,Боевик (Экшен),Фантастика,Супергеройский,Современное кино (2000–2020),5.71,38472,Superman Returns,6.1,7
Железный человек,Боевик (Экшен),Фантастика,Супергеройский,Современное кино (2000–2020),7.976,61237,Iron Man,7.9,7.7
Доспехи Бога,Боевик (Экшен),Приключения,Другое,Классика (до 2000 года),7.944,24705,Lung hing foo dai,6.9,6.5
Звериная ярость,Боевик (Экшен),Приключения,Другое,Новинки (2020–2025),6.462,1095690,Primal,4.9,4.2
Смертельная битва 2: Истребление,Боевик (Экшен),Фэнтези,Фантастический,Классика (до 2000 года),5.809,6842,Mortal Kombat: Annihilation,3.6,2.5
Саботаж,Боевик (Экшен),Криминал,Криминальный,Современное кино (2000–2020),5.746,568378,Sabotage,5.7,4.4
Пламя,Боевик (Экшен),Драма,Другое,Новинки (2020–2025),7.392,468762,,7.2,0
Рэмбо 3,Боевик (Экшен),Военный,Военный,Классика (до 2000 года),5.822,8168,Rambo III,5.8,4.7
Каратэ-пацан,Боевик (Экшен),Семейный,Другое,Классика (до 2000 года),7.141,412162,The Karate Kid,6.2,6.2
