0;1;2;3;4;5;6;7;8;9;10;11;12;13;14;15;16;17;18;20_похожих
Достать ножи;Детектив;Комедия;Классический;Современное кино (2000–2020);7.9;;;;;;;;;;;;;;"Достать ножи;Достать ножи;Новогодний детектив;Шерлок Холмс и доктор Ватсон: Охота на тигра;Шарада;Деревенский детектив;Покерфейс;Тонкий человек;Достать ножи: Стеклянная луковица;Достать ножи 2: Стеклянная луковица;Вероника Марс;Врожденный порок;Шерлок: Безобразная невеста;Шерлок Холмс;Шерлок Холмс: Игра теней;Частный детектив;Нэнси Дрю;Кирпич;Госфорд парк;Убийство в Восточном экспрессе"
Достать ножи;Детектив;Комедия;Классический;Современное кино (2000–2020);8.167;1188529;Knives Out;7.9;8.3;;;;;;;;;;"Достать ножи;Достать ножи;Новогодний детектив;Шерлок Холмс и доктор Ватсон: Охота на тигра;Шарада;Деревенский детектив;Покерфейс;Тонкий человек;Достать ножи: Стеклянная луковица;Достать ножи 2: Стеклянная луковица;Вероника Марс;Врожденный порок;Шерлок: Безобразная невеста;Шерлок Холмс;Шерлок Холмс: Игра теней;Частный детектив;Нэнси Дрю;Кирпич;Госфорд парк;Убийство в Восточном экспрессе"
Дьявол в голубом платье;Детектив;Криминал;Криминальный;Классика (до 2000 года);6.619;9932;Devil in a Blue Dress;6.8;7.6;;;;;;;;;;"Секреты Лос-Анджелеса;Дело Румянцева;Маленький свидетель;Место встречи;К расследованию приступить. Фильм 2: Клевета;Человек тьмы;Седьмая пуля;Дик Трэйси;Инспектор уголовного розыска;Полночь на злаковом поле;Мистериум. Журнал 64;Ко мне, Мухтар!;Воспоминания об убийстве;Двойная рокировка;Прощай, детка, прощай;Расследование;Каменская: Смерть ради смерти;Каменская: Чужая маска;Каменская: Убийца поневоле;Каменская: Игра на чужом поле"
Дело Коллини;Детектив;Драма;Исторический;Современное кино (2000–2020);7.973;1179501;Der Fall Collini;7.3;6.8;;;;;;;;;;"Настоятель;Тайна в его глазах;Госфорд парк;Мистер Холмс;Тайна в их глазах;Воскресение Христа;Турецкий гамбит;Статский советник;Заговорщица;Сыщик Петербургской полиции;Азазель;Молодой детектив Ди: Восстание морского дракона;Видок: Охотник на призраков;Мышеловка;Китайский квартал;Секретное досье;Где находится Нофелет?;Признать виновным;Последнее завещание Нобеля;Море волнуется раз"
Секретное досье;Детектив;Драма;Классический;Классика (до 2000 года);6.762;1040567;The Post;7.2;7.9;;;;;;;;;;"Мышеловка;Китайский квартал;Море волнуется раз;Перекрестный огонь;Госфорд парк;Мистер Холмс;Последнее завещание Нобеля;Шерлок Холмс и доктор Ватсон: Знакомство;Приключения Шерлока Холмса и доктора Ватсона: Собака Баскервилей;Шерлок Холмс и доктор Ватсон: Охота на тигра;Шерлок Холмс и доктор Ватсон: Король шантажа;Приключения Шерлока Холмса и доктора Ватсона: Охота на тигра;Шерлок Холмс и доктор Ватсон: Смертельная схватка;Шерлок Холмс и доктор Ватсон: Кровавая надпись;Шерлок Холмс и доктор Ватсон: Сокровища Агры;Шерлок Холмс и доктор Ватсон: Двадцатый век начинается;Шарада;Десять негритят;Мальтийский сокол;Вся президентская рать"
Каменская: Смерть ради смерти;Детектив;Криминал;Криминальный;Современное кино (2000–2020);7.821;94331;;6.2;0;;;;;;;;;;"Мистериум. Журнал 64;Ко мне, Мухтар!;Воспоминания об убийстве;Прощай, детка, прощай;Расследование;Каменская: Чужая маска;Каменская: Убийца поневоле;Каменская: Игра на чужом поле;Каменская: Не мешайте палачу;Каменская: Шестерки умирают первыми;Парижские тайны;Сиротский Бруклин;Каменская: Иллюзия греха;Убийства по открыткам;Улики;Секреты Лос-Анджелеса;Двойная рокировка;Дело Румянцева;Маленький свидетель;Место встречи"
Тайна в их глазах;Детектив;Драма;Психологический;Современное кино (2000–2020);6.735;568355;Secret in Their Eyes;6.3;5.3;;;;;;;;;;"Признать виновным;Тайна в его глазах;Дело Коллини;Госфорд парк;Мистер Холмс;Каменская: За все надо платить;Каменская: Украденный сон;Странный Томас;Экстрасенс;Мышеловка;Китайский квартал;Секретное досье;Где находится Нофелет?;Последнее завещание Нобеля;Море волнуется раз;Настоятель;Перекрестный огонь;Герда;Ловушка для одинокого мужчины;Решение уйти"
Город тайн;Детектив;Исторический;Исторический;Новинки (2020–2025);6.881;1217828;The Dry;6.8;7.2;;;;;;;;;;"Тайна Бургундского двора;Хинтерленд: город грехов;Без срока давности;Кромовъ;Воскресение Христа;Турецкий гамбит;Имя розы;Статский советник;Заговорщица;Сыщик Петербургской полиции;Азазель;Уотергейт. Крушение Белого дома;Настоятель;Шерлок Холмс и доктор Ватсон: Смертельная схватка;Шерлок Холмс и доктор Ватсон: Кровавая надпись;Шерлок Холмс и доктор Ватсон: Двадцатый век начинается;Дело Коллини;Молодой детектив Ди: Восстание морского дракона;Видок: Охотник на призраков;Пароль знали двое"
Версия полковника Зорина;Детектив;Криминал;Криминальный;Новинки (2020–2025);6.895;45731;;6.7;0;;;;;;;;;;"Двойная рокировка;Убийство на Ждановской;Филер;Пропажа свидетеля;Убийство на 100 миллионов;Убийство у моря;Предварительное расследование;Сломанная подкова;Нужные люди;Мистериум. Журнал 64;Секреты Лос-Анджелеса;Ко мне, Мухтар!;Воспоминания об убийстве;Дело Румянцева;Маленький свидетель;Прощай, детка, прощай;Расследование;Место встречи;Каменская: Смерть ради смерти;Каменская: Чужая маска"
Каменская: Чужая маска;Детектив;Криминал;Криминальный;Современное кино (2000–2020);7.821;94331;;6.2;0;;;;;;;;;;"Мистериум. Журнал 64;Ко мне, Мухтар!;Воспоминания об убийстве;Прощай, детка, прощай;Расследование;Каменская: Смерть ради смерти;Каменская: Убийца поневоле;Каменская: Игра на чужом поле;Каменская: Не мешайте палачу;Каменская: Шестерки умирают первыми;Парижские тайны;Сиротский Бруклин;Каменская: Иллюзия греха;Убийства по открыткам;Улики;Секреты Лос-Анджелеса;Двойная рокировка;Дело Румянцева;Маленький свидетель;Место встречи"
Долгое прощание;Детектив;Криминал;Классический;Классика (до 2000 года);7.143;6307;The Long Goodbye;7.5;8.5;;;;;;;;;;"Шерлок Холмс и доктор Ватсон: Знакомство;Шерлок Холмс и доктор Ватсон: Король шантажа;Мальтийский сокол;Улика;Чисто английское убийство;Детектив Буллитт;Клетка для канареек;Мичман Панин;Тайна Черных дроздов;Смерть под парусом;Следствием установлено;Выстрел в тумане;Загадка Эндхауза;Мальтийский крест;Частный детектив;Кирпич;Убийство в Восточном экспрессе;Скрюченный домишко;Мегрэ и таинственная девушка;Убийство на яхте"
Маленький свидетель;Детектив;Криминал;Криминальный;Классика (до 2000 года);7.401;97586;Pasivadi Pranam;7.8;0;;;;;;;;;;"Секреты Лос-Анджелеса;Дело Румянцева;Место встречи;К расследованию приступить. Фильм 2: Клевета;Дьявол в голубом платье;Человек тьмы;Седьмая пуля;Дик Трэйси;Инспектор уголовного розыска;Полночь на злаковом поле;Мистериум. Журнал 64;Ко мне, Мухтар!;Воспоминания об убийстве;Двойная рокировка;Прощай, детка, прощай;Расследование;Каменская: Смерть ради смерти;Каменская: Чужая маска;Каменская: Убийца поневоле;Каменская: Игра на чужом поле"
Предварительное расследование;Детектив;Криминал;Криминальный;Новинки (2020–2025);6.216;43232;;5.9;0;;;;;;;;;;"Двойная рокировка;Версия полковника Зорина;Убийство на Ждановской;Филер;Пропажа свидетеля;Убийство на 100 миллионов;Убийство у моря;Сломанная подкова;Нужные люди;Мистериум. Журнал 64;Секреты Лос-Анджелеса;Ко мне, Мухтар!;Воспоминания об убийстве;Дело Румянцева;Маленький свидетель;Прощай, детка, прощай;Расследование;Место встречи;Каменская: Смерть ради смерти;Каменская: Чужая маска"
Убийства по открыткам;Детектив;Криминал;Криминальный;Современное кино (2000–2020);6.283;977990;The Postcard Killings;5.8;4.2;;;;;;;;;;"Мистериум. Журнал 64;Ко мне, Мухтар!;Воспоминания об убийстве;Прощай, детка, прощай;Расследование;Каменская: Смерть ради смерти;Каменская: Чужая маска;Каменская: Убийца поневоле;Каменская: Игра на чужом поле;Каменская: Не мешайте палачу;Каменская: Шестерки умирают первыми;Парижские тайны;Сиротский Бруклин;Каменская: Иллюзия греха;Улики;Секреты Лос-Анджелеса;Двойная рокировка;Дело Румянцева;Маленький свидетель;Место встречи"
Каменская: За все надо платить;Детектив;Криминал;Психологический;Современное кино (2000–2020);7.821;94331;;6.2;0;;;;;;;;;;"Каменская: Украденный сон;Мистериум. Журнал 64;Ко мне, Мухтар!;Воспоминания об убийстве;Прощай, детка, прощай;Расследование;Частный детектив;Каменская: Смерть ради смерти;Каменская: Чужая маска;Каменская: Убийца поневоле;Кирпич;Каменская: Игра на чужом поле;Каменская: Не мешайте палачу;Каменская: Шестерки умирают первыми;Парижские тайны;Сиротский Бруклин;Каменская: Иллюзия греха;Убийство в Восточном экспрессе;Скрюченный домишко;Убийства по открыткам"
Каменская: Иллюзия греха;Детектив;Криминал;Криминальный;Современное кино (2000–2020);6.79;862939;Mal de pierres;6.6;4.7;;;;;;;;;;"Мистериум. Журнал 64;Ко мне, Мухтар!;Воспоминания об убийстве;Прощай, детка, прощай;Расследование;Каменская: Смерть ради смерти;Каменская: Чужая маска;Каменская: Убийца поневоле;Каменская: Игра на чужом поле;Каменская: Не мешайте палачу;Каменская: Шестерки умирают первыми;Парижские тайны;Сиротский Бруклин;Убийства по открыткам;Улики;Секреты Лос-Анджелеса;Двойная рокировка;Дело Румянцева;Маленький свидетель;Место встречи"
Мистериум. Журнал 64;Детектив;Криминал;Криминальный;Современное кино (2000–2020);7.49;1045598;Journal 64;7.4;0;;;;;;;;;;"Ко мне, Мухтар!;Воспоминания об убийстве;Прощай, детка, прощай;Расследование;Каменская: Смерть ради смерти;Каменская: Чужая маска;Каменская: Убийца поневоле;Каменская: Игра на чужом поле;Каменская: Не мешайте палачу;Каменская: Шестерки умирают первыми;Парижские тайны;Сиротский Бруклин;Каменская: Иллюзия греха;Убийства по открыткам;Улики;Секреты Лос-Анджелеса;Двойная рокировка;Дело Румянцева;Маленький свидетель;Место встречи"
Сыщик Петербургской полиции;Детектив;Исторический;Исторический;Современное кино (2000–2020);7.088;41110;;6.8;0;;;;;;;;;;"Воскресение Христа;Турецкий гамбит;Статский советник;Заговорщица;Азазель;Имя розы;Город тайн;Тайна Бургундского двора;Уотергейт. Крушение Белого дома;Хинтерленд: город грехов;Без срока давности;Кромовъ;Дело Коллини;Молодой детектив Ди: Восстание морского дракона;Видок: Охотник на призраков;Шерлок Холмс и доктор Ватсон: Смертельная схватка;Шерлок Холмс и доктор Ватсон: Кровавая надпись;Шерлок Холмс и доктор Ватсон: Двадцатый век начинается;Пароль знали двое;Настоятель"
Тайна Бургундского двора;Детектив;Исторический;Исторический;Новинки (2020–2025);7.301;56797;Le miracle des loups;6.1;0;;;;;;;;;;"Город тайн;Хинтерленд: город грехов;Без срока давности;Кромовъ;Воскресение Христа;Турецкий гамбит;Имя розы;Статский советник;Заговорщица;Сыщик Петербургской полиции;Азазель;Уотергейт. Крушение Белого дома;Настоятель;Шерлок Холмс и доктор Ватсон: Смертельная схватка;Шерлок Холмс и доктор Ватсон: Кровавая надпись;Шерлок Холмс и доктор Ватсон: Двадцатый век начинается;Дело Коллини;Молодой детектив Ди: Восстание морского дракона;Видок: Охотник на призраков;Пароль знали двое"
Шерлок: Безобразная невеста;Детектив;Триллер;Классический;Современное кино (2000–2020);8.853;502838;Sherlock;9;0;;;;;;;;;;"Убийства в Оксфорде;Десять негритят;Смерть на Ниле;Уснувший пассажир;Ошибка резидента;Цветы от Лизы;Достать ножи;Достать ножи;Достать ножи;Шерлок Холмс;Шерлок Холмс: Игра теней;Частный детектив;Нэнси Дрю;Кирпич;Госфорд парк;Убийство в Восточном экспрессе;Мистер Холмс;Скрюченный домишко;Новогодний детектив;Игра теней"
Шарада;Детектив;Комедия;Классический;Классика (до 2000 года);7.902;480;Charade;7.8;8.4;;;;;;;;;;"Шерлок Холмс и доктор Ватсон: Охота на тигра;Деревенский детектив;Тонкий человек;Достать ножи;Достать ножи;Достать ножи;Покерфейс;Достать ножи: Стеклянная луковица;Достать ножи 2: Стеклянная луковица;Новогодний детектив;Мышеловка;Шерлок Холмс и доктор Ватсон: Знакомство;Приключения Шерлока Холмса и доктора Ватсона: Собака Баскервилей;Шерлок Холмс и доктор Ватсон: Король шантажа;Приключения Шерлока Холмса и доктора Ватсона: Охота на тигра;Шерлок Холмс и доктор Ватсон: Смертельная схватка;Шерлок Холмс и доктор Ватсон: Кровавая надпись;Шерлок Холмс и доктор Ватсон: Сокровища Агры;Шерлок Холмс и доктор Ватсон: Двадцатый век начинается;Китайский квартал"
Мегрэ и таинственная девушка;Детектив;Криминал;Классический;Новинки (2020–2025);6.537;1281741;Maigret;5.9;7.1;;;;;;;;;;"Убийство на яхте;Марлоу;Шерлок Холмс и доктор Ватсон: Знакомство;Шерлок Холмс и доктор Ватсон: Король шантажа;Мальтийский сокол;Улика;Долгое прощание;Чисто английское убийство;Детектив Буллитт;Клетка для канареек;Частный детектив;Кирпич;Мичман Панин;Тайна Черных дроздов;Смерть под парусом;Убийство в Восточном экспрессе;Скрюченный домишко;Следствием установлено;Выстрел в тумане;Загадка Эндхауза"
Каменская: Украденный сон;Детектив;Криминал;Психологический;Современное кино (2000–2020);7.821;94331;;6.2;0;;;;;;;;;;"Каменская: За все надо платить;Мистериум. Журнал 64;Ко мне, Мухтар!;Воспоминания об убийстве;Прощай, детка, прощай;Расследование;Частный детектив;Каменская: Смерть ради смерти;Каменская: Чужая маска;Каменская: Убийца поневоле;Кирпич;Каменская: Игра на чужом поле;Каменская: Не мешайте палачу;Каменская: Шестерки умирают первыми;Парижские тайны;Сиротский Бруклин;Каменская: Иллюзия греха;Убийство в Восточном экспрессе;Скрюченный домишко;Убийства по открыткам"
Уснувший пассажир;Детектив;Триллер;Классический;Классика (до 2000 года);5.951;411823;;5.8;0;;;;;;;;;;"Десять негритят;Шерлок: Безобразная невеста;Смерть на Ниле;Убийства в Оксфорде;Ловушка для одинокого мужчины;Море любви;Сыщик;Молчание доктора Ивенса;Свидетель;Мышеловка;Шерлок Холмс и доктор Ватсон: Знакомство;Приключения Шерлока Холмса и доктора Ватсона: Собака Баскервилей;Шерлок Холмс и доктор Ватсон: Охота на тигра;Шерлок Холмс и доктор Ватсон: Король шантажа;Приключения Шерлока Холмса и доктора Ватсона: Охота на тигра;Шерлок Холмс и доктор Ватсон: Смертельная схватка;Шерлок Холмс и доктор Ватсон: Кровавая надпись;Шерлок Холмс и доктор Ватсон: Сокровища Агры;Шерлок Холмс и доктор Ватсон: Двадцатый век начинается;Шарада"
Ловушка для одинокого мужчины;Детектив;Триллер;Психологический;Классика (до 2000 года);7.852;45121;;6.7;0;;;;;;;;;;"Сыщик;Молчание доктора Ивенса;Решение уйти;Без изъяна;Детектор лжи;Вечерний лабиринт;Черная чайка;На ощупь;Именинница;Десять негритят;Море любви;Уснувший пассажир;Свидетель;Шерлок: Безобразная невеста;Ошибка резидента;Один из нас;Смерть на Ниле;Южные ночи;Убийства в Оксфорде;Цветы от Лизы"
Каменская: Убийца поневоле;Детектив;Криминал;Криминальный;Современное кино (2000–2020);7.821;94331;;6.2;0;;;;;;;;;;"Мистериум. Журнал 64;Ко мне, Мухтар!;Воспоминания об убийстве;Прощай, детка, прощай;Расследование;Каменская: Смерть ради смерти;Каменская: Чужая маска;Каменская: Игра на чужом поле;Каменская: Не мешайте палачу;Каменская: Шестерки умирают первыми;Парижские тайны;Сиротский Бруклин;Каменская: Иллюзия греха;Убийства по открыткам;Улики;Секреты Лос-Анджелеса;Двойная рокировка;Дело Румянцева;Маленький свидетель;Место встречи"
Ко мне, Мухтар!;Детектив;Криминал;Криминальный;Современное кино (2000–2020);8.167;44835;;7.7;0;;;;;;;;;;"Мистериум. Журнал 64;Воспоминания об убийстве;Прощай, детка, прощай;Расследование;Каменская: Смерть ради смерти;Каменская: Чужая маска;Каменская: Убийца поневоле;Каменская: Игра на чужом поле;Каменская: Не мешайте палачу;Каменская: Шестерки умирают первыми;Парижские тайны;Сиротский Бруклин;Каменская: Иллюзия греха;Убийства по открыткам;Улики;Секреты Лос-Анджелеса;Двойная рокировка;Дело Румянцева;Маленький свидетель;Место встречи"
Воскресение Христа;Детектив;Исторический;Исторический;Современное кино (2000–2020);0;817560;Billy Crystal: 700 Sundays;8.3;0;;;;;;;;;;"Турецкий гамбит;Статский советник;Заговорщица;Сыщик Петербургской полиции;Азазель;Имя розы;Город тайн;Тайна Бургундского двора;Уотергейт. Крушение Белого дома;Хинтерленд: город грехов;Без срока давности;Кромовъ;Дело Коллини;Молодой детектив Ди: Восстание морского дракона;Видок: Охотник на призраков;Шерлок Холмс и доктор Ватсон: Смертельная схватка;Шерлок Холмс и доктор Ватсон: Кровавая надпись;Шерлок Холмс и доктор Ватсон: Двадцатый век начинается;Пароль знали двое;Настоятель"
Сломанная подкова;Детектив;Криминал;Криминальный;Новинки (2020–2025);6.345;43850;;5.2;0;;;;;;;;;;"Двойная рокировка;Версия полковника Зорина;Убийство на Ждановской;Филер;Пропажа свидетеля;Убийство на 100 миллионов;Убийство у моря;Предварительное расследование;Нужные люди;Мистериум. Журнал 64;Секреты Лос-Анджелеса;Ко мне, Мухтар!;Воспоминания об убийстве;Дело Румянцева;Маленький свидетель;Прощай, детка, прощай;Расследование;Место встречи;Каменская: Смерть ради смерти;Каменская: Чужая маска"
Смерть на Ниле;Детектив;Триллер;Классический;Новинки (2020–2025);6.494;1103803;Death on the Nile;6.3;5.9;;;;;;;;;;"Шерлок: Безобразная невеста;Десять негритят;Убийства в Оксфорде;Уснувший пассажир;Решение уйти;Без изъяна;Детектор лжи;Один из нас;Вечерний лабиринт;Южные ночи;Черная чайка;На ощупь;Именинница;Покерфейс;Достать ножи: Стеклянная луковица;Достать ножи 2: Стеклянная луковица;Энола Холмс;Мегрэ и таинственная девушка;Убийство на яхте;Последнее завещание Нобеля"
Марлоу;Детектив;Криминал;Классический;Новинки (2020–2025);6.414;1063008;Marlowe;5.4;4.8;;;;;;;;;;"Мегрэ и таинственная девушка;Убийство на яхте;Шерлок Холмс и доктор Ватсон: Знакомство;Шерлок Холмс и доктор Ватсон: Король шантажа;Мальтийский сокол;Улика;Долгое прощание;Чисто английское убийство;Детектив Буллитт;Клетка для канареек;Частный детектив;Кирпич;Мичман Панин;Тайна Черных дроздов;Смерть под парусом;Убийство в Восточном экспрессе;Скрюченный домишко;Следствием установлено;Выстрел в тумане;Загадка Эндхауза"
Смерть под парусом;Детектив;Криминал;Классический;Классика (до 2000 года);7.179;412134;;6.3;0;;;;;;;;;;"Шерлок Холмс и доктор Ватсон: Знакомство;Шерлок Холмс и доктор Ватсон: Король шантажа;Мальтийский сокол;Улика;Долгое прощание;Чисто английское убийство;Детектив Буллитт;Клетка для канареек;Мичман Панин;Тайна Черных дроздов;Следствием установлено;Выстрел в тумане;Загадка Эндхауза;Мальтийский крест;Частный детектив;Кирпич;Убийство в Восточном экспрессе;Скрюченный домишко;Мегрэ и таинственная девушка;Убийство на яхте"
Дело Румянцева;Детектив;Криминал;Криминальный;Классика (до 2000 года);8.009;44126;;7.3;0;;;;;;;;;;"Секреты Лос-Анджелеса;Маленький свидетель;Место встречи;К расследованию приступить. Фильм 2: Клевета;Дьявол в голубом платье;Человек тьмы;Седьмая пуля;Дик Трэйси;Инспектор уголовного розыска;Полночь на злаковом поле;Мистериум. Журнал 64;Ко мне, Мухтар!;Воспоминания об убийстве;Двойная рокировка;Прощай, детка, прощай;Расследование;Каменская: Смерть ради смерти;Каменская: Чужая маска;Каменская: Убийца поневоле;Каменская: Игра на чужом поле"
Чисто английское убийство;Детектив;Криминал;Классический;Классика (до 2000 года);7.647;45512;;6.9;0;;;;;;;;;;"Шерлок Холмс и доктор Ватсон: Знакомство;Шерлок Холмс и доктор Ватсон: Король шантажа;Мальтийский сокол;Улика;Долгое прощание;Детектив Буллитт;Клетка для канареек;Мичман Панин;Тайна Черных дроздов;Смерть под парусом;Следствием установлено;Выстрел в тумане;Загадка Эндхауза;Мальтийский крест;Частный детектив;Кирпич;Убийство в Восточном экспрессе;Скрюченный домишко;Мегрэ и таинственная девушка;Убийство на яхте"
Турецкий гамбит;Детектив;Исторический;Исторический;Современное кино (2000–2020);8.081;542445;;0;0;;;;;;;;;;"Воскресение Христа;Статский советник;Заговорщица;Сыщик Петербургской полиции;Азазель;Имя розы;Город тайн;Тайна Бургундского двора;Уотергейт. Крушение Белого дома;Хинтерленд: город грехов;Без срока давности;Кромовъ;Дело Коллини;Молодой детектив Ди: Восстание морского дракона;Видок: Охотник на призраков;Шерлок Холмс и доктор Ватсон: Смертельная схватка;Шерлок Холмс и доктор Ватсон: Кровавая надпись;Шерлок Холмс и доктор Ватсон: Двадцатый век начинается;Пароль знали двое;Настоятель"
Улики;Детектив;Криминал;Криминальный;Современное кино (2000–2020);5.912;582595;Evidence;5.3;3.1;;;;;;;;;;"Мистериум. Журнал 64;Ко мне, Мухтар!;Воспоминания об убийстве;Прощай, детка, прощай;Расследование;Каменская: Смерть ради смерти;Каменская: Чужая маска;Каменская: Убийца поневоле;Каменская: Игра на чужом поле;Каменская: Не мешайте палачу;Каменская: Шестерки умирают первыми;Парижские тайны;Сиротский Бруклин;Каменская: Иллюзия греха;Убийства по открыткам;Секреты Лос-Анджелеса;Двойная рокировка;Дело Румянцева;Маленький свидетель;Место встречи"
Седьмая пуля;Детектив;Криминал;Криминальный;Классика (до 2000 года);6.584;43643;;6.4;0;;;;;;;;;;"Секреты Лос-Анджелеса;Дело Румянцева;Маленький свидетель;Место встречи;К расследованию приступить. Фильм 2: Клевета;Дьявол в голубом платье;Человек тьмы;Дик Трэйси;Инспектор уголовного розыска;Полночь на злаковом поле;Мистериум. Журнал 64;Ко мне, Мухтар!;Воспоминания об убийстве;Двойная рокировка;Прощай, детка, прощай;Расследование;Каменская: Смерть ради смерти;Каменская: Чужая маска;Каменская: Убийца поневоле;Каменская: Игра на чужом поле"
Без изъяна;Детектив;Триллер;Психологический;Новинки (2020–2025);7.337;252502;Flawless;6.7;5.7;;;;;;;;;;"Решение уйти;Детектор лжи;Вечерний лабиринт;Черная чайка;На ощупь;Именинница;Ловушка для одинокого мужчины;Сыщик;Молчание доктора Ивенса;Один из нас;Смерть на Ниле;Южные ночи;Признать виновным;Мой нежно любимый детектив;Шерлок: Безобразная невеста;Десять негритят;Ошибка резидента;Море любви;Убийства в Оксфорде;Цветы от Лизы"
Море любви;Детектив;Триллер;Криминальный;Классика (до 2000 года);7.356;4875;Sea of Love;6.8;6.8;;;;;;;;;;"Свидетель;Ошибка резидента;Один из нас;Южные ночи;Цветы от Лизы;Десять негритят;Ловушка для одинокого мужчины;Сыщик;Молчание доктора Ивенса;Уснувший пассажир;Секреты Лос-Анджелеса;Дело Румянцева;Маленький свидетель;Место встречи;К расследованию приступить. Фильм 2: Клевета;Дьявол в голубом платье;Генеральская дочь;Человек тьмы;Седьмая пуля;Дик Трэйси"
Статский советник;Детектив;Исторический;Исторический;Современное кино (2000–2020);7.408;94111;;7;0;;;;;;;;;;"Воскресение Христа;Турецкий гамбит;Заговорщица;Сыщик Петербургской полиции;Азазель;Имя розы;Город тайн;Тайна Бургундского двора;Уотергейт. Крушение Белого дома;Хинтерленд: город грехов;Без срока давности;Кромовъ;Дело Коллини;Молодой детектив Ди: Восстание морского дракона;Видок: Охотник на призраков;Шерлок Холмс и доктор Ватсон: Смертельная схватка;Шерлок Холмс и доктор Ватсон: Кровавая надпись;Шерлок Холмс и доктор Ватсон: Двадцатый век начинается;Пароль знали двое;Настоятель"
Сыщик;Детектив;Триллер;Психологический;Классика (до 2000 года);7.122;260983;Sleuth;6.3;5.2;;;;;;;;;;"Ловушка для одинокого мужчины;Молчание доктора Ивенса;Решение уйти;Без изъяна;Детектор лжи;Вечерний лабиринт;Черная чайка;На ощупь;Именинница;Десять негритят;Море любви;Уснувший пассажир;Свидетель;Шерлок: Безобразная невеста;Ошибка резидента;Один из нас;Смерть на Ниле;Южные ночи;Убийства в Оксфорде;Цветы от Лизы"
Молчание доктора Ивенса;Детектив;Триллер;Психологический;Классика (до 2000 года);6.848;95439;;6.2;0;;;;;;;;;;"Ловушка для одинокого мужчины;Сыщик;Решение уйти;Без изъяна;Детектор лжи;Вечерний лабиринт;Черная чайка;На ощупь;Именинница;Десять негритят;Море любви;Уснувший пассажир;Свидетель;Шерлок: Безобразная невеста;Ошибка резидента;Один из нас;Смерть на Ниле;Южные ночи;Убийства в Оксфорде;Цветы от Лизы"
Азазель;Детектив;Исторический;Исторический;Современное кино (2000–2020);7.246;79568;;6.3;0;;;;;;;;;;"Воскресение Христа;Турецкий гамбит;Статский советник;Заговорщица;Сыщик Петербургской полиции;Имя розы;Город тайн;Тайна Бургундского двора;Уотергейт. Крушение Белого дома;Хинтерленд: город грехов;Без срока давности;Кромовъ;Дело Коллини;Молодой детектив Ди: Восстание морского дракона;Видок: Охотник на призраков;Шерлок Холмс и доктор Ватсон: Смертельная схватка;Шерлок Холмс и доктор Ватсон: Кровавая надпись;Шерлок Холмс и доктор Ватсон: Двадцатый век начинается;Пароль знали двое;Настоятель"
Герда;Детектив;Драма;Криминальный;Новинки (2020–2025);5.758;1311544;;5.5;0;;;;;;;;;;"Где находится Нофелет?;Тайна в его глазах;Признать виновным;Последнее завещание Нобеля;Настоятель;Двойная рокировка;Версия полковника Зорина;Убийство на Ждановской;Один из нас;Филер;Пропажа свидетеля;Южные ночи;Убийство на 100 миллионов;Убийство у моря;Предварительное расследование;Сломанная подкова;Нужные люди;Очень русский детектив;Мышеловка;Китайский квартал"
Врожденный порок;Детектив;Комедия;Криминальный;Современное кино (2000–2020);6.674;575301;Inherent Vice;6.6;7.2;;;;;;;;;;"Вероника Марс;Очень русский детектив;Достать ножи;Достать ножи;Достать ножи;Новогодний детектив;Мистериум. Журнал 64;Ко мне, Мухтар!;Воспоминания об убийстве;Ошибка резидента;Тайна в его глазах;Прощай, детка, прощай;Расследование;Каменская: Смерть ради смерти;Каменская: Чужая маска;Каменская: Убийца поневоле;Каменская: Игра на чужом поле;Каменская: Не мешайте палачу;Каменская: Шестерки умирают первыми;Парижские тайны"
Скрюченный домишко;Детектив;Криминал;Классический;Современное кино (2000–2020);6.8;591790;Crooked House;6.3;5.1;;;;;;;;;;"Частный детектив;Кирпич;Убийство в Восточном экспрессе;Шерлок Холмс и доктор Ватсон: Знакомство;Шерлок Холмс и доктор Ватсон: Король шантажа;Мальтийский сокол;Улика;Долгое прощание;Чисто английское убийство;Детектив Буллитт;Клетка для канареек;Мичман Панин;Тайна Черных дроздов;Смерть под парусом;Мегрэ и таинственная девушка;Следствием установлено;Выстрел в тумане;Убийство на яхте;Загадка Эндхауза;Марлоу"
Цветы от Лизы;Детектив;Триллер;Криминальный;Современное кино (2000–2020);6.293;532995;;0;0;;;;;;;;;;"Ошибка резидента;Море любви;Один из нас;Южные ночи;Свидетель;Шерлок: Безобразная невеста;Убийства в Оксфорде;Мистериум. Журнал 64;Вероника Марс;Ко мне, Мухтар!;Воспоминания об убийстве;Тайна в его глазах;Прощай, детка, прощай;Расследование;Каменская: Смерть ради смерти;Каменская: Чужая маска;Каменская: Убийца поневоле;Каменская: Игра на чужом поле;Каменская: Не мешайте палачу;Каменская: Шестерки умирают первыми"
Человек тьмы;Детектив;Криминал;Криминальный;Классика (до 2000 года);6.886;2912;Darkman;6.4;6.9;;;;;;;;;;"Секреты Лос-Анджелеса;Дело Румянцева;Маленький свидетель;Место встречи;К расследованию приступить. Фильм 2: Клевета;Дьявол в голубом платье;Седьмая пуля;Дик Трэйси;Инспектор уголовного розыска;Полночь на злаковом поле;Мистериум. Журнал 64;Ко мне, Мухтар!;Воспоминания об убийстве;Двойная рокировка;Прощай, детка, прощай;Расследование;Каменская: Смерть ради смерти;Каменская: Чужая маска;Каменская: Убийца поневоле;Каменская: Игра на чужом поле"
Секреты Лос-Анджелеса;Детектив;Криминал;Криминальный;Классика (до 2000 года);7.925;363;L.A. Confidential;8.2;9;;;;;;;;;;"Дело Румянцева;Маленький свидетель;Место встречи;К расследованию приступить. Фильм 2: Клевета;Дьявол в голубом платье;Человек тьмы;Седьмая пуля;Дик Трэйси;Инспектор уголовного розыска;Полночь на злаковом поле;Мистериум. Журнал 64;Ко мне, Мухтар!;Воспоминания об убийстве;Двойная рокировка;Прощай, детка, прощай;Расследование;Каменская: Смерть ради смерти;Каменская: Чужая маска;Каменская: Убийца поневоле;Каменская: Игра на чужом поле"
Море волнуется раз;Детектив;Драма;Классический;Классика (до 2000 года);5.811;4298812;;0;0;;;;;;;;;;"Мышеловка;Китайский квартал;Секретное досье;Перекрестный огонь;Госфорд парк;Мистер Холмс;Последнее завещание Нобеля;Шерлок Холмс и доктор Ватсон: Знакомство;Приключения Шерлока Холмса и доктора Ватсона: Собака Баскервилей;Шерлок Холмс и доктор Ватсон: Охота на тигра;Шерлок Холмс и доктор Ватсон: Король шантажа;Приключения Шерлока Холмса и доктора Ватсона: Охота на тигра;Шерлок Холмс и доктор Ватсон: Смертельная схватка;Шерлок Холмс и доктор Ватсон: Кровавая надпись;Шерлок Холмс и доктор Ватсон: Сокровища Агры;Шерлок Холмс и доктор Ватсон: Двадцатый век начинается;Шарада;Десять негритят;Мальтийский сокол;Вся президентская рать"
Нужные люди;Детектив;Криминал;Криминальный;Новинки (2020–2025);5.91;4867;People I Know;5.4;5.5;;;;;;;;;;"Двойная рокировка;Версия полковника Зорина;Убийство на Ждановской;Филер;Пропажа свидетеля;Убийство на 100 миллионов;Убийство у моря;Предварительное расследование;Сломанная подкова;Мистериум. Журнал 64;Секреты Лос-Анджелеса;Ко мне, Мухтар!;Воспоминания об убийстве;Дело Румянцева;Маленький свидетель;Прощай, детка, прощай;Расследование;Место встречи;Каменская: Смерть ради смерти;Каменская: Чужая маска"
Южные ночи;Детектив;Триллер;Криминальный;Новинки (2020–2025);7.024;673821;;5.7;0;;;;;;;;;;"Один из нас;Ошибка резидента;Море любви;Цветы от Лизы;Свидетель;Решение уйти;Без изъяна;Детектор лжи;Вечерний лабиринт;Смерть на Ниле;Черная чайка;На ощупь;Именинница;Двойная рокировка;Где находится Нофелет?;Версия полковника Зорина;Убийство на Ждановской;Филер;Пропажа свидетеля;Убийство на 100 миллионов"
Мальтийский сокол;Детектив;Криминал;Классический;Классика (до 2000 года);7.659;366;The Maltese Falcon;7.9;9.2;;;;;;;;;;"Шерлок Холмс и доктор Ватсон: Знакомство;Шерлок Холмс и доктор Ватсон: Король шантажа;Улика;Долгое прощание;Чисто английское убийство;Детектив Буллитт;Клетка для канареек;Мичман Панин;Тайна Черных дроздов;Смерть под парусом;Следствием установлено;Выстрел в тумане;Загадка Эндхауза;Мальтийский крест;Частный детектив;Кирпич;Убийство в Восточном экспрессе;Скрюченный домишко;Мегрэ и таинственная девушка;Убийство на яхте"
Шерлок Холмс и доктор Ватсон: Знакомство;Детектив;Криминал;Классический;Классика (до 2000 года);8.616;77269;;8.5;0;;;;;;;;;;"Шерлок Холмс и доктор Ватсон: Король шантажа;Мальтийский сокол;Улика;Долгое прощание;Чисто английское убийство;Детектив Буллитт;Клетка для канареек;Мичман Панин;Тайна Черных дроздов;Смерть под парусом;Следствием установлено;Выстрел в тумане;Загадка Эндхауза;Мальтийский крест;Частный детектив;Кирпич;Убийство в Восточном экспрессе;Скрюченный домишко;Мегрэ и таинственная девушка;Убийство на яхте"
Место встречи;Детектив;Криминал;Криминальный;Классика (до 2000 года);7.422;1059224;The Place;7;0;;;;;;;;;;"Секреты Лос-Анджелеса;Дело Румянцева;Маленький свидетель;К расследованию приступить. Фильм 2: Клевета;Дьявол в голубом платье;Человек тьмы;Седьмая пуля;Дик Трэйси;Инспектор уголовного розыска;Полночь на злаковом поле;Мистериум. Журнал 64;Ко мне, Мухтар!;Воспоминания об убийстве;Двойная рокировка;Прощай, детка, прощай;Расследование;Каменская: Смерть ради смерти;Каменская: Чужая маска;Каменская: Убийца поневоле;Каменская: Игра на чужом поле"
Имя розы;Детектив;Исторический;Исторический;Классика (до 2000 года);7.601;6500;Der Name der Rose;7.7;6.3;;;;;;;;;;"Уотергейт. Крушение Белого дома;Воскресение Христа;Турецкий гамбит;Статский советник;Заговорщица;Сыщик Петербургской полиции;Город тайн;Азазель;Тайна Бургундского двора;Хинтерленд: город грехов;Без срока давности;Кромовъ;Шерлок Холмс и доктор Ватсон: Смертельная схватка;Шерлок Холмс и доктор Ватсон: Кровавая надпись;Шерлок Холмс и доктор Ватсон: Двадцатый век начинается;Пароль знали двое;Дело Коллини;Молодой детектив Ди: Восстание морского дракона;Видок: Охотник на призраков;Настоятель"
Китайский квартал;Детектив;Драма;Классический;Классика (до 2000 года);7.706;365;Chinatown;8.1;9.5;;;;;;;;;;"Мышеловка;Секретное досье;Море волнуется раз;Перекрестный огонь;Госфорд парк;Мистер Холмс;Последнее завещание Нобеля;Шерлок Холмс и доктор Ватсон: Знакомство;Приключения Шерлока Холмса и доктора Ватсона: Собака Баскервилей;Шерлок Холмс и доктор Ватсон: Охота на тигра;Шерлок Холмс и доктор Ватсон: Король шантажа;Приключения Шерлока Холмса и доктора Ватсона: Охота на тигра;Шерлок Холмс и доктор Ватсон: Смертельная схватка;Шерлок Холмс и доктор Ватсон: Кровавая надпись;Шерлок Холмс и доктор Ватсон: Сокровища Агры;Шерлок Холмс и доктор Ватсон: Двадцатый век начинается;Шарада;Десять негритят;Мальтийский сокол;Вся президентская рать"
Шерлок Холмс;Детектив;Боевик (Экшен);Классический;Современное кино (2000–2020);8.061;420923;Sherlock Holmes;7.6;6.3;;;;;;;;;;"Шерлок Холмс: Игра теней;Игра теней;Молодой детектив Ди: Восстание морского дракона;Шерлок: Безобразная невеста;Достать ножи;Достать ножи;Достать ножи;Частный детектив;Нэнси Дрю;Кирпич;Госфорд парк;Убийство в Восточном экспрессе;Мистер Холмс;Скрюченный домишко;Убийства в Оксфорде;Новогодний детектив;Мышеловка;Шерлок Холмс и доктор Ватсон: Знакомство;Приключения Шерлока Холмса и доктора Ватсона: Собака Баскервилей;Шерлок Холмс и доктор Ватсон: Охота на тигра"
Молодой детектив Ди: Восстание морского дракона;Детектив;Боевик (Экшен);Исторический;Современное кино (2000–2020);6.51;771356;Di Renjie: shen du long wang;6.4;0;;;;;;;;;;"Шерлок Холмс;Шерлок Холмс: Игра теней;Игра теней;Воскресение Христа;Турецкий гамбит;Дело Коллини;Статский советник;Заговорщица;Сыщик Петербургской полиции;Азазель;Видок: Охотник на призраков;Имя розы;Город тайн;Тайна Бургундского двора;Уотергейт. Крушение Белого дома;Хинтерленд: город грехов;Без срока давности;Кромовъ;Пароль знали двое;Настоятель"
Экстрасенс;Детектив;Фантастика;Психологический;Современное кино (2000–2020);6.751;542668;The Awakening;6.5;5.8;;;;;;;;;;"Видок: Охотник на призраков;Каменская: За все надо платить;Каменская: Украденный сон;Странный Томас;Тайна в их глазах;Ловушка для одинокого мужчины;Решение уйти;Без изъяна;Детектор лжи;Сыщик;Вечерний лабиринт;Молчание доктора Ивенса;Признать виновным;Мой нежно любимый детектив;Черная чайка;На ощупь;Именинница;Воскресение Христа;Мистериум. Журнал 64;Шерлок: Безобразная невеста"
На ощупь;Детектив;Триллер;Психологический;Новинки (2020–2025);5.726;4975736;;6.4;0;;;;;;;;;;"Решение уйти;Без изъяна;Детектор лжи;Вечерний лабиринт;Черная чайка;Именинница;Ловушка для одинокого мужчины;Сыщик;Молчание доктора Ивенса;Один из нас;Смерть на Ниле;Южные ночи;Признать виновным;Мой нежно любимый детектив;Шерлок: Безобразная невеста;Десять негритят;Ошибка резидента;Море любви;Убийства в Оксфорде;Цветы от Лизы"
Следствием установлено;Детектив;Криминал;Классический;Классика (до 2000 года);6.588;43842;;5.8;0;;;;;;;;;;"Шерлок Холмс и доктор Ватсон: Знакомство;Шерлок Холмс и доктор Ватсон: Король шантажа;Мальтийский сокол;Улика;Долгое прощание;Чисто английское убийство;Детектив Буллитт;Клетка для канареек;Мичман Панин;Тайна Черных дроздов;Смерть под парусом;Выстрел в тумане;Загадка Эндхауза;Мальтийский крест;Частный детектив;Кирпич;Убийство в Восточном экспрессе;Скрюченный домишко;Мегрэ и таинственная девушка;Убийство на яхте"
К расследованию приступить. Фильм 2: Клевета;Детектив;Криминал;Криминальный;Классика (до 2000 года);6.827;422925;;0;0;;;;;;;;;;"Секреты Лос-Анджелеса;Дело Румянцева;Маленький свидетель;Место встречи;Дьявол в голубом платье;Человек тьмы;Седьмая пуля;Дик Трэйси;Инспектор уголовного розыска;Полночь на злаковом поле;Мистериум. Журнал 64;Ко мне, Мухтар!;Воспоминания об убийстве;Двойная рокировка;Прощай, детка, прощай;Расследование;Каменская: Смерть ради смерти;Каменская: Чужая маска;Каменская: Убийца поневоле;Каменская: Игра на чужом поле"
Пароль знали двое;Детектив;Военный;Исторический;Классика (до 2000 года);6.053;162828;;5.4;0;;;;;;;;;;"Генеральская дочь;Имя розы;Уотергейт. Крушение Белого дома;Воскресение Христа;Турецкий гамбит;Дело Коллини;Статский советник;Заговорщица;Сыщик Петербургской полиции;Город тайн;Азазель;Тайна Бургундского двора;Молодой детектив Ди: Восстание морского дракона;Видок: Охотник на призраков;Хинтерленд: город грехов;Без срока давности;Кромовъ;Настоятель;Мышеловка;Шерлок Холмс и доктор Ватсон: Знакомство"
Шерлок Холмс и доктор Ватсон: Охота на тигра;Детектив;Комедия;Классический;Классика (до 2000 года);8.444;368937;;8.3;0;;;;;;;;;;"Шарада;Деревенский детектив;Тонкий человек;Достать ножи;Достать ножи;Достать ножи;Покерфейс;Достать ножи: Стеклянная луковица;Достать ножи 2: Стеклянная луковица;Новогодний детектив;Мышеловка;Шерлок Холмс и доктор Ватсон: Знакомство;Приключения Шерлока Холмса и доктора Ватсона: Собака Баскервилей;Шерлок Холмс и доктор Ватсон: Король шантажа;Приключения Шерлока Холмса и доктора Ватсона: Охота на тигра;Шерлок Холмс и доктор Ватсон: Смертельная схватка;Шерлок Холмс и доктор Ватсон: Кровавая надпись;Шерлок Холмс и доктор Ватсон: Сокровища Агры;Шерлок Холмс и доктор Ватсон: Двадцатый век начинается;Китайский квартал"
Кирпич;Детектив;Криминал;Классический;Современное кино (2000–2020);6.923;77609;Brick;7.1;7;;;;;;;;;;"Частный детектив;Убийство в Восточном экспрессе;Скрюченный домишко;Шерлок Холмс и доктор Ватсон: Знакомство;Шерлок Холмс и доктор Ватсон: Король шантажа;Мальтийский сокол;Улика;Долгое прощание;Чисто английское убийство;Детектив Буллитт;Клетка для канареек;Мичман Панин;Тайна Черных дроздов;Смерть под парусом;Мегрэ и таинственная девушка;Следствием установлено;Выстрел в тумане;Убийство на яхте;Загадка Эндхауза;Марлоу"
Госфорд парк;Детектив;Драма;Классический;Современное кино (2000–2020);6.818;683;Gosford Park;7.2;7.6;;;;;;;;;;"Мистер Холмс;Мышеловка;Китайский квартал;Секретное досье;Последнее завещание Нобеля;Море волнуется раз;Перекрестный огонь;Тайна в его глазах;Дело Коллини;Тайна в их глазах;Шерлок: Безобразная невеста;Достать ножи;Достать ножи;Достать ножи;Шерлок Холмс;Шерлок Холмс: Игра теней;Частный детектив;Нэнси Дрю;Кирпич;Убийство в Восточном экспрессе"
Улика;Детектив;Криминал;Классический;Классика (до 2000 года);7.73;14940;Clue;7.3;6.4;;;;;;;;;;"Шерлок Холмс и доктор Ватсон: Знакомство;Шерлок Холмс и доктор Ватсон: Король шантажа;Мальтийский сокол;Долгое прощание;Чисто английское убийство;Детектив Буллитт;Клетка для канареек;Мичман Панин;Тайна Черных дроздов;Смерть под парусом;Следствием установлено;Выстрел в тумане;Загадка Эндхауза;Мальтийский крест;Частный детектив;Кирпич;Убийство в Восточном экспрессе;Скрюченный домишко;Мегрэ и таинственная девушка;Убийство на яхте"
Убийство в Восточном экспрессе;Детектив;Криминал;Классический;Современное кино (2000–2020);6.895;817969;Murder on the Orient Express;6.5;6.1;;;;;;;;;;"Частный детектив;Кирпич;Скрюченный домишко;Шерлок Холмс и доктор Ватсон: Знакомство;Шерлок Холмс и доктор Ватсон: Король шантажа;Мальтийский сокол;Улика;Долгое прощание;Чисто английское убийство;Детектив Буллитт;Клетка для канареек;Мичман Панин;Тайна Черных дроздов;Смерть под парусом;Мегрэ и таинственная девушка;Следствием установлено;Выстрел в тумане;Убийство на яхте;Загадка Эндхауза;Марлоу"
Шерлок Холмс и доктор Ватсон: Король шантажа;Детектив;Криминал;Классический;Классика (до 2000 года);8.4;368936;;8.3;0;;;;;;;;;;"Шерлок Холмс и доктор Ватсон: Знакомство;Мальтийский сокол;Улика;Долгое прощание;Чисто английское убийство;Детектив Буллитт;Клетка для канареек;Мичман Панин;Тайна Черных дроздов;Смерть под парусом;Следствием установлено;Выстрел в тумане;Загадка Эндхауза;Мальтийский крест;Частный детектив;Кирпич;Убийство в Восточном экспрессе;Скрюченный домишко;Мегрэ и таинственная девушка;Убийство на яхте"
Убийство на Ждановской;Детектив;Криминал;Криминальный;Новинки (2020–2025);6.98;40826;;6.6;0;;;;;;;;;;"Двойная рокировка;Версия полковника Зорина;Филер;Пропажа свидетеля;Убийство на 100 миллионов;Убийство у моря;Предварительное расследование;Сломанная подкова;Нужные люди;Мистериум. Журнал 64;Секреты Лос-Анджелеса;Ко мне, Мухтар!;Воспоминания об убийстве;Дело Румянцева;Маленький свидетель;Прощай, детка, прощай;Расследование;Место встречи;Каменская: Смерть ради смерти;Каменская: Чужая маска"
Шерлок Холмс и доктор Ватсон: Сокровища Агры;Детектив;Приключения;Классический;Классика (до 2000 года);8.416;77264;;8.2;0;;;;;;;;;;"Приключения Шерлока Холмса и доктора Ватсона: Собака Баскервилей;Приключения Шерлока Холмса и доктора Ватсона: Охота на тигра;Нэнси Дрю;Энола Холмс;Мышеловка;Шерлок Холмс и доктор Ватсон: Знакомство;Шерлок Холмс и доктор Ватсон: Охота на тигра;Шерлок Холмс и доктор Ватсон: Король шантажа;Шерлок Холмс и доктор Ватсон: Смертельная схватка;Шерлок Холмс и доктор Ватсон: Кровавая надпись;Шерлок Холмс и доктор Ватсон: Двадцатый век начинается;Шарада;Китайский квартал;Десять негритят;Мальтийский сокол;Вся президентская рать;Деревенский детектив;Улика;Тонкий человек;Долгое прощание"
Десять негритят;Детектив;Триллер;Классический;Классика (до 2000 года);8.141;44156;;7.7;0;;;;;;;;;;"Уснувший пассажир;Шерлок: Безобразная невеста;Смерть на Ниле;Убийства в Оксфорде;Ловушка для одинокого мужчины;Море любви;Сыщик;Молчание доктора Ивенса;Свидетель;Мышеловка;Шерлок Холмс и доктор Ватсон: Знакомство;Приключения Шерлока Холмса и доктора Ватсона: Собака Баскервилей;Шерлок Холмс и доктор Ватсон: Охота на тигра;Шерлок Холмс и доктор Ватсон: Король шантажа;Приключения Шерлока Холмса и доктора Ватсона: Охота на тигра;Шерлок Холмс и доктор Ватсон: Смертельная схватка;Шерлок Холмс и доктор Ватсон: Кровавая надпись;Шерлок Холмс и доктор Ватсон: Сокровища Агры;Шерлок Холмс и доктор Ватсон: Двадцатый век начинается;Шарада"
Деревенский детектив;Детектив;Комедия;Классический;Классика (до 2000 года);8.134;44148;;7.1;0;;;;;;;;;;"Шерлок Холмс и доктор Ватсон: Охота на тигра;Шарада;Тонкий человек;Достать ножи;Достать ножи;Достать ножи;Покерфейс;Достать ножи: Стеклянная луковица;Достать ножи 2: Стеклянная луковица;Новогодний детектив;Мышеловка;Шерлок Холмс и доктор Ватсон: Знакомство;Приключения Шерлока Холмса и доктора Ватсона: Собака Баскервилей;Шерлок Холмс и доктор Ватсон: Король шантажа;Приключения Шерлока Холмса и доктора Ватсона: Охота на тигра;Шерлок Холмс и доктор Ватсон: Смертельная схватка;Шерлок Холмс и доктор Ватсон: Кровавая надпись;Шерлок Холмс и доктор Ватсон: Сокровища Агры;Шерлок Холмс и доктор Ватсон: Двадцатый век начинается;Китайский квартал"
Тайна в его глазах;Детектив;Драма;Криминальный;Современное кино (2000–2020);7.35;428003;El secreto de sus ojos;8.2;7.7;;;;;;;;;;"Где находится Нофелет?;Герда;Дело Коллини;Госфорд парк;Мистер Холмс;Тайна в их глазах;Мистериум. Журнал 64;Вероника Марс;Ко мне, Мухтар!;Воспоминания об убийстве;Ошибка резидента;Прощай, детка, прощай;Расследование;Каменская: Смерть ради смерти;Каменская: Чужая маска;Каменская: Убийца поневоле;Каменская: Игра на чужом поле;Каменская: Не мешайте палачу;Каменская: Шестерки умирают первыми;Парижские тайны"
Уотергейт. Крушение Белого дома;Детектив;Исторический;Исторический;Классика (до 2000 года);6.365;944251;Mark Felt: The Man Who Brought Down the White House;6.4;5.3;;;;;;;;;;"Имя розы;Воскресение Христа;Турецкий гамбит;Статский советник;Заговорщица;Сыщик Петербургской полиции;Город тайн;Азазель;Тайна Бургундского двора;Хинтерленд: город грехов;Без срока давности;Кромовъ;Шерлок Холмс и доктор Ватсон: Смертельная схватка;Шерлок Холмс и доктор Ватсон: Кровавая надпись;Шерлок Холмс и доктор Ватсон: Двадцатый век начинается;Пароль знали двое;Дело Коллини;Молодой детектив Ди: Восстание морского дракона;Видок: Охотник на призраков;Настоятель"
Приключения Шерлока Холмса и доктора Ватсона: Охота на тигра;Детектив;Приключения;Классический;Классика (до 2000 года);8.444;368937;;8.3;0;;;;;;;;;;"Приключения Шерлока Холмса и доктора Ватсона: Собака Баскервилей;Шерлок Холмс и доктор Ватсон: Сокровища Агры;Нэнси Дрю;Энола Холмс;Мышеловка;Шерлок Холмс и доктор Ватсон: Знакомство;Шерлок Холмс и доктор Ватсон: Охота на тигра;Шерлок Холмс и доктор Ватсон: Король шантажа;Шерлок Холмс и доктор Ватсон: Смертельная схватка;Шерлок Холмс и доктор Ватсон: Кровавая надпись;Шерлок Холмс и доктор Ватсон: Двадцатый век начинается;Шарада;Китайский квартал;Десять негритят;Мальтийский сокол;Вся президентская рать;Деревенский детектив;Улика;Тонкий человек;Долгое прощание"
Шерлок Холмс и доктор Ватсон: Двадцатый век начинается;Детектив;Исторический;Классический;Классика (до 2000 года);8.286;77267;;7.9;0;;;;;;;;;;"Шерлок Холмс и доктор Ватсон: Смертельная схватка;Шерлок Холмс и доктор Ватсон: Кровавая надпись;Имя розы;Уотергейт. Крушение Белого дома;Мышеловка;Шерлок Холмс и доктор Ватсон: Знакомство;Приключения Шерлока Холмса и доктора Ватсона: Собака Баскервилей;Шерлок Холмс и доктор Ватсон: Охота на тигра;Шерлок Холмс и доктор Ватсон: Король шантажа;Приключения Шерлока Холмса и доктора Ватсона: Охота на тигра;Шерлок Холмс и доктор Ватсон: Сокровища Агры;Шарада;Китайский квартал;Десять негритят;Мальтийский сокол;Вся президентская рать;Деревенский детектив;Улика;Тонкий человек;Долгое прощание"
Выстрел в тумане;Детектив;Криминал;Классический;Классика (до 2000 года);5.887;45982;;6.5;0;;;;;;;;;;"Шерлок Холмс и доктор Ватсон: Знакомство;Шерлок Холмс и доктор Ватсон: Король шантажа;Мальтийский сокол;Улика;Долгое прощание;Чисто английское убийство;Детектив Буллитт;Клетка для канареек;Мичман Панин;Тайна Черных дроздов;Смерть под парусом;Следствием установлено;Загадка Эндхауза;Мальтийский крест;Частный детектив;Кирпич;Убийство в Восточном экспрессе;Скрюченный домишко;Мегрэ и таинственная девушка;Убийство на яхте"
Настоятель;Детектив;Драма;Исторический;Новинки (2020–2025);6.356;566830;;5;0;;;;;;;;;;"Дело Коллини;Где находится Нофелет?;Признать виновным;Последнее завещание Нобеля;Герда;Город тайн;Тайна Бургундского двора;Хинтерленд: город грехов;Без срока давности;Кромовъ;Мышеловка;Китайский квартал;Тайна в его глазах;Секретное досье;Госфорд парк;Мистер Холмс;Тайна в их глазах;Море волнуется раз;Перекрестный огонь;Воскресение Христа"
Убийство у моря;Детектив;Криминал;Криминальный;Новинки (2020–2025);6.454;688569;Tyskungen;6;0;;;;;;;;;;"Двойная рокировка;Версия полковника Зорина;Убийство на Ждановской;Филер;Пропажа свидетеля;Убийство на 100 миллионов;Предварительное расследование;Сломанная подкова;Нужные люди;Мистериум. Журнал 64;Секреты Лос-Анджелеса;Ко мне, Мухтар!;Воспоминания об убийстве;Дело Румянцева;Маленький свидетель;Прощай, детка, прощай;Расследование;Место встречи;Каменская: Смерть ради смерти;Каменская: Чужая маска"
Шерлок Холмс: Игра теней;Детектив;Боевик (Экшен);Классический;Современное кино (2000–2020);7.854;474953;Sherlock Holmes: A Game of Shadows;7.4;6;;;;;;;;;;"Шерлок Холмс;Игра теней;Молодой детектив Ди: Восстание морского дракона;Шерлок: Безобразная невеста;Достать ножи;Достать ножи;Достать ножи;Частный детектив;Нэнси Дрю;Кирпич;Госфорд парк;Убийство в Восточном экспрессе;Мистер Холмс;Скрюченный домишко;Убийства в Оксфорде;Новогодний детектив;Мышеловка;Шерлок Холмс и доктор Ватсон: Знакомство;Приключения Шерлока Холмса и доктора Ватсона: Собака Баскервилей;Шерлок Холмс и доктор Ватсон: Охота на тигра"
Кромовъ;Детектив;Исторический;Исторический;Новинки (2020–2025);6.217;417599;;0;0;;;;;;;;;;"Город тайн;Тайна Бургундского двора;Хинтерленд: город грехов;Без срока давности;Воскресение Христа;Турецкий гамбит;Имя розы;Статский советник;Заговорщица;Сыщик Петербургской полиции;Азазель;Уотергейт. Крушение Белого дома;Настоятель;Шерлок Холмс и доктор Ватсон: Смертельная схватка;Шерлок Холмс и доктор Ватсон: Кровавая надпись;Шерлок Холмс и доктор Ватсон: Двадцатый век начинается;Дело Коллини;Молодой детектив Ди: Восстание морского дракона;Видок: Охотник на призраков;Пароль знали двое"
Хинтерленд: город грехов;Детектив;Исторический;Исторический;Новинки (2020–2025);6.32;1447398;Hinterland;6.2;7.5;;;;;;;;;;"Город тайн;Тайна Бургундского двора;Без срока давности;Кромовъ;Воскресение Христа;Турецкий гамбит;Имя розы;Статский советник;Заговорщица;Сыщик Петербургской полиции;Азазель;Уотергейт. Крушение Белого дома;Настоятель;Шерлок Холмс и доктор Ватсон: Смертельная схватка;Шерлок Холмс и доктор Ватсон: Кровавая надпись;Шерлок Холмс и доктор Ватсон: Двадцатый век начинается;Дело Коллини;Молодой детектив Ди: Восстание морского дракона;Видок: Охотник на призраков;Пароль знали двое"
Каменская: Игра на чужом поле;Детектив;Криминал;Криминальный;Современное кино (2000–2020);7.821;94331;;6.2;0;;;;;;;;;;"Мистериум. Журнал 64;Ко мне, Мухтар!;Воспоминания об убийстве;Прощай, детка, прощай;Расследование;Каменская: Смерть ради смерти;Каменская: Чужая маска;Каменская: Убийца поневоле;Каменская: Не мешайте палачу;Каменская: Шестерки умирают первыми;Парижские тайны;Сиротский Бруклин;Каменская: Иллюзия греха;Убийства по открыткам;Улики;Секреты Лос-Анджелеса;Двойная рокировка;Дело Румянцева;Маленький свидетель;Место встречи"
Один из нас;Детектив;Триллер;Криминальный;Новинки (2020–2025);6.339;994458;One of Us;7;0;;;;;;;;;;"Южные ночи;Ошибка резидента;Море любви;Цветы от Лизы;Свидетель;Решение уйти;Без изъяна;Детектор лжи;Вечерний лабиринт;Смерть на Ниле;Черная чайка;На ощупь;Именинница;Двойная рокировка;Где находится Нофелет?;Версия полковника Зорина;Убийство на Ждановской;Филер;Пропажа свидетеля;Убийство на 100 миллионов"
Убийство на 100 миллионов;Детектив;Криминал;Криминальный;Новинки (2020–2025);6.373;756895;;0;0;;;;;;;;;;"Двойная рокировка;Версия полковника Зорина;Убийство на Ждановской;Филер;Пропажа свидетеля;Убийство у моря;Предварительное расследование;Сломанная подкова;Нужные люди;Мистериум. Журнал 64;Секреты Лос-Анджелеса;Ко мне, Мухтар!;Воспоминания об убийстве;Дело Румянцева;Маленький свидетель;Прощай, детка, прощай;Расследование;Место встречи;Каменская: Смерть ради смерти;Каменская: Чужая маска"
Дик Трэйси;Детектив;Криминал;Криминальный;Классика (до 2000 года);6.639;1701;Dick Tracy;6.2;5.9;;;;;;;;;;"Секреты Лос-Анджелеса;Дело Румянцева;Маленький свидетель;Место встречи;К расследованию приступить. Фильм 2: Клевета;Дьявол в голубом платье;Человек тьмы;Седьмая пуля;Инспектор уголовного розыска;Полночь на злаковом поле;Мистериум. Журнал 64;Ко мне, Мухтар!;Воспоминания об убийстве;Двойная рокировка;Прощай, детка, прощай;Расследование;Каменская: Смерть ради смерти;Каменская: Чужая маска;Каменская: Убийца поневоле;Каменская: Игра на чужом поле"
Перекрестный огонь;Детектив;Драма;Классический;Классика (до 2000 года);5.61;698118;Bad Country;5.8;0;;;;;;;;;;"Мышеловка;Китайский квартал;Секретное досье;Море волнуется раз;Госфорд парк;Мистер Холмс;Последнее завещание Нобеля;Шерлок Холмс и доктор Ватсон: Знакомство;Приключения Шерлока Холмса и доктора Ватсона: Собака Баскервилей;Шерлок Холмс и доктор Ватсон: Охота на тигра;Шерлок Холмс и доктор Ватсон: Король шантажа;Приключения Шерлока Холмса и доктора Ватсона: Охота на тигра;Шерлок Холмс и доктор Ватсон: Смертельная схватка;Шерлок Холмс и доктор Ватсон: Кровавая надпись;Шерлок Холмс и доктор Ватсон: Сокровища Агры;Шерлок Холмс и доктор Ватсон: Двадцатый век начинается;Шарада;Десять негритят;Мальтийский сокол;Вся президентская рать"
Последнее завещание Нобеля;Детектив;Драма;Классический;Новинки (2020–2025);6.157;576399;Nobels testamente;5.9;5.6;;;;;;;;;;"Мышеловка;Китайский квартал;Секретное досье;Госфорд парк;Мистер Холмс;Море волнуется раз;Перекрестный огонь;Где находится Нофелет?;Признать виновным;Настоятель;Герда;Покерфейс;Достать ножи: Стеклянная луковица;Достать ножи 2: Стеклянная луковица;Энола Холмс;Смерть на Ниле;Мегрэ и таинственная девушка;Убийство на яхте;Марлоу;Тайна в его глазах"
Прощай, детка, прощай;Детектив;Криминал;Криминальный;Современное кино (2000–2020);7.328;104926;Gone Baby Gone;7.6;7.8;;;;;;;;;;"Мистериум. Журнал 64;Ко мне, Мухтар!;Воспоминания об убийстве;Расследование;Каменская: Смерть ради смерти;Каменская: Чужая маска;Каменская: Убийца поневоле;Каменская: Игра на чужом поле;Каменская: Не мешайте палачу;Каменская: Шестерки умирают первыми;Парижские тайны;Сиротский Бруклин;Каменская: Иллюзия греха;Убийства по открыткам;Улики;Секреты Лос-Анджелеса;Двойная рокировка;Дело Румянцева;Маленький свидетель;Место встречи"
Полночь на злаковом поле;Детектив;Криминал;Криминальный;Классика (до 2000 года);6.236;1348372;Midnight in the Switchgrass;4.6;3.4;;;;;;;;;;"Секреты Лос-Анджелеса;Дело Румянцева;Маленький свидетель;Место встречи;К расследованию приступить. Фильм 2: Клевета;Дьявол в голубом платье;Человек тьмы;Седьмая пуля;Дик Трэйси;Инспектор уголовного розыска;Мистериум. Журнал 64;Ко мне, Мухтар!;Воспоминания об убийстве;Двойная рокировка;Прощай, детка, прощай;Расследование;Каменская: Смерть ради смерти;Каменская: Чужая маска;Каменская: Убийца поневоле;Каменская: Игра на чужом поле"
Видок: Охотник на призраков;Детектив;Фантастика;Исторический;Современное кино (2000–2020);6.709;1063019;L'Empereur de Paris;6.3;6.4;;;;;;;;;;"Экстрасенс;Воскресение Христа;Турецкий гамбит;Дело Коллини;Статский советник;Заговорщица;Сыщик Петербургской полиции;Азазель;Молодой детектив Ди: Восстание морского дракона;Имя розы;Город тайн;Тайна Бургундского двора;Уотергейт. Крушение Белого дома;Хинтерленд: город грехов;Без срока давности;Кромовъ;Пароль знали двое;Настоятель;Мистериум. Журнал 64;Шерлок: Безобразная невеста"
Признать виновным;Детектив;Драма;Психологический;Новинки (2020–2025);7.016;43278;;6;0;;;;;;;;;;"Тайна в их глазах;Где находится Нофелет?;Последнее завещание Нобеля;Настоятель;Герда;Решение уйти;Без изъяна;Детектор лжи;Вечерний лабиринт;Мой нежно любимый детектив;Черная чайка;На ощупь;Именинница;Мышеловка;Китайский квартал;Тайна в его глазах;Дело Коллини;Секретное досье;Госфорд парк;Мистер Холмс"
Достать ножи: Стеклянная луковица;Детектив;Комедия;Классический;Новинки (2020–2025);6.878;1343908;Glass Onion;7.1;7.9;;;;;;;;;;"Покерфейс;Достать ножи 2: Стеклянная луковица;Шерлок Холмс и доктор Ватсон: Охота на тигра;Достать ножи;Достать ножи;Шарада;Достать ножи;Деревенский детектив;Тонкий человек;Новогодний детектив;Очень русский детектив;Энола Холмс;Смерть на Ниле;Мегрэ и таинственная девушка;Убийство на яхте;Последнее завещание Нобеля;Марлоу;Вероника Марс;Врожденный порок;Мышеловка"
Убийство на яхте;Детектив;Криминал;Классический;Новинки (2020–2025);6.391;505995;Murder Mystery;6.1;4.7;;;;;;;;;;"Мегрэ и таинственная девушка;Марлоу;Шерлок Холмс и доктор Ватсон: Знакомство;Шерлок Холмс и доктор Ватсон: Король шантажа;Мальтийский сокол;Улика;Долгое прощание;Чисто английское убийство;Детектив Буллитт;Клетка для канареек;Частный детектив;Кирпич;Мичман Панин;Тайна Черных дроздов;Смерть под парусом;Убийство в Восточном экспрессе;Скрюченный домишко;Следствием установлено;Выстрел в тумане;Загадка Эндхауза"
Мистер Холмс;Детектив;Драма;Классический;Современное кино (2000–2020);6.598;797567;Mr. Holmes;6.8;7.1;;;;;;;;;;"Госфорд парк;Мышеловка;Китайский квартал;Секретное досье;Последнее завещание Нобеля;Море волнуется раз;Перекрестный огонь;Тайна в его глазах;Дело Коллини;Тайна в их глазах;Шерлок: Безобразная невеста;Достать ножи;Достать ножи;Достать ножи;Шерлок Холмс;Шерлок Холмс: Игра теней;Частный детектив;Нэнси Дрю;Кирпич;Убийство в Восточном экспрессе"
Свидетель;Детектив;Триллер;Криминальный;Классика (до 2000 года);3;5332755;;1.6;0;;;;;;;;;;"Море любви;Ошибка резидента;Один из нас;Южные ночи;Цветы от Лизы;Десять негритят;Ловушка для одинокого мужчины;Сыщик;Молчание доктора Ивенса;Уснувший пассажир;Секреты Лос-Анджелеса;Дело Румянцева;Маленький свидетель;Место встречи;К расследованию приступить. Фильм 2: Клевета;Дьявол в голубом платье;Генеральская дочь;Человек тьмы;Седьмая пуля;Дик Трэйси"
Филер;Детектив;Криминал;Криминальный;Новинки (2020–2025);6.977;44414;;6.5;0;;;;;;;;;;"Двойная рокировка;Версия полковника Зорина;Убийство на Ждановской;Пропажа свидетеля;Убийство на 100 миллионов;Убийство у моря;Предварительное расследование;Сломанная подкова;Нужные люди;Мистериум. Журнал 64;Секреты Лос-Анджелеса;Ко мне, Мухтар!;Воспоминания об убийстве;Дело Румянцева;Маленький свидетель;Прощай, детка, прощай;Расследование;Место встречи;Каменская: Смерть ради смерти;Каменская: Чужая маска"
Каменская: Не мешайте палачу;Детектив;Криминал;Криминальный;Современное кино (2000–2020);7.821;94331;;6.2;0;;;;;;;;;;"Мистериум. Журнал 64;Ко мне, Мухтар!;Воспоминания об убийстве;Прощай, детка, прощай;Расследование;Каменская: Смерть ради смерти;Каменская: Чужая маска;Каменская: Убийца поневоле;Каменская: Игра на чужом поле;Каменская: Шестерки умирают первыми;Парижские тайны;Сиротский Бруклин;Каменская: Иллюзия греха;Убийства по открыткам;Улики;Секреты Лос-Анджелеса;Двойная рокировка;Дело Румянцева;Маленький свидетель;Место встречи"
Где находится Нофелет?;Детектив;Драма;Криминальный;Новинки (2020–2025);7.335;44476;;6.7;0;;;;;;;;;;"Герда;Тайна в его глазах;Признать виновным;Последнее завещание Нобеля;Настоятель;Двойная рокировка;Версия полковника Зорина;Убийство на Ждановской;Один из нас;Филер;Пропажа свидетеля;Южные ночи;Убийство на 100 миллионов;Убийство у моря;Предварительное расследование;Сломанная подкова;Нужные люди;Очень русский детектив;Мышеловка;Китайский квартал"
Энола Холмс;Детектив;Приключения;Классический;Новинки (2020–2025);6.462;1266428;Enola Holmes;6.6;7.1;;;;;;;;;;"Приключения Шерлока Холмса и доктора Ватсона: Собака Баскервилей;Приключения Шерлока Холмса и доктора Ватсона: Охота на тигра;Шерлок Холмс и доктор Ватсон: Сокровища Агры;Нэнси Дрю;Покерфейс;Достать ножи: Стеклянная луковица;Достать ножи 2: Стеклянная луковица;Смерть на Ниле;Мегрэ и таинственная девушка;Убийство на яхте;Последнее завещание Нобеля;Марлоу;Мышеловка;Шерлок: Безобразная невеста;Шерлок Холмс и доктор Ватсон: Знакомство;Шерлок Холмс и доктор Ватсон: Охота на тигра;Шерлок Холмс и доктор Ватсон: Король шантажа;Шерлок Холмс и доктор Ватсон: Смертельная схватка;Шерлок Холмс и доктор Ватсон: Кровавая надпись;Шерлок Холмс и доктор Ватсон: Двадцатый век начинается"
Черная чайка;Детектив;Триллер;Психологический;Новинки (2020–2025);6.288;432594;;0;0;;;;;;;;;;"Решение уйти;Без изъяна;Детектор лжи;Вечерний лабиринт;На ощупь;Именинница;Ловушка для одинокого мужчины;Сыщик;Молчание доктора Ивенса;Один из нас;Смерть на Ниле;Южные ночи;Признать виновным;Мой нежно любимый детектив;Шерлок: Безобразная невеста;Десять негритят;Ошибка резидента;Море любви;Убийства в Оксфорде;Цветы от Лизы"
Мышеловка;Детектив;Драма;Классический;Классика (до 2000 года);5.889;1164102;4x4;5.7;7.1;;;;;;;;;;"Китайский квартал;Секретное досье;Море волнуется раз;Перекрестный огонь;Госфорд парк;Мистер Холмс;Последнее завещание Нобеля;Шерлок Холмс и доктор Ватсон: Знакомство;Приключения Шерлока Холмса и доктора Ватсона: Собака Баскервилей;Шерлок Холмс и доктор Ватсон: Охота на тигра;Шерлок Холмс и доктор Ватсон: Король шантажа;Приключения Шерлока Холмса и доктора Ватсона: Охота на тигра;Шерлок Холмс и доктор Ватсон: Смертельная схватка;Шерлок Холмс и доктор Ватсон: Кровавая надпись;Шерлок Холмс и доктор Ватсон: Сокровища Агры;Шерлок Холмс и доктор Ватсон: Двадцатый век начинается;Шарада;Десять негритят;Мальтийский сокол;Вся президентская рать"
Покерфейс;Детектив;Комедия;Классический;Новинки (2020–2025);7.369;4414863;Poker Face;7.8;0;;;;;;;;;;"Достать ножи: Стеклянная луковица;Достать ножи 2: Стеклянная луковица;Шерлок Холмс и доктор Ватсон: Охота на тигра;Достать ножи;Достать ножи;Шарада;Достать ножи;Деревенский детектив;Тонкий человек;Новогодний детектив;Очень русский детектив;Энола Холмс;Смерть на Ниле;Мегрэ и таинственная девушка;Убийство на яхте;Последнее завещание Нобеля;Марлоу;Вероника Марс;Врожденный порок;Мышеловка"
Мичман Панин;Детектив;Криминал;Классический;Классика (до 2000 года);7.032;46629;;6.8;0;;;;;;;;;;"Шерлок Холмс и доктор Ватсон: Знакомство;Шерлок Холмс и доктор Ватсон: Король шантажа;Мальтийский сокол;Улика;Долгое прощание;Чисто английское убийство;Детектив Буллитт;Клетка для канареек;Тайна Черных дроздов;Смерть под парусом;Следствием установлено;Выстрел в тумане;Загадка Эндхауза;Мальтийский крест;Частный детектив;Кирпич;Убийство в Восточном экспрессе;Скрюченный домишко;Мегрэ и таинственная девушка;Убийство на яхте"
Странный Томас;Детектив;Фэнтези;Психологический;Современное кино (2000–2020);6.576;572461;Odd Thomas;6.8;5.2;;;;;;;;;;"Каменская: За все надо платить;Каменская: Украденный сон;Экстрасенс;Тайна в их глазах;Ловушка для одинокого мужчины;Решение уйти;Без изъяна;Детектор лжи;Сыщик;Вечерний лабиринт;Молчание доктора Ивенса;Признать виновным;Мой нежно любимый детектив;Черная чайка;На ощупь;Именинница;Воскресение Христа;Мистериум. Журнал 64;Шерлок: Безобразная невеста;Вероника Марс"
Загадка Эндхауза;Детектив;Криминал;Классический;Классика (до 2000 года);6.351;45199;;6.1;0;;;;;;;;;;"Шерлок Холмс и доктор Ватсон: Знакомство;Шерлок Холмс и доктор Ватсон: Король шантажа;Мальтийский сокол;Улика;Долгое прощание;Чисто английское убийство;Детектив Буллитт;Клетка для канареек;Мичман Панин;Тайна Черных дроздов;Смерть под парусом;Следствием установлено;Выстрел в тумане;Мальтийский крест;Частный детектив;Кирпич;Убийство в Восточном экспрессе;Скрюченный домишко;Мегрэ и таинственная девушка;Убийство на яхте"
Частный детектив;Детектив;Криминал;Классический;Современное кино (2000–2020);7.661;39794;L'alpagueur;6.5;0;;;;;;;;;;"Кирпич;Убийство в Восточном экспрессе;Скрюченный домишко;Шерлок Холмс и доктор Ватсон: Знакомство;Шерлок Холмс и доктор Ватсон: Король шантажа;Мальтийский сокол;Улика;Долгое прощание;Чисто английское убийство;Детектив Буллитт;Клетка для канареек;Мичман Панин;Тайна Черных дроздов;Смерть под парусом;Мегрэ и таинственная девушка;Следствием установлено;Выстрел в тумане;Убийство на яхте;Загадка Эндхауза;Марлоу"
Воспоминания об убийстве;Детектив;Криминал;Криминальный;Современное кино (2000–2020);7.644;65770;Salinui chueok;8.1;8.2;;;;;;;;;;"Мистериум. Журнал 64;Ко мне, Мухтар!;Прощай, детка, прощай;Расследование;Каменская: Смерть ради смерти;Каменская: Чужая маска;Каменская: Убийца поневоле;Каменская: Игра на чужом поле;Каменская: Не мешайте палачу;Каменская: Шестерки умирают первыми;Парижские тайны;Сиротский Бруклин;Каменская: Иллюзия греха;Убийства по открыткам;Улики;Секреты Лос-Анджелеса;Двойная рокировка;Дело Румянцева;Маленький свидетель;Место встречи"
Без срока давности;Детектив;Исторический;Исторический;Новинки (2020–2025);6.626;46113;;5.9;0;;;;;;;;;;"Город тайн;Тайна Бургундского двора;Хинтерленд: город грехов;Кромовъ;Воскресение Христа;Турецкий гамбит;Имя розы;Статский советник;Заговорщица;Сыщик Петербургской полиции;Азазель;Уотергейт. Крушение Белого дома;Настоятель;Шерлок Холмс и доктор Ватсон: Смертельная схватка;Шерлок Холмс и доктор Ватсон: Кровавая надпись;Шерлок Холмс и доктор Ватсон: Двадцатый век начинается;Дело Коллини;Молодой детектив Ди: Восстание морского дракона;Видок: Охотник на призраков;Пароль знали двое"
Убийства в Оксфорде;Детектив;Триллер;Классический;Современное кино (2000–2020);6.66;261761;The Oxford Murders;6.1;4;;;;;;;;;;"Шерлок: Безобразная невеста;Десять негритят;Смерть на Ниле;Уснувший пассажир;Ошибка резидента;Цветы от Лизы;Достать ножи;Достать ножи;Достать ножи;Шерлок Холмс;Шерлок Холмс: Игра теней;Частный детектив;Нэнси Дрю;Кирпич;Госфорд парк;Убийство в Восточном экспрессе;Мистер Холмс;Скрюченный домишко;Новогодний детектив;Игра теней"
Достать ножи 2: Стеклянная луковица;Детектив;Комедия;Классический;Новинки (2020–2025);6.878;1343908;Glass Onion;7.1;7.9;;;;;;;;;;"Покерфейс;Достать ножи: Стеклянная луковица;Шерлок Холмс и доктор Ватсон: Охота на тигра;Достать ножи;Достать ножи;Шарада;Достать ножи;Деревенский детектив;Тонкий человек;Новогодний детектив;Очень русский детектив;Энола Холмс;Смерть на Ниле;Мегрэ и таинственная девушка;Убийство на яхте;Последнее завещание Нобеля;Марлоу;Вероника Марс;Врожденный порок;Мышеловка"
Шерлок Холмс и доктор Ватсон: Смертельная схватка;Детектив;Исторический;Классический;Классика (до 2000 года);8.461;354799;;8.4;0;;;;;;;;;;"Шерлок Холмс и доктор Ватсон: Кровавая надпись;Шерлок Холмс и доктор Ватсон: Двадцатый век начинается;Имя розы;Уотергейт. Крушение Белого дома;Мышеловка;Шерлок Холмс и доктор Ватсон: Знакомство;Приключения Шерлока Холмса и доктора Ватсона: Собака Баскервилей;Шерлок Холмс и доктор Ватсон: Охота на тигра;Шерлок Холмс и доктор Ватсон: Король шантажа;Приключения Шерлока Холмса и доктора Ватсона: Охота на тигра;Шерлок Холмс и доктор Ватсон: Сокровища Агры;Шарада;Китайский квартал;Десять негритят;Мальтийский сокол;Вся президентская рать;Деревенский детектив;Улика;Тонкий человек;Долгое прощание"
Приключения Шерлока Холмса и доктора Ватсона: Собака Баскервилей;Детектив;Приключения;Классический;Классика (до 2000 года);8.661;77263;;8.5;0;;;;;;;;;;"Приключения Шерлока Холмса и доктора Ватсона: Охота на тигра;Шерлок Холмс и доктор Ватсон: Сокровища Агры;Нэнси Дрю;Энола Холмс;Мышеловка;Шерлок Холмс и доктор Ватсон: Знакомство;Шерлок Холмс и доктор Ватсон: Охота на тигра;Шерлок Холмс и доктор Ватсон: Король шантажа;Шерлок Холмс и доктор Ватсон: Смертельная схватка;Шерлок Холмс и доктор Ватсон: Кровавая надпись;Шерлок Холмс и доктор Ватсон: Двадцатый век начинается;Шарада;Китайский квартал;Десять негритят;Мальтийский сокол;Вся президентская рать;Деревенский детектив;Улика;Тонкий человек;Долгое прощание"
Каменская: Шестерки умирают первыми;Детектив;Криминал;Криминальный;Современное кино (2000–2020);7.821;94331;;6.2;0;;;;;;;;;;"Мистериум. Журнал 64;Ко мне, Мухтар!;Воспоминания об убийстве;Прощай, детка, прощай;Расследование;Каменская: Смерть ради смерти;Каменская: Чужая маска;Каменская: Убийца поневоле;Каменская: Игра на чужом поле;Каменская: Не мешайте палачу;Парижские тайны;Сиротский Бруклин;Каменская: Иллюзия греха;Убийства по открыткам;Улики;Секреты Лос-Анджелеса;Двойная рокировка;Дело Румянцева;Маленький свидетель;Место встречи"
Клетка для канареек;Детектив;Криминал;Классический;Классика (до 2000 года);7.504;44820;;6.9;0;;;;;;;;;;"Шерлок Холмс и доктор Ватсон: Знакомство;Шерлок Холмс и доктор Ватсон: Король шантажа;Мальтийский сокол;Улика;Долгое прощание;Чисто английское убийство;Детектив Буллитт;Мичман Панин;Тайна Черных дроздов;Смерть под парусом;Следствием установлено;Выстрел в тумане;Загадка Эндхауза;Мальтийский крест;Частный детектив;Кирпич;Убийство в Восточном экспрессе;Скрюченный домишко;Мегрэ и таинственная девушка;Убийство на яхте"
Мой нежно любимый детектив;Детектив;Мелодрама;Психологический;Новинки (2020–2025);6.782;94418;;6.3;0;;;;;;;;;;"Решение уйти;Без изъяна;Детектор лжи;Вечерний лабиринт;Признать виновным;Черная чайка;На ощупь;Именинница;Ловушка для одинокого мужчины;Каменская: За все надо платить;Каменская: Украденный сон;Сыщик;Странный Томас;Экстрасенс;Тайна в их глазах;Молчание доктора Ивенса;Двойная рокировка;Покерфейс;Достать ножи: Стеклянная луковица;Где находится Нофелет?"
Достать ножи;Детектив;Комедия;Классический;Современное кино (2000–2020);7.9;;;;;;;;;;;;;;"Достать ножи;Достать ножи;Новогодний детектив;Шерлок Холмс и доктор Ватсон: Охота на тигра;Шарада;Деревенский детектив;Покерфейс;Тонкий человек;Достать ножи: Стеклянная луковица;Достать ножи 2: Стеклянная луковица;Вероника Марс;Врожденный порок;Шерлок: Безобразная невеста;Шерлок Холмс;Шерлок Холмс: Игра теней;Частный детектив;Нэнси Дрю;Кирпич;Госфорд парк;Убийство в Восточном экспрессе"
Решение уйти;Детектив;Триллер;Психологический;Новинки (2020–2025);7.083;1435399;Hyeeojil gyeolsim;7.3;8.3;;;;;;;;;;"Без изъяна;Детектор лжи;Вечерний лабиринт;Черная чайка;На ощупь;Именинница;Ловушка для одинокого мужчины;Сыщик;Молчание доктора Ивенса;Один из нас;Смерть на Ниле;Южные ночи;Признать виновным;Мой нежно любимый детектив;Шерлок: Безобразная невеста;Десять негритят;Ошибка резидента;Море любви;Убийства в Оксфорде;Цветы от Лизы"
Сиротский Бруклин;Детектив;Криминал;Криминальный;Современное кино (2000–2020);7.012;837737;Motherless Brooklyn;6.8;6.3;;;;;;;;;;"Мистериум. Журнал 64;Ко мне, Мухтар!;Воспоминания об убийстве;Прощай, детка, прощай;Расследование;Каменская: Смерть ради смерти;Каменская: Чужая маска;Каменская: Убийца поневоле;Каменская: Игра на чужом поле;Каменская: Не мешайте палачу;Каменская: Шестерки умирают первыми;Парижские тайны;Каменская: Иллюзия греха;Убийства по открыткам;Улики;Секреты Лос-Анджелеса;Двойная рокировка;Дело Румянцева;Маленький свидетель;Место встречи"
Тонкий человек;Детектив;Комедия;Классический;Классика (до 2000 года);7.135;553;The Thin Man;7.9;8.8;;;;;;;;;;"Шерлок Холмс и доктор Ватсон: Охота на тигра;Шарада;Деревенский детектив;Достать ножи;Достать ножи;Достать ножи;Покерфейс;Достать ножи: Стеклянная луковица;Достать ножи 2: Стеклянная луковица;Новогодний детектив;Мышеловка;Шерлок Холмс и доктор Ватсон: Знакомство;Приключения Шерлока Холмса и доктора Ватсона: Собака Баскервилей;Шерлок Холмс и доктор Ватсон: Король шантажа;Приключения Шерлока Холмса и доктора Ватсона: Охота на тигра;Шерлок Холмс и доктор Ватсон: Смертельная схватка;Шерлок Холмс и доктор Ватсон: Кровавая надпись;Шерлок Холмс и доктор Ватсон: Сокровища Агры;Шерлок Холмс и доктор Ватсон: Двадцатый век начинается;Китайский квартал"
Вероника Марс;Детектив;Комедия;Криминальный;Современное кино (2000–2020);8.045;255670;Veronica Mars;8.3;0;;;;;;;;;;"Врожденный порок;Очень русский детектив;Достать ножи;Достать ножи;Достать ножи;Новогодний детектив;Мистериум. Журнал 64;Ко мне, Мухтар!;Воспоминания об убийстве;Ошибка резидента;Тайна в его глазах;Прощай, детка, прощай;Расследование;Каменская: Смерть ради смерти;Каменская: Чужая маска;Каменская: Убийца поневоле;Каменская: Игра на чужом поле;Каменская: Не мешайте палачу;Каменская: Шестерки умирают первыми;Парижские тайны"
Вся президентская рать;Детектив;Биографический;Классический;Классика (до 2000 года);7.485;493;All the President's Men;7.9;9.1;;;;;;;;;;"Мышеловка;Шерлок Холмс и доктор Ватсон: Знакомство;Приключения Шерлока Холмса и доктора Ватсона: Собака Баскервилей;Шерлок Холмс и доктор Ватсон: Охота на тигра;Шерлок Холмс и доктор Ватсон: Король шантажа;Приключения Шерлока Холмса и доктора Ватсона: Охота на тигра;Шерлок Холмс и доктор Ватсон: Смертельная схватка;Шерлок Холмс и доктор Ватсон: Кровавая надпись;Шерлок Холмс и доктор Ватсон: Сокровища Агры;Шерлок Холмс и доктор Ватсон: Двадцатый век начинается;Шарада;Китайский квартал;Десять негритят;Мальтийский сокол;Деревенский детектив;Улика;Тонкий человек;Долгое прощание;Чисто английское убийство;Детектив Буллитт"
Именинница;Детектив;Триллер;Психологический;Новинки (2020–2025);6.131;611;Birthday Girl;6;5.7;;;;;;;;;;"Решение уйти;Без изъяна;Детектор лжи;Вечерний лабиринт;Черная чайка;На ощупь;Ловушка для одинокого мужчины;Сыщик;Молчание доктора Ивенса;Один из нас;Смерть на Ниле;Южные ночи;Признать виновным;Мой нежно любимый детектив;Шерлок: Безобразная невеста;Десять негритят;Ошибка резидента;Море любви;Убийства в Оксфорде;Цветы от Лизы"
Детектив Буллитт;Детектив;Криминал;Классический;Классика (до 2000 года);7.213;7214;Bullitt;7.4;7.9;;;;;;;;;;"Шерлок Холмс и доктор Ватсон: Знакомство;Шерлок Холмс и доктор Ватсон: Король шантажа;Мальтийский сокол;Улика;Долгое прощание;Чисто английское убийство;Клетка для канареек;Мичман Панин;Тайна Черных дроздов;Смерть под парусом;Следствием установлено;Выстрел в тумане;Загадка Эндхауза;Мальтийский крест;Частный детектив;Кирпич;Убийство в Восточном экспрессе;Скрюченный домишко;Мегрэ и таинственная девушка;Убийство на яхте"
Вечерний лабиринт;Детектив;Триллер;Психологический;Новинки (2020–2025);6.829;45695;;6.6;0;;;;;;;;;;"Решение уйти;Без изъяна;Детектор лжи;Черная чайка;На ощупь;Именинница;Ловушка для одинокого мужчины;Сыщик;Молчание доктора Ивенса;Один из нас;Смерть на Ниле;Южные ночи;Признать виновным;Мой нежно любимый детектив;Шерлок: Безобразная невеста;Десять негритят;Ошибка резидента;Море любви;Убийства в Оксфорде;Цветы от Лизы"
Тайна железной двери;Детектив;Семейный;Классический;Классика (до 2000 года);7.412;42177;;6.8;0;;;;;;;;;;"Мышеловка;Шерлок Холмс и доктор Ватсон: Знакомство;Приключения Шерлока Холмса и доктора Ватсона: Собака Баскервилей;Шерлок Холмс и доктор Ватсон: Охота на тигра;Шерлок Холмс и доктор Ватсон: Король шантажа;Приключения Шерлока Холмса и доктора Ватсона: Охота на тигра;Шерлок Холмс и доктор Ватсон: Смертельная схватка;Шерлок Холмс и доктор Ватсон: Кровавая надпись;Шерлок Холмс и доктор Ватсон: Сокровища Агры;Шерлок Холмс и доктор Ватсон: Двадцатый век начинается;Шарада;Китайский квартал;Десять негритят;Мальтийский сокол;Вся президентская рать;Деревенский детектив;Улика;Тонкий человек;Долгое прощание;Чисто английское убийство"
Заговорщица;Детектив;Исторический;Исторический;Современное кино (2000–2020);7.014;471920;The Conspirator;6.9;6.1;;;;;;;;;;"Воскресение Христа;Турецкий гамбит;Статский советник;Сыщик Петербургской полиции;Азазель;Имя розы;Город тайн;Тайна Бургундского двора;Уотергейт. Крушение Белого дома;Хинтерленд: город грехов;Без срока давности;Кромовъ;Дело Коллини;Молодой детектив Ди: Восстание морского дракона;Видок: Охотник на призраков;Шерлок Холмс и доктор Ватсон: Смертельная схватка;Шерлок Холмс и доктор Ватсон: Кровавая надпись;Шерлок Холмс и доктор Ватсон: Двадцатый век начинается;Пароль знали двое;Настоятель"
Шерлок Холмс и доктор Ватсон: Кровавая надпись;Детектив;Исторический;Классический;Классика (до 2000 года);8.456;77265;;8.3;0;;;;;;;;;;"Шерлок Холмс и доктор Ватсон: Смертельная схватка;Шерлок Холмс и доктор Ватсон: Двадцатый век начинается;Имя розы;Уотергейт. Крушение Белого дома;Мышеловка;Шерлок Холмс и доктор Ватсон: Знакомство;Приключения Шерлока Холмса и доктора Ватсона: Собака Баскервилей;Шерлок Холмс и доктор Ватсон: Охота на тигра;Шерлок Холмс и доктор Ватсон: Король шантажа;Приключения Шерлока Холмса и доктора Ватсона: Охота на тигра;Шерлок Холмс и доктор Ватсон: Сокровища Агры;Шарада;Китайский квартал;Десять негритят;Мальтийский сокол;Вся президентская рать;Деревенский детектив;Улика;Тонкий человек;Долгое прощание"
Мальтийский крест;Детектив;Криминал;Классический;Классика (до 2000 года);4.378;271699;;5.1;0;;;;;;;;;;"Шерлок Холмс и доктор Ватсон: Знакомство;Шерлок Холмс и доктор Ватсон: Король шантажа;Мальтийский сокол;Улика;Долгое прощание;Чисто английское убийство;Детектив Буллитт;Клетка для канареек;Мичман Панин;Тайна Черных дроздов;Смерть под парусом;Следствием установлено;Выстрел в тумане;Загадка Эндхауза;Частный детектив;Кирпич;Убийство в Восточном экспрессе;Скрюченный домишко;Мегрэ и таинственная девушка;Убийство на яхте"
Расследование;Детектив;Криминал;Криминальный;Современное кино (2000–2020);7.163;1200321;Efterforskningen;7.6;0;;;;;;;;;;"Мистериум. Журнал 64;Ко мне, Мухтар!;Воспоминания об убийстве;Прощай, детка, прощай;Каменская: Смерть ради смерти;Каменская: Чужая маска;Каменская: Убийца поневоле;Каменская: Игра на чужом поле;Каменская: Не мешайте палачу;Каменская: Шестерки умирают первыми;Парижские тайны;Сиротский Бруклин;Каменская: Иллюзия греха;Убийства по открыткам;Улики;Секреты Лос-Анджелеса;Двойная рокировка;Дело Румянцева;Маленький свидетель;Место встречи"
Детектор лжи;Детектив;Триллер;Психологический;Новинки (2020–2025);7.164;9471;Deceiver;6.4;5.5;;;;;;;;;;"Решение уйти;Без изъяна;Вечерний лабиринт;Черная чайка;На ощупь;Именинница;Ловушка для одинокого мужчины;Сыщик;Молчание доктора Ивенса;Один из нас;Смерть на Ниле;Южные ночи;Признать виновным;Мой нежно любимый детектив;Шерлок: Безобразная невеста;Десять негритят;Ошибка резидента;Море любви;Убийства в Оксфорде;Цветы от Лизы"
Игра теней;Детектив;Боевик (Экшен);Классический;Современное кино (2000–2020);5.321;4368744;Blacklight;4.9;3.9;;;;;;;;;;"Шерлок Холмс;Шерлок Холмс: Игра теней;Молодой детектив Ди: Восстание морского дракона;Шерлок: Безобразная невеста;Достать ножи;Достать ножи;Достать ножи;Частный детектив;Нэнси Дрю;Кирпич;Госфорд парк;Убийство в Восточном экспрессе;Мистер Холмс;Скрюченный домишко;Убийства в Оксфорде;Новогодний детектив;Мышеловка;Шерлок Холмс и доктор Ватсон: Знакомство;Приключения Шерлока Холмса и доктора Ватсона: Собака Баскервилей;Шерлок Холмс и доктор Ватсон: Охота на тигра"
Тайна Черных дроздов;Детектив;Криминал;Классический;Классика (до 2000 года);7.152;42171;;6.5;0;;;;;;;;;;"Шерлок Холмс и доктор Ватсон: Знакомство;Шерлок Холмс и доктор Ватсон: Король шантажа;Мальтийский сокол;Улика;Долгое прощание;Чисто английское убийство;Детектив Буллитт;Клетка для канареек;Мичман Панин;Смерть под парусом;Следствием установлено;Выстрел в тумане;Загадка Эндхауза;Мальтийский крест;Частный детектив;Кирпич;Убийство в Восточном экспрессе;Скрюченный домишко;Мегрэ и таинственная девушка;Убийство на яхте"
Ошибка резидента;Детектив;Триллер;Криминальный;Современное кино (2000–2020);8.397;42807;;7.4;0;;;;;;;;;;"Цветы от Лизы;Море любви;Один из нас;Южные ночи;Свидетель;Шерлок: Безобразная невеста;Убийства в Оксфорде;Мистериум. Журнал 64;Вероника Марс;Ко мне, Мухтар!;Воспоминания об убийстве;Тайна в его глазах;Прощай, детка, прощай;Расследование;Каменская: Смерть ради смерти;Каменская: Чужая маска;Каменская: Убийца поневоле;Каменская: Игра на чужом поле;Каменская: Не мешайте палачу;Каменская: Шестерки умирают первыми"
Пропажа свидетеля;Детектив;Криминал;Криминальный;Новинки (2020–2025);6.547;43309;;6.8;0;;;;;;;;;;"Двойная рокировка;Версия полковника Зорина;Убийство на Ждановской;Филер;Убийство на 100 миллионов;Убийство у моря;Предварительное расследование;Сломанная подкова;Нужные люди;Мистериум. Журнал 64;Секреты Лос-Анджелеса;Ко мне, Мухтар!;Воспоминания об убийстве;Дело Румянцева;Маленький свидетель;Прощай, детка, прощай;Расследование;Место встречи;Каменская: Смерть ради смерти;Каменская: Чужая маска"
Генеральская дочь;Детектив;Военный;Криминальный;Классика (до 2000 года);6.965;8155;The General's Daughter;6.4;4.3;;;;;;;;;;"Пароль знали двое;Секреты Лос-Анджелеса;Дело Румянцева;Маленький свидетель;Место встречи;Море любви;К расследованию приступить. Фильм 2: Клевета;Дьявол в голубом платье;Человек тьмы;Седьмая пуля;Дик Трэйси;Инспектор уголовного розыска;Полночь на злаковом поле;Свидетель;Мистериум. Журнал 64;Вероника Марс;Ко мне, Мухтар!;Воспоминания об убийстве;Ошибка резидента;Тайна в его глазах"
Нэнси Дрю;Детектив;Приключения;Классический;Современное кино (2000–2020);7.433;1264102;Nancy Drew;6.7;0;;;;;;;;;;"Приключения Шерлока Холмса и доктора Ватсона: Собака Баскервилей;Приключения Шерлока Холмса и доктора Ватсона: Охота на тигра;Шерлок Холмс и доктор Ватсон: Сокровища Агры;Энола Холмс;Шерлок: Безобразная невеста;Достать ножи;Достать ножи;Достать ножи;Шерлок Холмс;Шерлок Холмс: Игра теней;Частный детектив;Кирпич;Госфорд парк;Убийство в Восточном экспрессе;Мистер Холмс;Скрюченный домишко;Убийства в Оксфорде;Новогодний детектив;Игра теней;Мышеловка"
Новогодний детектив;Детектив;Комедия;Классический;Современное кино (2000–2020);5.944;573995;;5.3;0;;;;;;;;;;"Достать ножи;Достать ножи;Достать ножи;Шерлок Холмс и доктор Ватсон: Охота на тигра;Шарада;Деревенский детектив;Покерфейс;Тонкий человек;Достать ножи: Стеклянная луковица;Достать ножи 2: Стеклянная луковица;Вероника Марс;Врожденный порок;Шерлок: Безобразная невеста;Шерлок Холмс;Шерлок Холмс: Игра теней;Частный детектив;Нэнси Дрю;Кирпич;Госфорд парк;Убийство в Восточном экспрессе"
Двойная рокировка;Детектив;Криминал;Криминальный;Новинки (2020–2025);7.697;22797;Mou gaan dou;8;7.5;;;;;;;;;;"Версия полковника Зорина;Убийство на Ждановской;Филер;Пропажа свидетеля;Убийство на 100 миллионов;Убийство у моря;Предварительное расследование;Сломанная подкова;Нужные люди;Мистериум. Журнал 64;Секреты Лос-Анджелеса;Ко мне, Мухтар!;Воспоминания об убийстве;Дело Румянцева;Маленький свидетель;Прощай, детка, прощай;Расследование;Место встречи;Каменская: Смерть ради смерти;Каменская: Чужая маска"
Очень русский детектив;Детектив;Комедия;Криминальный;Новинки (2020–2025);4.714;404377;;4.7;0;;;;;;;;;;"Вероника Марс;Врожденный порок;Покерфейс;Достать ножи: Стеклянная луковица;Достать ножи 2: Стеклянная луковица;Двойная рокировка;Где находится Нофелет?;Версия полковника Зорина;Убийство на Ждановской;Один из нас;Филер;Пропажа свидетеля;Южные ночи;Убийство на 100 миллионов;Убийство у моря;Предварительное расследование;Сломанная подкова;Нужные люди;Герда;Шерлок Холмс и доктор Ватсон: Охота на тигра"
Инспектор уголовного розыска;Детектив;Криминал;Криминальный;Классика (до 2000 года);6.399;42609;;6;0;;;;;;;;;;"Секреты Лос-Анджелеса;Дело Румянцева;Маленький свидетель;Место встречи;К расследованию приступить. Фильм 2: Клевета;Дьявол в голубом платье;Человек тьмы;Седьмая пуля;Дик Трэйси;Полночь на злаковом поле;Мистериум. Журнал 64;Ко мне, Мухтар!;Воспоминания об убийстве;Двойная рокировка;Прощай, детка, прощай;Расследование;Каменская: Смерть ради смерти;Каменская: Чужая маска;Каменская: Убийца поневоле;Каменская: Игра на чужом поле"
Парижские тайны;Детектив;Криминал;Криминальный;Современное кино (2000–2020);6.975;1363119;Myst?re ? Paris;0;0;;;;;;;;;;"Мистериум. Журнал 64;Ко мне, Мухтар!;Воспоминания об убийстве;Прощай, детка, прощай;Расследование;Каменская: Смерть ради смерти;Каменская: Чужая маска;Каменская: Убийца поневоле;Каменская: Игра на чужом поле;Каменская: Не мешайте палачу;Каменская: Шестерки умирают первыми;Сиротский Бруклин;Каменская: Иллюзия греха;Убийства по открыткам;Улики;Секреты Лос-Анджелеса;Двойная рокировка;Дело Румянцева;Маленький свидетель;Место встречи"
