Опасное задание,Боевик (Экшен),Криминал,Криминальный,Новинки (2020–2025),6.2
Золотой глаз,Боевик (Экшен),Триллер,Шпионский,Классика (до 2000 года),7.6
План побега 3,Боевик (Экшен),Криминал,Криминальный,Современное кино (2000–2020),5.6
Никогда не сдавайся 3,Боевик (Экшен),Драма,Другое,Современное кино (2000–2020),5.8
72 часа,Боевик (Экшен),Военный,Военный,Новинки (2020–2025),6.1
Миссия: невыполнима,Боевик (Экшен),Триллер,Шпионский,Классика (до 2000 года),7.1
Цель вижу,Боевик (Экшен),Военный,Военный,Новинки (2020–2025),6.3
Люди Икс: Первый класс,Боевик (Экшен),Фантастика,Супергеройский,Современное кино (2000–2020),7.7
Джек Райан: Теория хаоса,Боевик (Экшен),Детектив,Шпионский,Современное кино (2000–2020),6.7
Некуда бежать,Боевик (Экшен),Криминал,Криминальный,Новинки (2020–2025),6.1
Кикбоксер,Боевик (Экшен),Драма,Другое,Классика (до 2000 года),6.9
Сердце из стали,Боевик (Экшен),Фантастика,Супергеройский,Современное кино (2000–2020),7.4
Миссия невыполнима: Племя изгоев,Боевик (Экшен),Триллер,Шпионский,Новинки (2020–2025),7.7
Погоня,Боевик (Экшен),Криминал,Криминальный,Новинки (2020–2025),6.3
Ночные ястребы,Боевик (Экшен),Криминал,Криминальный,Классика (до 2000 года),6.7
Идентификация Борна,Боевик (Экшен),Триллер,Шпионский,Современное кино (2000–2020),7.9
Джанго,Боевик (Экшен),Криминал,Криминальный,Современное кино (2000–2020),7.9
Сломанная стрела,Боевик (Экшен),Военный,Военный,Классика (до 2000 года),6.7
RRR: Рядом ревет революция,Боевик (Экшен),Исторический,Военный,Новинки (2020–2025),8.3
Морбиус,Боевик (Экшен),Фантастика,Супергеройский,Новинки (2020–2025),3.7
Люди Икс: Начало. Росомаха,Боевик (Экшен),Фантастика,Супергеройский,Современное кино (2000–2020),6.6
Костолом,Боевик (Экшен),Криминал,Криминальный,Современное кино (2000–2020),7.1
Ягуар,Боевик (Экшен),Криминал,Криминальный,Новинки (2020–2025),6.4
Восточный ветер. Великий Ураган,Боевик (Экшен),Приключения,Другое,Новинки (2020–2025),6.7
Враг государства,Боевик (Экшен),Триллер,Шпионский,Классика (до 2000 года),7.8
Ларго Винч 2: Заговор в Бирме,Боевик (Экшен),Триллер,Шпионский,Современное кино (2000–2020),6.6
Супермен 4: В поисках мира,Боевик (Экшен),Фантастика,Супергеройский,Классика (до 2000 года),5.9
Через прицел,Боевик (Экшен),Триллер,Криминальный,Новинки (2020–2025),6.7
Разборки в маленьком Токио,Боевик (Экшен),Криминал,Криминальный,Классика (до 2000 года),6.7
Бесстрашный,Боевик (Экшен),Биографический,Другое,Современное кино (2000–2020),7.4
Отставник,Боевик (Экшен),Криминал,Криминальный,Новинки (2020–2025),6.3
Клинч,Боевик (Экшен),Криминал,Криминальный,Новинки (2020–2025),6.8
Блэйд,Боевик (Экшен),Фэнтези,Супергеройский,Классика (до 2000 года),6.9
Дневной свет,Боевик (Экшен),Приключения,Другое,Классика (до 2000 года),6.6
Одинок по контракту,Боевик (Экшен),Комедия,Криминальный,Новинки (2020–2025),6.4
Неудержимые 3,Боевик (Экшен),Криминал,Криминальный,Современное кино (2000–2020),6.1
Агент Эмерсон,Боевик (Экшен),Триллер,Шпионский,Новинки (2020–2025),6.5
Каратель,Боевик (Экшен),Криминал,Криминальный,Современное кино (2000–2020),6.8
Последнее испытание,Боевик (Экшен),Военный,Военный,Новинки (2020–2025),6.4
Макс Пэйн,Боевик (Экшен),Криминал,Криминальный,Современное кино (2000–2020),5.9
Хищники,Боевик (Экшен),Фантастика,Фантастический,Современное кино (2000–2020),6.4
Джон Уик 3,Боевик (Экшен),Криминал,Криминальный,Современное кино (2000–2020),7.7
Крутой поворот,Боевик (Экшен),Криминал,Криминальный,Современное кино (2000–2020),6.9
Агент Ева,Боевик (Экшен),Триллер,Шпионский,Новинки (2020–2025),6.1
Ганмен,Боевик (Экшен),Криминал,Криминальный,Современное кино (2000–2020),6.1
Груз без маркировки,Боевик (Экшен),Криминал,Криминальный,Новинки (2020–2025),6.3
В западне,Боевик (Экшен),Триллер,Криминальный,Классика (до 2000 года),7.7
Бродяга Кэнсин,Боевик (Экшен),Исторический,Другое,Современное кино (2000–2020),8.1
Мистер и миссис Смит,Боевик (Экшен),Комедия,Шпионский,Современное кино (2000–2020),7.7
Перестрелка,Боевик (Экшен),Криминал,Криминальный,Новинки (2020–2025),5.9
Братство клинков,Боевик (Экшен),Исторический,Шпионский,Современное кино (2000–2020),7.4
Во власти тигра,Боевик (Экшен),Триллер,Шпионский,Современное кино (2000–2020),6.7
Красотка на взводе,Боевик (Экшен),Криминал,Криминальный,Новинки (2020–2025),5.4
Kingsman: Золотое кольцо,Боевик (Экшен),Комедия,Шпионский,Современное кино (2000–2020),6.7
Никто,Боевик (Экшен),Криминал,Криминальный,Новинки (2020–2025),7.5
Охота на Санту,Боевик (Экшен),Фэнтези,Фантастический,Новинки (2020–2025),6.8
Смертельное оружие,Боевик (Экшен),Криминал,Криминальный,Классика (до 2000 года),7.7
Ангелы Чарли,Боевик (Экшен),Комедия,Шпионский,Современное кино (2000–2020),6.6
Пятерка супергероев,Боевик (Экшен),Фантастика,Супергеройский,Новинки (2020–2025),6.1
Мэверик,Боевик (Экшен),Военный,Военный,Новинки (2020–2025),8.4
Бой с тенью 3D: Последний раунд,Боевик (Экшен),Драма,Другое,Современное кино (2000–2020),6.2
Найти и обезвредить,Боевик (Экшен),Криминал,Криминальный,Новинки (2020–2025),5.9
Лига справедливости Зака Снайдера,Боевик (Экшен),Фантастика,Супергеройский,Новинки (2020–2025),7.3
Однажды в Мексике: Отчаянный 2,Боевик (Экшен),Криминал,Криминальный,Современное кино (2000–2020),7.1
Пленница. Побег,Боевик (Экшен),Военный,Военный,Новинки (2020–2025),5.7
Право на выстрел,Боевик (Экшен),Криминал,Криминальный,Современное кино (2000–2020),6.3
Однажды на Диком Западе,Боевик (Экшен),Исторический,Криминальный,Классика (до 2000 года),8.2
Джон Уик 4,Боевик (Экшен),Криминал,Криминальный,Новинки (2020–2025),7.9
Кровавый спорт,Боевик (Экшен),Приключения,Криминальный,Классика (до 2000 года),7.1
Сверхлюди,Боевик (Экшен),Фантастика,Супергеройский,Новинки (2020–2025),6.5
Вид на убийство,Боевик (Экшен),Триллер,Шпионский,Классика (до 2000 года),6.8
Миссия Невыполнима: Протокол Фантом,Боевик (Экшен),Триллер,Шпионский,Современное кино (2000–2020),7.9
RRR: Рядом ревёт революция,Боевик (Экшен),Исторический,Военный,Новинки (2020–2025),8.3
Сильнейший удар: Бой до смерти,Боевик (Экшен),Криминал,Криминальный,Новинки (2020–2025),6.4
Хантер киллер,Боевик (Экшен),Военный,Военный,Современное кино (2000–2020),6.6
Танго и Кэш,Боевик (Экшен),Криминал,Криминальный,Классика (до 2000 года),6.9
Люди Икс 2,Боевик (Экшен),Фантастика,Супергеройский,Современное кино (2000–2020),7.7
Король неба,Боевик (Экшен),Военный,Военный,Новинки (2020–2025),8.1
Осада,Боевик (Экшен),Триллер,Военный,Классика (до 2000 года),6.9
Человек из стали,Боевик (Экшен),Фантастика,Супергеройский,Современное кино (2000–2020),7.7
Связь,Боевик (Экшен),Фантастика,Фантастический,Новинки (2020–2025),6.4
Тень,Боевик (Экшен),Исторический,Военный,Современное кино (2000–2020),7.5
Иллюзия обмана 2,Боевик (Экшен),Криминал,Криминальный,Современное кино (2000–2020),6.6
Неудержимые,Боевик (Экшен),Военный,Военный,Современное кино (2000–2020),6.7
Чужестранец,Боевик (Экшен),Криминал,Криминальный,Современное кино (2000–2020),6.9
Игра без правил,Боевик (Экшен),Криминал,Криминальный,Новинки (2020–2025),6.1
Никто не узнает,Боевик (Экшен),Криминал,Криминальный,Новинки (2020–2025),7.4
Охотник,Боевик (Экшен),Военный,Военный,Современное кино (2000–2020),6.2
ЗащитнеГ,Боевик (Экшен),Драма,Военный,Современное кино (2000–2020),6.9
Мортал Комбат,Боевик (Экшен),Фэнтези,Фантастический,Новинки (2020–2025),6.9
Крепость на колесах,Боевик (Экшен),Фантастика,Фантастический,Новинки (2020–2025),5.4
Вышибала,Боевик (Экшен),Криминал,Криминальный,Новинки (2020–2025),6.1
Двойной удар,Боевик (Экшен),Криминал,Криминальный,Классика (до 2000 года),6.9
16 кварталов,Боевик (Экшен),Криминал,Криминальный,Современное кино (2000–2020),6.6
Риск без контракта,Боевик (Экшен),Криминал,Криминальный,Новинки (2020–2025),5.9
Логан,Боевик (Экшен),Фантастика,Супергеройский,Современное кино (2000–2020),8.2
Жажда смерти,Боевик (Экшен),Криминал,Криминальный,Классика (до 2000 года),7.4
Три икса: Мировое господство,Боевик (Экшен),Фантастика,Шпионский,Современное кино (2000–2020),5.4
Миссия: невыполнима 3,Боевик (Экшен),Триллер,Шпионский,Современное кино (2000–2020),7.3
Выбор цели,Боевик (Экшен),Военный,Военный,Новинки (2020–2025),6.7
Аксель,Боевик (Экшен),Триллер,Шпионский,Новинки (2020–2025),6.3
Недруги,Боевик (Экшен),Криминал,Криминальный,Новинки (2020–2025),6.7
Специалист,Боевик (Экшен),Криминал,Криминальный,Классика (до 2000 года),6.6
Халк,Боевик (Экшен),Фантастика,Супергеройский,Современное кино (2000–2020),6.7
300 спартанцев: Расцвет империи,Боевик (Экшен),Военный,Военный,Современное кино (2000–2020),6.7
Живешь только дважды,Боевик (Экшен),Фантастика,Шпионский,Классика (до 2000 года),7.1
Макс Стил,Боевик (Экшен),Фантастика,Супергеройский,Современное кино (2000–2020),5.8
Последний бойскаут,Боевик (Экшен),Детектив,Криминальный,Классика (до 2000 года),7.1
Ип Ман 2,Боевик (Экшен),Биографический,Другое,Современное кино (2000–2020),7.9
Плохие парни навсегда,Боевик (Экшен),Криминал,Криминальный,Современное кино (2000–2020),6.9
Универсальный солдат,Боевик (Экшен),Фантастика,Фантастический,Классика (до 2000 года),6.9
Бесстрашная гиена,Боевик (Экшен),Комедия,Другое,Классика (до 2000 года),7.1
Брэк!,Боевик (Экшен),Криминал,Криминальный,Новинки (2020–2025),6.8
Бэтмен против Супермена: На заре справедливости,Боевик (Экшен),Фантастика,Супергеройский,Современное кино (2000–2020),6.9
Правосудие Спенсера,Боевик (Экшен),Криминал,Криминальный,Новинки (2020–2025),6.3
Пипец 2,Боевик (Экшен),Фантастика,Супергеройский,Современное кино (2000–2020),6.5
Миссия: невыполнима 7. Смертельная расплата,Боевик (Экшен),Триллер,Шпионский,Новинки (2020–2025),7.6
Красное уведомление,Боевик (Экшен),Комедия,Криминальный,Новинки (2020–2025),6.4
Онг Бак,Боевик (Экшен),Криминал,Криминальный,Современное кино (2000–2020),7.1
Первый Мститель: Противостояние,Боевик (Экшен),Фантастика,Супергеройский,Современное кино (2000–2020),7.7
Миссия невыполнима: Последствия,Боевик (Экшен),Триллер,Шпионский,Современное кино (2000–2020),7.7
Королевская регата,Боевик (Экшен),Приключения,Шпионский,Новинки (2020–2025),6.3
Кобра,Боевик (Экшен),Криминал,Криминальный,Классика (до 2000 года),6.6
Трансформеры 2: Месть падших,Боевик (Экшен),Фантастика,Фантастический,Современное кино (2000–2020),5.7
План побега 2,Боевик (Экшен),Криминал,Криминальный,Современное кино (2000–2020),5.3
Супермен 3,Боевик (Экшен),Фантастика,Супергеройский,Классика (до 2000 года),6.5
Игра смерти,Боевик (Экшен),Криминал,Криминальный,Классика (до 2000 года),7.1
Человек из ниоткуда,Боевик (Экшен),Криминал,Криминальный,Современное кино (2000–2020),7.9
Железная хватка,Боевик (Экшен),Криминал,Криминальный,Новинки (2020–2025),6.3
Белые волки,Боевик (Экшен),Военный,Военный,Новинки (2020–2025),6.3
Железный рыцарь 2: Кровная месть,Боевик (Экшен),Фэнтези,Фантастический,Новинки (2020–2025),6.1
Час пик,Боевик (Экшен),Комедия,Криминальный,Классика (до 2000 года),7.3
Над законом,Боевик (Экшен),Криминал,Криминальный,Классика (до 2000 года),6.9
Пассажир 57,Боевик (Экшен),Триллер,Криминальный,Классика (до 2000 года),6.6
Хищник 2,Боевик (Экшен),Фантастика,Фантастический,Классика (до 2000 года),6.5
Хитмэн: Агент 47,Боевик (Экшен),Триллер,Шпионский,Современное кино (2000–2020),5.7
Убить Билла,Боевик (Экшен),Криминал,Криминальный,Современное кино (2000–2020),7.9
Максимальный риск,Боевик (Экшен),Криминал,Криминальный,Классика (до 2000 года),6.7
Рэмпейдж,Боевик (Экшен),Фантастика,Фантастический,Современное кино (2000–2020),6.6
Новый Человек-паук,Боевик (Экшен),Фантастика,Супергеройский,Современное кино (2000–2020),6.9
Отмеченный смертью,Боевик (Экшен),Криминал,Криминальный,Классика (до 2000 года),6.7
Пуля,Боевик (Экшен),Криминал,Криминальный,Новинки (2020–2025),5.8
Черепашки-ниндзя 2,Боевик (Экшен),Фантастика,Супергеройский,Классика (до 2000 года),6.7
Лицензия на убийство,Боевик (Экшен),Триллер,Шпионский,Классика (до 2000 года),7.1
Двойной форсаж,Боевик (Экшен),Криминал,Криминальный,Современное кино (2000–2020),6.6
D.O.A.: Живым или мертвым,Боевик (Экшен),Фантастика,Фантастический,Современное кино (2000–2020),5.5
Судный день,Боевик (Экшен),Фантастика,Фантастический,Современное кино (2000–2020),6.6
Бэтмен: начало,Боевик (Экшен),Фантастика,Супергеройский,Современное кино (2000–2020),8.1
Нападение на 13-й участок,Боевик (Экшен),Криминал,Криминальный,Современное кино (2000–2020),6.7
Код Красный,Боевик (Экшен),Триллер,Криминальный,Новинки (2020–2025),5.9
Допустимые жертвы,Боевик (Экшен),Триллер,Криминальный,Современное кино (2000–2020),6.1
Бродяга Кэнсин: Великий киотский пожар,Боевик (Экшен),Исторический,Другое,Современное кино (2000–2020),8.3
Ронин,Боевик (Экшен),Криминал,Криминальный,Классика (до 2000 года),7.6
Тайлер Рейк: Операция по спасению 2,Боевик (Экшен),Криминал,Криминальный,Новинки (2020–2025),6.8
Детка,Боевик (Экшен),Криминал,Криминальный,Современное кино (2000–2020),7.5
Механик: Воскрешение,Боевик (Экшен),Криминал,Шпионский,Современное кино (2000–2020),6.4
Рукопашный бой,Боевик (Экшен),Военный,Военный,Современное кино (2000–2020),6.4
Каменная башка,Боевик (Экшен),Криминал,Криминальный,Современное кино (2000–2020),6.2
Первый мститель: Противостояние,Боевик (Экшен),Фантастика,Супергеройский,Современное кино (2000–2020),7.8
Восточный Ветер,Боевик (Экшен),Военный,Военный,Новинки (2020–2025),6.7
Миротворец,Боевик (Экшен),Триллер,Шпионский,Классика (до 2000 года),6.6
Точка невозврата,Боевик (Экшен),Триллер,Криминальный,Современное кино (2000–2020),6.2
Терминатор 2: Судный день,Боевик (Экшен),Фантастика,Фантастический,Классика (до 2000 года),8.5
Короткометражка Marvel: Агент Картер,Боевик (Экшен),Фантастика,Супергеройский,Современное кино (2000–2020),7.6
Ларго Винч: Начало,Боевик (Экшен),Криминал,Криминальный,Современное кино (2000–2020),6.9
Удар молнии,Боевик (Экшен),Фантастика,Супергеройский,Новинки (2020–2025),5.9
На гребне,Боевик (Экшен),Криминал,Криминальный,Классика (до 2000 года),7.6
В смертельной опасности,Боевик (Экшен),Приключения,Военный,Классика (до 2000 года),5.1
"Крепкий орешек: Хороший день, чтобы умереть",Боевик (Экшен),Триллер,Криминальный,Современное кино (2000–2020),5.7
Дэдпул,Боевик (Экшен),Фантастика,Супергеройский,Современное кино (2000–2020),7.8
Аппалуза,Боевик (Экшен),Драма,Криминальный,Современное кино (2000–2020),6.9
Возмездие,Боевик (Экшен),Криминал,Криминальный,Новинки (2020–2025),6.2
Эйр Америка,Боевик (Экшен),Военный,Военный,Классика (до 2000 года),6.6
Правдивая ложь,Боевик (Экшен),Комедия,Шпионский,Классика (до 2000 года),7.6
Шальная карта,Боевик (Экшен),Криминал,Криминальный,Современное кино (2000–2020),6.4
Временная петля,Боевик (Экшен),Фантастика,Фантастический,Новинки (2020–2025),6.8
Совокупность лжи,Боевик (Экшен),Триллер,Шпионский,Современное кино (2000–2020),6.9
Манускрипт ниндзя,Боевик (Экшен),Фэнтези,Фантастический,Классика (до 2000 года),7.5
Суперкоманда,Боевик (Экшен),Фантастика,Супергеройский,Новинки (2020–2025),6.3
Плохой парень,Боевик (Экшен),Комедия,Криминальный,Классика (до 2000 года),7.3
Три икса,Боевик (Экшен),Триллер,Шпионский,Современное кино (2000–2020),6.3
Могучие рейнджеры,Боевик (Экшен),Фантастика,Супергеройский,Современное кино (2000–2020),5.7
Не брать живым,Боевик (Экшен),Военный,Военный,Новинки (2020–2025),7.3
Опасный элемент,Боевик (Экшен),Криминал,Криминальный,Новинки (2020–2025),6.1
Железный Человек: Восстание Техновора,Боевик (Экшен),Фантастика,Супергеройский,Современное кино (2000–2020),6.2
Побег из Лос-Анджелеса,Боевик (Экшен),Фантастика,Фантастический,Классика (до 2000 года),6.7
Форсаж 9,Боевик (Экшен),Приключения,Криминальный,Новинки (2020–2025),6.3
Лига Справедливости: Трон Атлантиды,Боевик (Экшен),Фантастика,Супергеройский,Современное кино (2000–2020),7.1
Красная жара,Боевик (Экшен),Криминал,Криминальный,Классика (до 2000 года),6.8
Авангард: Арктические волки,Боевик (Экшен),Приключения,Шпионский,Новинки (2020–2025),5.2
Овердрайв,Боевик (Экшен),Криминал,Криминальный,Новинки (2020–2025),5.9
Шан-Чи и легенда десяти колец,Боевик (Экшен),Фэнтези,Супергеройский,Новинки (2020–2025),7.4
Люди Икс. Последняя битва,Боевик (Экшен),Фантастика,Супергеройский,Современное кино (2000–2020),7.6
На секретной службе ее Величества,Боевик (Экшен),Приключения,Шпионский,Классика (до 2000 года),7.4
Никогда не сдавайся,Боевик (Экшен),Драма,Криминальный,Современное кино (2000–2020),6.7
Зеленый Шершень,Боевик (Экшен),Комедия,Супергеройский,Современное кино (2000–2020),6.2
Теккен,Боевик (Экшен),Фантастика,Фантастический,Современное кино (2000–2020),4.6
Гаджини,Боевик (Экшен),Триллер,Криминальный,Современное кино (2000–2020),7.0
Черный Адам,Боевик (Экшен),Фантастика,Супергеройский,Новинки (2020–2025),6.6
Уличный боец,Боевик (Экшен),Фантастика,Фантастический,Классика (до 2000 года),4.3
Кутласс,Боевик (Экшен),Криминал,Криминальный,Новинки (2020–2025),5.9
Турбулентность,Боевик (Экшен),Триллер,Криминальный,Классика (до 2000 года),5.7
Универсальный солдат 2: Возвращение,Боевик (Экшен),Фантастика,Фантастический,Классика (до 2000 года),5.9
Мстители: Война бесконечности,Боевик (Экшен),Фантастика,Супергеройский,Современное кино (2000–2020),7.8
Неоспоримый 4,Боевик (Экшен),Криминал,Криминальный,Современное кино (2000–2020),6.2
Призрачный гонщик,Боевик (Экшен),Фэнтези,Супергеройский,Современное кино (2000–2020),6.3
Возвращение резидента,Боевик (Экшен),Детектив,Шпионский,Новинки (2020–2025),6.4
Три икса 2: Новый уровень,Боевик (Экшен),Триллер,Шпионский,Современное кино (2000–2020),5.9
Без права на провал,Боевик (Экшен),Фантастика,Шпионский,Новинки (2020–2025),7.5
Опасные пассажиры поезда 123,Боевик (Экшен),Триллер,Другое,Современное кино (2000–2020),7.4
Женщина-кошка,Боевик (Экшен),Фантастика,Супергеройский,Современное кино (2000–2020),3.9
Бой без правил,Боевик (Экшен),Криминал,Криминальный,Современное кино (2000–2020),6.7
Кайт,Боевик (Экшен),Триллер,Криминальный,Современное кино (2000–2020),5.9
Отряд самоубийц,Боевик (Экшен),Фантастика,Супергеройский,Современное кино (2000–2020),6.1
На близком расстоянии,Боевик (Экшен),Криминал,Криминальный,Современное кино (2000–2020),5.9
Ультиматум Борна,Боевик (Экшен),Триллер,Шпионский,Современное кино (2000–2020),7.9
Самоубийцы,Боевик (Экшен),Фантастика,Супергеройский,Современное кино (2000–2020),6.4
Человек-муравей,Боевик (Экшен),Фантастика,Супергеройский,Современное кино (2000–2020),7.4
Денежный поезд,Боевик (Экшен),Криминал,Криминальный,Классика (до 2000 года),6.1
Ямакаси: Свобода в движении,Боевик (Экшен),Криминал,Криминальный,Современное кино (2000–2020),7.1
От колыбели до могилы,Боевик (Экшен),Криминал,Криминальный,Современное кино (2000–2020),6.5
Кикбоксер возвращается,Боевик (Экшен),Криминал,Криминальный,Современное кино (2000–2020),5.6
Безумный Макс,Боевик (Экшен),Фантастика,Фантастический,Классика (до 2000 года),7.4
Мстители: Финал,Боевик (Экшен),Фантастика,Супергеройский,Современное кино (2000–2020),8.1
Слепая ярость,Боевик (Экшен),Триллер,Криминальный,Классика (до 2000 года),6.8
Зеленые цепочки,Боевик (Экшен),Приключения,Криминальный,Новинки (2020–2025),5.9
Черепашки-ниндзя 2: Тайна изумрудного зелья,Боевик (Экшен),Фантастика,Супергеройский,Классика (до 2000 года),6.9
Егерь,Боевик (Экшен),Триллер,Криминальный,Новинки (2020–2025),6.9
Рейд,Боевик (Экшен),Криминал,Криминальный,Современное кино (2000–2020),7.6
Обратная тяга,Боевик (Экшен),Криминал,Криминальный,Классика (до 2000 года),6.7
Самоволка,Боевик (Экшен),Военный,Военный,Новинки (2020–2025),6.3
Нокаут,Боевик (Экшен),Криминал,Криминальный,Современное кино (2000–2020),6.1
G.I. Joe: Бросок кобры 2,Боевик (Экшен),Военный,Военный,Современное кино (2000–2020),6.6
Без компромиссов,Боевик (Экшен),Детектив,Криминальный,Классика (до 2000 года),7.4
Пуленепробиваемый монах,Боевик (Экшен),Фэнтези,Супергеройский,Современное кино (2000–2020),6.5
Джейн берет ружье,Боевик (Экшен),Криминал,Криминальный,Современное кино (2000–2020),6.0
Хэнкок,Боевик (Экшен),Фантастика,Супергеройский,Современное кино (2000–2020),6.7
Шпионская игра,Боевик (Экшен),Триллер,Шпионский,Современное кино (2000–2020),7.7
Доспехи бога 3: Миссия Зодиак,Боевик (Экшен),Приключения,Криминальный,Современное кино (2000–2020),6.3
Падение Лондона,Боевик (Экшен),Триллер,Криминальный,Современное кино (2000–2020),6.4
King's Man: Начало,Боевик (Экшен),Военный,Шпионский,Новинки (2020–2025),6.6
Бунраку,Боевик (Экшен),Фэнтези,Фантастический,Современное кино (2000–2020),6.1
Солдаты удачи,Боевик (Экшен),Криминал,Военный,Современное кино (2000–2020),6.3
Неуправляемый,Боевик (Экшен),Триллер,Другое,Современное кино (2000–2020),7.4
В чужом ряду,Боевик (Экшен),Криминал,Криминальный,Новинки (2020–2025),6.6
Ультрафиолет,Боевик (Экшен),Фантастика,Фантастический,Современное кино (2000–2020),4.9
Поцелуй навылет,Боевик (Экшен),Криминал,Криминальный,Современное кино (2000–2020),6.9
Смертельное оружие 3,Боевик (Экшен),Криминал,Криминальный,Классика (до 2000 года),7.4
Малыш,Боевик (Экшен),Криминал,Криминальный,Современное кино (2000–2020),7.5
Лига справедливости,Боевик (Экшен),Фантастика,Супергеройский,Современное кино (2000–2020),6.3
Черепашки-ниндзя: Погром мутантов,Боевик (Экшен),Фантастика,Супергеройский,Новинки (2020–2025),7.6
Не сдавайся,Боевик (Экшен),Драма,Другое,Современное кино (2000–2020),6.8
Джек Ричер 2: Никогда не возвращайся,Боевик (Экшен),Криминал,Криминальный,Современное кино (2000–2020),6.1
Шаолинь,Боевик (Экшен),Исторический,Военный,Современное кино (2000–2020),7.1
Прыжок богомола,Боевик (Экшен),Приключения,Другое,Классика (до 2000 года),6.9
Ип Ман,Боевик (Экшен),Биографический,Военный,Современное кино (2000–2020),8.1
Убить Билла 2,Боевик (Экшен),Криминал,Криминальный,Современное кино (2000–2020),7.9
В аду,Боевик (Экшен),Криминал,Криминальный,Современное кино (2000–2020),6.4
Одиночка,Боевик (Экшен),Криминал,Криминальный,Новинки (2020–2025),6.9
Черный дождь,Боевик (Экшен),Криминал,Криминальный,Классика (до 2000 года),7.1
Человек-муравей и Оса,Боевик (Экшен),Фантастика,Супергеройский,Современное кино (2000–2020),6.9
Прорва,Боевик (Экшен),Криминал,Криминальный,Новинки (2020–2025),7.7
5 неизвестных,Боевик (Экшен),Криминал,Криминальный,Новинки (2020–2025),6.1
Драконы навсегда,Боевик (Экшен),Комедия,Криминальный,Классика (до 2000 года),7.6
Тор: Рагнарёк,Боевик (Экшен),Фэнтези,Супергеройский,Современное кино (2000–2020),7.8
Человек ниоткуда,Боевик (Экшен),Криминал,Криминальный,Современное кино (2000–2020),7.7
Баллада о старом оружии,Боевик (Экшен),Криминал,Криминальный,Новинки (2020–2025),6.4
Первый удар,Боевик (Экшен),Военный,Военный,Новинки (2020–2025),6.7
Напролом,Боевик (Экшен),Криминал,Криминальный,Новинки (2020–2025),6.1
Последний из лучших,Боевик (Экшен),Криминал,Криминальный,Классика (до 2000 года),6.6
Пушки Акимбо,Боевик (Экшен),Комедия,Криминальный,Современное кино (2000–2020),6.7
Не время умирать,Боевик (Экшен),Триллер,Шпионский,Новинки (2020–2025),7.1
Посейдон,Боевик (Экшен),Приключения,Другое,Современное кино (2000–2020),6.8
Бог грома,Боевик (Экшен),Фантастика,Супергеройский,Современное кино (2000–2020),6.8
Крутые меры,Боевик (Экшен),Криминал,Криминальный,Современное кино (2000–2020),4.3
Землетрясение,Боевик (Экшен),Драма,Другое,Классика (до 2000 года),6.6
300 спартанцев,Боевик (Экшен),Военный,Военный,Современное кино (2000–2020),7.6
Железный человек 2,Боевик (Экшен),Фантастика,Супергеройский,Современное кино (2000–2020),7.5
Поцелуй дракона,Боевик (Экшен),Криминал,Криминальный,Современное кино (2000–2020),7.1
Форсаж 7,Боевик (Экшен),Криминал,Криминальный,Современное кино (2000–2020),7.4
3 дня на убийство,Боевик (Экшен),Триллер,Шпионский,Современное кино (2000–2020),6.4
Черная Пантера: Ваканда навеки,Боевик (Экшен),Фантастика,Супергеройский,Новинки (2020–2025),7.2
Секретная служба Санта-Клауса,Боевик (Экшен),Фэнтези,Супергеройский,Новинки (2020–2025),6.9
После работы,Боевик (Экшен),Криминал,Криминальный,Новинки (2020–2025),6.7
Смертельная битва,Боевик (Экшен),Фэнтези,Фантастический,Новинки (2020–2025),6.9
Адреналин: Высокое напряжение,Боевик (Экшен),Криминал,Криминальный,Современное кино (2000–2020),6.7
Автобан,Боевик (Экшен),Криминал,Криминальный,Современное кино (2000–2020),6.4
Блэйд 2,Боевик (Экшен),Фантастика,Супергеройский,Современное кино (2000–2020),6.9
Бой с тенью 2: Реванш,Боевик (Экшен),Драма,Криминальный,Современное кино (2000–2020),6.9
Перевозчик 3,Боевик (Экшен),Криминал,Криминальный,Современное кино (2000–2020),6.1
Геймер,Боевик (Экшен),Фантастика,Фантастический,Современное кино (2000–2020),6.1
На Париж!,Боевик (Экшен),Комедия,Военный,Новинки (2020–2025),6.6
Универсальный солдат 3: Возрождение,Боевик (Экшен),Фантастика,Фантастический,Современное кино (2000–2020),6.6
Из России с любовью,Боевик (Экшен),Триллер,Шпионский,Классика (до 2000 года),7.6
Джейсон Борн,Боевик (Экшен),Триллер,Шпионский,Современное кино (2000–2020),6.7
Кикбоксер 2: Дорога назад,Боевик (Экшен),Драма,Другое,Классика (до 2000 года),5.4
Шпионский мост,Боевик (Экшен),Военный,Шпионский,Современное кино (2000–2020),7.7
Побег,Боевик (Экшен),Криминал,Криминальный,Новинки (2020–2025),6.3
Меч дракона,Боевик (Экшен),Исторический,Военный,Современное кино (2000–2020),6.1
24 часа,Боевик (Экшен),Фантастика,Фантастический,Современное кино (2000–2020),6.0
Наруто 9: Путь ниндзя,Боевик (Экшен),Фэнтези,Фантастический,Современное кино (2000–2020),7.9
Взрывная блондинка,Боевик (Экшен),Триллер,Шпионский,Современное кино (2000–2020),7.3
Крриш,Боевик (Экшен),Фантастика,Супергеройский,Современное кино (2000–2020),6.9
Адреналин,Боевик (Экшен),Криминал,Криминальный,Современное кино (2000–2020),6.8
Наемник,Боевик (Экшен),Приключения,Военный,Классика (до 2000 года),6.7
Шпионские игры,Боевик (Экшен),Триллер,Шпионский,Современное кино (2000–2020),7.6
Серые волки,Боевик (Экшен),Военный,Военный,Классика (до 2000 года),6.9
Проповедник с пулеметом,Боевик (Экшен),Криминал,Криминальный,Новинки (2020–2025),6.9
Скала,Боевик (Экшен),Триллер,Шпионский,Классика (до 2000 года),7.8
Бриллианты навсегда,Боевик (Экшен),Триллер,Шпионский,Классика (до 2000 года),6.9
Опасный человек,Боевик (Экшен),Криминал,Криминальный,Современное кино (2000–2020),5.4
Падение ангела,Боевик (Экшен),Триллер,Шпионский,Современное кино (2000–2020),6.5
На полной скорости,Боевик (Экшен),Криминал,Криминальный,Современное кино (2000–2020),7.3
Кейт,Боевик (Экшен),Триллер,Криминальный,Новинки (2020–2025),6.6
Единичка,Боевик (Экшен),Военный,Военный,Новинки (2020–2025),6.9
Виктор,Боевик (Экшен),Криминал,Криминальный,Новинки (2020–2025),6.2
В осаде,Боевик (Экшен),Триллер,Криминальный,Классика (до 2000 года),7.3
Ромео должен умереть,Боевик (Экшен),Криминал,Криминальный,Современное кино (2000–2020),6.7
Восточный ветер 4: Легенда о Воине,Боевик (Экшен),Фэнтези,Фантастический,Новинки (2020–2025),6.8
Стрела. Абсолютное оружие,Боевик (Экшен),Триллер,Криминальный,Новинки (2020–2025),6.3
Воины света,Боевик (Экшен),Фантастика,Супергеройский,Новинки (2020–2025),6.1
Беги без оглядки,Боевик (Экшен),Криминал,Криминальный,Современное кино (2000–2020),6.6
Ип Ман 4: Финал,Боевик (Экшен),Биографический,Военный,Современное кино (2000–2020),7.8
Крутой,Боевик (Экшен),Фантастика,Фантастический,Современное кино (2000–2020),6.8
Охранник для дочери,Боевик (Экшен),Криминал,Криминальный,Современное кино (2000–2020),7.8
Навстречу шторму,Боевик (Экшен),Фантастика,Фантастический,Современное кино (2000–2020),5.6
Первый мститель: Другая война,Боевик (Экшен),Фантастика,Супергеройский,Современное кино (2000–2020),7.6
Армагеддец,Боевик (Экшен),Фантастика,Фантастический,Классика (до 2000 года),7.5
Пекло,Боевик (Экшен),Криминал,Криминальный,Современное кино (2000–2020),6.6
Мишень,Боевик (Экшен),Криминал,Криминальный,Новинки (2020–2025),6.4
Бэйтаун вне закона,Боевик (Экшен),Криминал,Криминальный,Современное кино (2000–2020),5.8
Самолет президента,Боевик (Экшен),Триллер,Военный,Классика (до 2000 года),7.6
Смертельная гонка 3: Ад,Боевик (Экшен),Криминал,Криминальный,Современное кино (2000–2020),5.8
Мусорщик,Боевик (Экшен),Криминал,Криминальный,Новинки (2020–2025),6.7
Тройной форсаж: Токийский Дрифт,Боевик (Экшен),Криминал,Криминальный,Современное кино (2000–2020),6.9
Близнецы-драконы,Боевик (Экшен),Комедия,Криминальный,Классика (до 2000 года),7.6
Рыцарь дня,Боевик (Экшен),Комедия,Шпионский,Современное кино (2000–2020),6.9
Кулак ярости,Боевик (Экшен),Криминал,Криминальный,Классика (до 2000 года),7.6
Добыча,Боевик (Экшен),Фантастика,Фантастический,Новинки (2020–2025),7.5
Ультиматум,Боевик (Экшен),Детектив,Шпионский,Современное кино (2000–2020),8.2
Неистребимый шпион,Боевик (Экшен),Комедия,Шпионский,Новинки (2020–2025),5.4
Похищенная,Боевик (Экшен),Триллер,Криминальный,Современное кино (2000–2020),7.5
Коммандос,Боевик (Экшен),Военный,Военный,Классика (до 2000 года),7.1
007: СПЕКТР,Боевик (Экшен),Триллер,Шпионский,Современное кино (2000–2020),6.4
Рэмбо: Последняя кровь,Боевик (Экшен),Криминал,Военный,Современное кино (2000–2020),6.4
Приказано взять живым,Боевик (Экшен),Военный,Военный,Новинки (2020–2025),6.9
Бэтмен,Боевик (Экшен),Фантастика,Супергеройский,Классика (до 2000 года),7.6
Хитмен. Последнее дело,Боевик (Экшен),Фантастика,Шпионский,Современное кино (2000–2020),5.7
Монтана,Боевик (Экшен),Криминал,Криминальный,Современное кино (2000–2020),6.3
Медальон,Боевик (Экшен),Фэнтези,Фантастический,Современное кино (2000–2020),6.9
Ангелы Чарли 2: Только вперед,Боевик (Экшен),Комедия,Шпионский,Современное кино (2000–2020),5.9
Бэтмен возвращается,Боевик (Экшен),Фантастика,Супергеройский,Классика (до 2000 года),7.7
G.I. Joe: Бросок кобры. Снейк Айз,Боевик (Экшен),Фантастика,Фантастический,Новинки (2020–2025),5.7
Заложница,Боевик (Экшен),Криминал,Криминальный,Современное кино (2000–2020),7.5
Казино Рояль,Боевик (Экшен),Триллер,Шпионский,Современное кино (2000–2020),7.9
Мстители: Эра Альтрона,Боевик (Экшен),Фантастика,Супергеройский,Современное кино (2000–2020),7.4
Крепкий орешек 3: Возмездие,Боевик (Экшен),Триллер,Криминальный,Классика (до 2000 года),7.7
Сумасшедшие гонки,Боевик (Экшен),Фантастика,Фантастический,Современное кино (2000–2020),6.6
Топ Ган: Мэверик,Боевик (Экшен),Военный,Военный,Новинки (2020–2025),7.9
Электра,Боевик (Экшен),Фантастика,Супергеройский,Современное кино (2000–2020),4.7
Бой с тенью,Боевик (Экшен),Драма,Другое,Современное кино (2000–2020),7.1
Безумный Макс: Дорога ярости,Боевик (Экшен),Фантастика,Фантастический,Современное кино (2000–2020),7.9
Другой мир: Пробуждение,Боевик (Экшен),Фантастика,Фантастический,Современное кино (2000–2020),6.4
Джон Уик 2,Боевик (Экшен),Криминал,Криминальный,Современное кино (2000–2020),7.6
Доктор Ноу,Боевик (Экшен),Триллер,Шпионский,Классика (до 2000 года),7.2
Путь дракона,Боевик (Экшен),Криминал,Криминальный,Классика (до 2000 года),7.4
Черная молния,Боевик (Экшен),Фантастика,Супергеройский,Современное кино (2000–2020),6.6
Подъем с глубины,Боевик (Экшен),Фантастика,Фантастический,Классика (до 2000 года),6.1
Мстители,Боевик (Экшен),Фантастика,Супергеройский,Современное кино (2000–2020),7.3
Змея в тени орла,Боевик (Экшен),Комедия,Другое,Классика (до 2000 года),7.6
Грозный папа,Боевик (Экшен),Криминал,Криминальный,Новинки (2020–2025),6.3
Прозрение,Боевик (Экшен),Триллер,Шпионский,Современное кино (2000–2020),3.7
Оторва,Боевик (Экшен),Криминал,Криминальный,Новинки (2020–2025),6.5
Инопланетное вторжение: Битва за Лос-Анджелес,Боевик (Экшен),Фантастика,Фантастический,Современное кино (2000–2020),6.2
Великий уравнитель 2,Боевик (Экшен),Криминал,Криминальный,Современное кино (2000–2020),6.9
Воин ветра,Боевик (Экшен),Фэнтези,Фантастический,Современное кино (2000–2020),6.3
Змеелов,Боевик (Экшен),Криминал,Криминальный,Новинки (2020–2025),6.4
Рок,Боевик (Экшен),Триллер,Криминальный,Классика (до 2000 года),7.4
Местный,Боевик (Экшен),Криминал,Криминальный,Новинки (2020–2025),6.7
Миссия невыполнима: Протокол Фантом,Боевик (Экшен),Триллер,Шпионский,Современное кино (2000–2020),7.9
13-й район,Боевик (Экшен),Криминал,Криминальный,Современное кино (2000–2020),7.6
Майор Гром,Боевик (Экшен),Фантастика,Супергеройский,Новинки (2020–2025),6.6
Мистер Крутой,Боевик (Экшен),Криминал,Криминальный,Классика (до 2000 года),6.8
Гранит,Боевик (Экшен),Криминал,Криминальный,Новинки (2020–2025),6.9
Хардкор,Боевик (Экшен),Фантастика,Фантастический,Современное кино (2000–2020),6.9
Отставник 3,Боевик (Экшен),Криминал,Криминальный,Новинки (2020–2025),6.7
Мы — легенды,Боевик (Экшен),Криминал,Криминальный,Новинки (2020–2025),6.5
Фар Край,Боевик (Экшен),Фантастика,Фантастический,Современное кино (2000–2020),3.9
Кавказская рулетка,Боевик (Экшен),Криминал,Криминальный,Новинки (2020–2025),6.2
Быстрый и мертвый,Боевик (Экшен),Триллер,Другое,Классика (до 2000 года),7.0
Проект Power,Боевик (Экшен),Фантастика,Супергеройский,Новинки (2020–2025),6.3
Кредо убийцы,Боевик (Экшен),Фантастика,Фантастический,Современное кино (2000–2020),4.6
Срочная доставка,Боевик (Экшен),Криминал,Криминальный,Новинки (2020–2025),6.3
Новый Человек-паук: Высокое напряжение,Боевик (Экшен),Фантастика,Супергеройский,Современное кино (2000–2020),7.2
Отряд самоубийц: Миссия навылет,Боевик (Экшен),Фантастика,Супергеройский,Новинки (2020–2025),6.7
Восхождение Сокола,Боевик (Экшен),Криминал,Криминальный,Современное кино (2000–2020),6.4
Столкновение с бездной,Боевик (Экшен),Фантастика,Фантастический,Современное кино (2000–2020),5.2
Самый опасный человек,Боевик (Экшен),Криминал,Криминальный,Современное кино (2000–2020),5.5
Человек-паук: Вдали от дома,Боевик (Экшен),Фантастика,Супергеройский,Современное кино (2000–2020),7.5
Полицейская история: В осаде,Боевик (Экшен),Криминал,Криминальный,Современное кино (2000–2020),6.6
13-й район: Ультиматум,Боевик (Экшен),Криминал,Криминальный,Современное кино (2000–2020),6.9
Превосходство Борна,Боевик (Экшен),Триллер,Шпионский,Современное кино (2000–2020),7.7
Призрачный гонщик 2,Боевик (Экшен),Фантастика,Супергеройский,Современное кино (2000–2020),5.3
РЭД,Боевик (Экшен),Комедия,Шпионский,Современное кино (2000–2020),7.1
24 часа на жизнь,Боевик (Экшен),Фантастика,Фантастический,Современное кино (2000–2020),6.1
Код 355,Боевик (Экшен),Триллер,Шпионский,Новинки (2020–2025),6.0
Мачете убивает,Боевик (Экшен),Фантастика,Фантастический,Современное кино (2000–2020),5.7
Капитан Филлипс,Боевик (Экшен),Биографический,Криминальный,Современное кино (2000–2020),7.8
Бэтмен навсегда,Боевик (Экшен),Фантастика,Супергеройский,Классика (до 2000 года),6.8
Кремень,Боевик (Экшен),Военный,Военный,Новинки (2020–2025),6.9
Большой Босс,Боевик (Экшен),Криминал,Криминальный,Классика (до 2000 года),7.4
Форсаж 5,Боевик (Экшен),Криминал,Криминальный,Современное кино (2000–2020),7.4
Чистое небо,Боевик (Экшен),Военный,Военный,Новинки (2020–2025),6.9
Форсаж: Хоббс и Шоу,Боевик (Экшен),Фантастика,Фантастический,Современное кино (2000–2020),6.7
Веном,Боевик (Экшен),Фантастика,Супергеройский,Современное кино (2000–2020),6.9
Заступник,Боевик (Экшен),Криминал,Криминальный,Новинки (2020–2025),6.3
Квант милосердия,Боевик (Экшен),Триллер,Шпионский,Современное кино (2000–2020),7.3
Выход Дракона,Боевик (Экшен),Криминал,Криминальный,Новинки (2020–2025),6.1
Человек-паук 2,Боевик (Экшен),Фантастика,Супергеройский,Современное кино (2000–2020),8.0
Смертельное оружие 4,Боевик (Экшен),Криминал,Криминальный,Классика (до 2000 года),6.9
Хищные птицы: Потрясающая история Харли Квинн,Боевик (Экшен),Фантастика,Супергеройский,Новинки (2020–2025),6.7
Морской бой,Боевик (Экшен),Фантастика,Фантастический,Современное кино (2000–2020),6.1
Бладшот,Боевик (Экшен),Фантастика,Супергеройский,Новинки (2020–2025),5.7
Бросок кобры,Боевик (Экшен),Фантастика,Фантастический,Современное кино (2000–2020),5.6
Маленький генерал,Боевик (Экшен),Комедия,Военный,Современное кино (2000–2020),6.9
Пьяный мастер 2,Боевик (Экшен),Комедия,Криминальный,Классика (до 2000 года),8.2
Форсаж 8,Боевик (Экшен),Криминал,Криминальный,Современное кино (2000–2020),6.6
Стрелок,Боевик (Экшен),Триллер,Криминальный,Современное кино (2000–2020),7.1
Один и без оружия,Боевик (Экшен),Криминал,Криминальный,Новинки (2020–2025),6.6
Крепкий орешек,Боевик (Экшен),Криминал,Криминальный,Классика (до 2000 года),7.7
Белый взрыв,Боевик (Экшен),Триллер,Криминальный,Новинки (2020–2025),6.8
Сезон убийц,Боевик (Экшен),Военный,Военный,Современное кино (2000–2020),6.2
Строго на Запад,Боевик (Экшен),Криминал,Криминальный,Новинки (2020–2025),6.8
Человек-паук,Боевик (Экшен),Фантастика,Супергеройский,Современное кино (2000–2020),7.4
Городской охотник,Боевик (Экшен),Комедия,Криминальный,Новинки (2020–2025),6.6
Рэмбо: Первая кровь,Боевик (Экшен),Военный,Военный,Классика (до 2000 года),7.7
Репликант,Боевик (Экшен),Фантастика,Фантастический,Современное кино (2000–2020),5.9
Игры шпионов,Боевик (Экшен),Триллер,Шпионский,Современное кино (2000–2020),7.7
Случайный шпион,Боевик (Экшен),Комедия,Шпионский,Современное кино (2000–2020),6.7
Поезд-беглец,Боевик (Экшен),Триллер,Другое,Современное кино (2000–2020),7.3
Пристрели их,Боевик (Экшен),Криминал,Криминальный,Современное кино (2000–2020),6.7
Пьяный мастер,Боевик (Экшен),Комедия,Другое,Классика (до 2000 года),7.9
Герой - одиночка,Боевик (Экшен),Триллер,Криминальный,Новинки (2020–2025),6.8
Крутящий момент,Боевик (Экшен),Криминал,Криминальный,Современное кино (2000–2020),5.7
Кровь и кость,Боевик (Экшен),Криминал,Криминальный,Современное кино (2000–2020),6.9
Зайчик,Боевик (Экшен),Криминал,Криминальный,Новинки (2020–2025),7.1
Быстрее пули,Боевик (Экшен),Криминал,Криминальный,Современное кино (2000–2020),6.7
Джиу-джитсу: Битва за Землю,Боевик (Экшен),Фантастика,Фантастический,Современное кино (2000–2020),3.9
Тайлер Рейк: Операция по спасению,Боевик (Экшен),Криминал,Криминальный,Новинки (2020–2025),7.1
Чудо-женщина: 1984,Боевик (Экшен),Фантастика,Супергеройский,Новинки (2020–2025),6.3
Торжественный финал,Боевик (Экшен),Фантастика,Супергеройский,Современное кино (2000–2020),7.8
Неоспоримый 2,Боевик (Экшен),Криминал,Криминальный,Современное кино (2000–2020),6.4
Трансформеры 3: Темная сторона Луны,Боевик (Экшен),Фантастика,Фантастический,Современное кино (2000–2020),6.8
Великолепная семерка,Боевик (Экшен),Приключения,Военный,Классика (до 2000 года),8.1
Турнир на выживание,Боевик (Экшен),Криминал,Криминальный,Современное кино (2000–2020),6.7
Форсаж 6,Боевик (Экшен),Криминал,Криминальный,Современное кино (2000–2020),7.1
Росомаха: Бессмертный,Боевик (Экшен),Фантастика,Супергеройский,Современное кино (2000–2020),7.1
Сумасшедшая езда,Боевик (Экшен),Комедия,Другое,Новинки (2020–2025),6.8
Чужое лицо,Боевик (Экшен),Фантастика,Фантастический,Классика (до 2000 года),7.9
Отставник 2,Боевик (Экшен),Криминал,Криминальный,Новинки (2020–2025),6.6
Вулкан,Боевик (Экшен),Приключения,Другое,Современное кино (2000–2020),6.4
Честь дракона 2,Боевик (Экшен),Криминал,Криминальный,Современное кино (2000–2020),7.4
Проект А: Часть 2,Боевик (Экшен),Комедия,Криминальный,Классика (до 2000 года),7.3
Огненная стена,Боевик (Экшен),Криминал,Криминальный,Современное кино (2000–2020),6.8
Пристегните ремни,Боевик (Экшен),Криминал,Криминальный,Новинки (2020–2025),6.0
Домино,Боевик (Экшен),Криминал,Криминальный,Современное кино (2000–2020),5.2
Холодный фронт,Боевик (Экшен),Криминал,Криминальный,Новинки (2020–2025),6.1
Защитники,Боевик (Экшен),Фантастика,Супергеройский,Современное кино (2000–2020),3.8
Неоспоримый 3,Боевик (Экшен),Криминал,Криминальный,Современное кино (2000–2020),6.3
Телохранитель жены киллера,Боевик (Экшен),Комедия,Криминальный,Новинки (2020–2025),6.7
Человек-паук: Возвращение домой,Боевик (Экшен),Фантастика,Супергеройский,Современное кино (2000–2020),7.6
Последние рыцари,Боевик (Экшен),Исторический,Военный,Современное кино (2000–2020),6.3
Чистилище,Боевик (Экшен),Фантастика,Фантастический,Современное кино (2000–2020),6.1
Узники страны призраков,Боевик (Экшен),Фантастика,Фантастический,Новинки (2020–2025),5.6
Честь дракона,Боевик (Экшен),Криминал,Криминальный,Современное кино (2000–2020),6.3
Годзилла против Конга,Боевик (Экшен),Фантастика,Фантастический,Новинки (2020–2025),6.6
Шанхайский перевозчик,Боевик (Экшен),Криминал,Криминальный,Современное кино (2000–2020),6.9
Затойчи,Боевик (Экшен),Исторический,Другое,Современное кино (2000–2020),7.8
Смертельное оружие 2,Боевик (Экшен),Криминал,Криминальный,Классика (до 2000 года),7.6
Код доступа «Кейптаун»,Боевик (Экшен),Криминал,Шпионский,Современное кино (2000–2020),6.8
Темный рыцарь: Возрождение легенды,Боевик (Экшен),Фантастика,Супергеройский,Современное кино (2000–2020),8.4
Берлинское дело,Боевик (Экшен),Триллер,Шпионский,Новинки (2020–2025),6.4
Живая сталь,Боевик (Экшен),Фантастика,Фантастический,Современное кино (2000–2020),7.1
Дом летающих кинжалов,Боевик (Экшен),Исторический,Шпионский,Современное кино (2000–2020),7.7
Лучший стрелок,Боевик (Экшен),Военный,Военный,Классика (до 2000 года),7.7
Скорость,Боевик (Экшен),Триллер,Криминальный,Классика (до 2000 года),7.7
Крид: Наследие Рокки,Боевик (Экшен),Драма,Другое,Новинки (2020–2025),7.1
Зал самоубийц,Боевик (Экшен),Фантастика,Супергеройский,Современное кино (2000–2020),6.4
Железный кулак,Боевик (Экшен),Фантастика,Супергеройский,Современное кино (2000–2020),6.4
Воздушный маршал,Боевик (Экшен),Триллер,Криминальный,Классика (до 2000 года),7.0
Скорость 2: Контроль над круизом,Боевик (Экшен),Триллер,Криминальный,Классика (до 2000 года),5.3
Иностранец,Боевик (Экшен),Триллер,Криминальный,Современное кино (2000–2020),7.1
Акселератка,Боевик (Экшен),Криминал,Криминальный,Новинки (2020–2025),6.7
Бессмертная гвардия,Боевик (Экшен),Фантастика,Супергеройский,Новинки (2020–2025),6.8
Высший пилотаж,Боевик (Экшен),Военный,Военный,Новинки (2020–2025),8.3
Чужой против Хищника,Боевик (Экшен),Фантастика,Фантастический,Современное кино (2000–2020),6.5
Коготь тигра,Боевик (Экшен),Криминал,Криминальный,Классика (до 2000 года),5.9
Неслужебное задание 2: Взрыв на рассвете,Боевик (Экшен),Криминал,Криминальный,Классика (до 2000 года),6.3
Геракл,Боевик (Экшен),Фэнтези,Супергеройский,Современное кино (2000–2020),6.6
Живи и дай умереть,Боевик (Экшен),Приключения,Шпионский,Классика (до 2000 года),7.1
Коммандо,Боевик (Экшен),Военный,Военный,Классика (до 2000 года),7.1
Отточенное лезвие,Боевик (Экшен),Криминал,Криминальный,Классика (до 2000 года),6.7
План побега,Боевик (Экшен),Криминал,Криминальный,Современное кино (2000–2020),6.4
Игра навылет,Боевик (Экшен),Криминал,Криминальный,Новинки (2020–2025),6.1
Убийца 2. Против всех,Боевик (Экшен),Криминал,Криминальный,Новинки (2020–2025),6.1
Железный рыцарь,Боевик (Экшен),Исторический,Военный,Современное кино (2000–2020),6.9
Смертельная гонка 2: Франкенштейн жив,Боевик (Экшен),Фантастика,Криминальный,Современное кино (2000–2020),6.3
Невероятный Халк,Боевик (Экшен),Фантастика,Супергеройский,Современное кино (2000–2020),6.9
Чудо-женщина,Боевик (Экшен),Фэнтези,Супергеройский,Современное кино (2000–2020),7.7
Напарник,Боевик (Экшен),Криминал,Криминальный,Новинки (2020–2025),6.2
Без права на ошибку,Боевик (Экшен),Триллер,Шпионский,Новинки (2020–2025),5.9
Осьминожка,Боевик (Экшен),Приключения,Шпионский,Классика (до 2000 года),6.7
Анна,Боевик (Экшен),Триллер,Шпионский,Современное кино (2000–2020),6.6
Бедуин,Боевик (Экшен),Приключения,Криминальный,Новинки (2020–2025),6.9
Оружие,Боевик (Экшен),Криминал,Криминальный,Классика (до 2000 года),6.7
Особо опасны,Боевик (Экшен),Фантастика,Супергеройский,Современное кино (2000–2020),7.6
Доказательство жизни,Боевик (Экшен),Криминал,Криминальный,Современное кино (2000–2020),6.8
Ливень,Боевик (Экшен),Криминал,Криминальный,Новинки (2020–2025),6.2
На игре 2. Новый уровень,Боевик (Экшен),Фантастика,Фантастический,Современное кино (2000–2020),5.6
Реквием по убийце,Боевик (Экшен),Криминал,Криминальный,Новинки (2020–2025),5.7
Телохранитель киллера,Боевик (Экшен),Комедия,Криминальный,Современное кино (2000–2020),7.3
Русский рейд,Боевик (Экшен),Военный,Военный,Новинки (2020–2025),6.9
Тройная угроза,Боевик (Экшен),Криминал,Криминальный,Современное кино (2000–2020),6.4
Скорая,Боевик (Экшен),Криминал,Криминальный,Новинки (2020–2025),6.7
Мег: Монстр глубины,Боевик (Экшен),Фантастика,Фантастический,Современное кино (2000–2020),6.2
Перевозчик: Наследие,Боевик (Экшен),Криминал,Криминальный,Новинки (2020–2025),5.6
Панчер,Боевик (Экшен),Драма,Другое,Новинки (2020–2025),6.7
Три дня на побег,Боевик (Экшен),Криминал,Криминальный,Современное кино (2000–2020),6.7
Агенты А.Н.К.Л.,Боевик (Экшен),Комедия,Шпионский,Современное кино (2000–2020),7.4
Настоящая легенда,Боевик (Экшен),Фэнтези,Фантастический,Современное кино (2000–2020),7.1
Ханна. Совершенное оружие,Боевик (Экшен),Триллер,Шпионский,Современное кино (2000–2020),7.4
Рубеж,Боевик (Экшен),Фантастика,Фантастический,Современное кино (2000–2020),4.4
Дэдпул 2,Боевик (Экшен),Фантастика,Супергеройский,Современное кино (2000–2020),7.7
Защитник,Боевик (Экшен),Криминал,Криминальный,Новинки (2020–2025),5.9
Скандальное происшествие в Брикмилле,Боевик (Экшен),Криминал,Криминальный,Современное кино (2000–2020),6.3
Царь скорпионов 4: Утерянный трон,Боевик (Экшен),Фэнтези,Фантастический,Современное кино (2000–2020),4.3
РЭД 2,Боевик (Экшен),Комедия,Шпионский,Современное кино (2000–2020),6.7
Разборка в Маниле,Боевик (Экшен),Криминал,Криминальный,Современное кино (2000–2020),7.6
Ордер на смерть,Боевик (Экшен),Криминал,Криминальный,Классика (до 2000 года),6.6
Жизнь по лимиту,Боевик (Экшен),Криминал,Криминальный,Новинки (2020–2025),5.9
22 мили,Боевик (Экшен),Военный,Военный,Новинки (2020–2025),6.8
Ангел мести,Боевик (Экшен),Криминал,Криминальный,Новинки (2020–2025),6.1
Душа шпиона,Боевик (Экшен),Триллер,Шпионский,Новинки (2020–2025),5.7
Леон,Боевик (Экшен),Криминал,Криминальный,Классика (до 2000 года),8.2
Рэмбо: первая кровь,Боевик (Экшен),Военный,Военный,Классика (до 2000 года),7.6
Заложница 3,Боевик (Экшен),Криминал,Криминальный,Современное кино (2000–2020),6.1
Аквамен,Боевик (Экшен),Фантастика,Супергеройский,Современное кино (2000–2020),6.9
Механик,Боевик (Экшен),Криминал,Криминальный,Современное кино (2000–2020),6.6
Загнанный,Боевик (Экшен),Криминал,Криминальный,Новинки (2020–2025),6.2
Пароль «Рыба-меч»,Боевик (Экшен),Криминал,Криминальный,Современное кино (2000–2020),6.5
Интернэшнл,Боевик (Экшен),Триллер,Шпионский,Современное кино (2000–2020),6.7
Ковбои против пришельцев,Боевик (Экшен),Фантастика,Фантастический,Современное кино (2000–2020),6.1
Майор Гром: Чумной Доктор,Боевик (Экшен),Фантастика,Супергеройский,Новинки (2020–2025),6.4
Темный рыцарь,Боевик (Экшен),Фантастика,Супергеройский,Современное кино (2000–2020),8.9
12 раундов,Боевик (Экшен),Триллер,Криминальный,Современное кино (2000–2020),5.9
Тор: Любовь и гром,Боевик (Экшен),Фэнтези,Супергеройский,Новинки (2020–2025),6.5
Время возмездия,Боевик (Экшен),Фантастика,Фантастический,Новинки (2020–2025),6.4
Большой босс,Боевик (Экшен),Криминал,Криминальный,Классика (до 2000 года),7.2
Супермен 2,Боевик (Экшен),Фантастика,Супергеройский,Классика (до 2000 года),7.7
Веном 2,Боевик (Экшен),Фантастика,Супергеройский,Новинки (2020–2025),6.9
"007: Координаты ""Скайфолл""",Боевик (Экшен),Триллер,Шпионский,Современное кино (2000–2020),7.9
Коломбиана,Боевик (Экшен),Криминал,Криминальный,Современное кино (2000–2020),6.6
Ниндзя,Боевик (Экшен),Криминал,Криминальный,Современное кино (2000–2020),6.7
Великая стена,Боевик (Экшен),Фэнтези,Фантастический,Современное кино (2000–2020),5.6
Обратной дороги нет,Боевик (Экшен),Криминал,Криминальный,Новинки (2020–2025),6.4
Ниндзя 2,Боевик (Экшен),Приключения,Шпионский,Классика (до 2000 года),6.4
Блэйд 3: Троица,Боевик (Экшен),Фантастика,Супергеройский,Современное кино (2000–2020),6.7
Не отступать и не сдаваться,Боевик (Экшен),Криминал,Криминальный,Современное кино (2000–2020),6.8
Перевозчик,Боевик (Экшен),Криминал,Криминальный,Современное кино (2000–2020),7.1
Игры патриотов,Боевик (Экшен),Триллер,Шпионский,Новинки (2020–2025),6.4
Угнать за 60 секунд,Боевик (Экшен),Криминал,Криминальный,Современное кино (2000–2020),6.9
Обсуждению не подлежит,Боевик (Экшен),Криминал,Криминальный,Новинки (2020–2025),6.9
Камуфляж и шпионаж,Боевик (Экшен),Триллер,Шпионский,Новинки (2020–2025),6.5
Бэтмен: Начало,Боевик (Экшен),Фантастика,Супергеройский,Современное кино (2000–2020),8.1
Миссия в Кабуле,Боевик (Экшен),Военный,Военный,Новинки (2020–2025),6.6
Хищник,Боевик (Экшен),Фантастика,Фантастический,Классика (до 2000 года),7.6
Трансформеры: Эпоха истребления,Боевик (Экшен),Фантастика,Фантастический,Современное кино (2000–2020),5.3
Выстрел,Боевик (Экшен),Криминал,Криминальный,Новинки (2020–2025),6.4
Kingsman: Секретная служба,Боевик (Экшен),Комедия,Шпионский,Современное кино (2000–2020),7.9
День ангела,Боевик (Экшен),Криминал,Криминальный,Новинки (2020–2025),6.1
Эверли,Боевик (Экшен),Криминал,Криминальный,Современное кино (2000–2020),5.9
Рэмбо: Первая кровь 2,Боевик (Экшен),Военный,Военный,Классика (до 2000 года),7.1
Большая игра,Боевик (Экшен),Приключения,Шпионский,Современное кино (2000–2020),6.7
Из Парижа с любовью,Боевик (Экшен),Триллер,Шпионский,Современное кино (2000–2020),6.8
Черная Пантера,Боевик (Экшен),Фантастика,Супергеройский,Современное кино (2000–2020),7.4
Битва за Землю,Боевик (Экшен),Фантастика,Фантастический,Новинки (2020–2025),6.5
Ускорение,Боевик (Экшен),Криминал,Криминальный,Новинки (2020–2025),5.4
Запретная миссия,Боевик (Экшен),Триллер,Шпионский,Новинки (2020–2025),6.3
Первый мститель,Боевик (Экшен),Фантастика,Супергеройский,Современное кино (2000–2020),7.3
Трансформеры: Последний рыцарь,Боевик (Экшен),Фантастика,Фантастический,Современное кино (2000–2020),4.9
На пределе,Боевик (Экшен),Криминал,Криминальный,Новинки (2020–2025),6.1
Особо опасен,Боевик (Экшен),Фантастика,Фантастический,Современное кино (2000–2020),7.6
Лучшие из лучших,Боевик (Экшен),Драма,Другое,Классика (до 2000 года),7.1
Близкий враг,Боевик (Экшен),Военный,Военный,Новинки (2020–2025),6.7
Запрещенный прием,Боевик (Экшен),Драма,Криминальный,Новинки (2020–2025),6.7
Форсаж 4,Боевик (Экшен),Криминал,Криминальный,Современное кино (2000–2020),7.1
Легионер,Боевик (Экшен),Военный,Военный,Классика (до 2000 года),6.7
Ночной мотоциклист,Боевик (Экшен),Криминал,Криминальный,Классика (до 2000 года),6.3
Мачете,Боевик (Экшен),Криминал,Криминальный,Современное кино (2000–2020),6.6
Схватка в пурге,Боевик (Экшен),Криминал,Криминальный,Новинки (2020–2025),6.3
Смертельная зона,Боевик (Экшен),Фантастика,Фантастический,Новинки (2020–2025),6.2
Прямая и явная угроза,Боевик (Экшен),Триллер,Шпионский,Классика (до 2000 года),7.6
Ответный ход,Боевик (Экшен),Криминал,Криминальный,Новинки (2020–2025),6.6
Хитмэн,Боевик (Экшен),Триллер,Шпионский,Современное кино (2000–2020),6.7
Железный человек 3,Боевик (Экшен),Фантастика,Супергеройский,Современное кино (2000–2020),7.4
Крестоносец,Боевик (Экшен),Криминал,Криминальный,Классика (до 2000 года),6.1
Где 042?,Боевик (Экшен),Триллер,Криминальный,Новинки (2020–2025),6.1
Скандинавский форсаж: Гонки на льду,Боевик (Экшен),Криминал,Криминальный,Новинки (2020–2025),6.2
Профессионал,Боевик (Экшен),Криминал,Шпионский,Классика (до 2000 года),7.4
Человек-паук: Нет пути домой,Боевик (Экшен),Фантастика,Супергеройский,Новинки (2020–2025),8.0
Запретное царство,Боевик (Экшен),Фэнтези,Фантастический,Современное кино (2000–2020),6.9
Падение Олимпа,Боевик (Экшен),Триллер,Военный,Современное кино (2000–2020),6.9
Рыцари неба,Боевик (Экшен),Военный,Военный,Современное кино (2000–2020),6.7
Отряд,Боевик (Экшен),Военный,Военный,Новинки (2020–2025),6.3
Пипец,Боевик (Экшен),Комедия,Супергеройский,Современное кино (2000–2020),7.6
Монтаж,Боевик (Экшен),Детектив,Криминальный,Современное кино (2000–2020),7.4
Хеллбой,Боевик (Экшен),Фэнтези,Супергеройский,Современное кино (2000–2020),6.9
Спиди Гонщик,Боевик (Экшен),Фантастика,Фантастический,Современное кино (2000–2020),6.9
Человек ноября,Боевик (Экшен),Триллер,Шпионский,Современное кино (2000–2020),6.6
Люди Икс: Последняя битва,Боевик (Экшен),Фантастика,Супергеройский,Современное кино (2000–2020),7.3
Штурм Белого дома,Боевик (Экшен),Триллер,Криминальный,Современное кино (2000–2020),6.7
Крепкий орешек 4.0,Боевик (Экшен),Триллер,Шпионский,Современное кино (2000–2020),7.1
Трансформеры,Боевик (Экшен),Фантастика,Фантастический,Современное кино (2000–2020),6.9
Только для твоих глаз,Боевик (Экшен),Триллер,Шпионский,Классика (до 2000 года),7.3
Черепашки-ниндзя,Боевик (Экшен),Фантастика,Супергеройский,Классика (до 2000 года),6.8
Стиратель,Боевик (Экшен),Триллер,Фантастический,Классика (до 2000 года),6.9
В осаде 2: Темная территория,Боевик (Экшен),Криминал,Криминальный,Классика (до 2000 года),6.7
Джек Ричер,Боевик (Экшен),Детектив,Криминальный,Современное кино (2000–2020),6.8
Харлей Дэвидсон и ковбой Мальборо,Боевик (Экшен),Криминал,Криминальный,Классика (до 2000 года),6.7
22 минуты,Боевик (Экшен),Военный,Военный,Новинки (2020–2025),7.6
Ниндзя-убийца,Боевик (Экшен),Триллер,Криминальный,Современное кино (2000–2020),6.6
Трудная мишень,Боевик (Экшен),Криминал,Криминальный,Классика (до 2000 года),6.9
45 секунд,Боевик (Экшен),Криминал,Криминальный,Новинки (2020–2025),6.7
Полярный,Боевик (Экшен),Криминал,Криминальный,Новинки (2020–2025),5.9
13 убийц,Боевик (Экшен),Исторический,Военный,Современное кино (2000–2020),7.8
Восточный ветер 2,Боевик (Экшен),Криминал,Криминальный,Новинки (2020–2025),6.2
Парень-каратист,Боевик (Экшен),Семейный,Другое,Классика (до 2000 года),7.9
Олимпиус Инферно,Боевик (Экшен),Триллер,Военный,Современное кино (2000–2020),6.9
S.W.A.T.: Спецназ города ангелов,Боевик (Экшен),Криминал,Криминальный,Современное кино (2000–2020),6.8
Судная ночь 2,Боевик (Экшен),Фантастика,Фантастический,Современное кино (2000–2020),6.4
Человек-паук: Через вселенные,Боевик (Экшен),Фантастика,Супергеройский,Новинки (2020–2025),8.7
Громобой,Боевик (Экшен),Фантастика,Супергеройский,Новинки (2020–2025),6.8
За конец ответишь,Боевик (Экшен),Криминал,Криминальный,Новинки (2020–2025),6.4
Рейд 2,Боевик (Экшен),Криминал,Криминальный,Современное кино (2000–2020),7.9
Жил-был Дэдпул,Боевик (Экшен),Фантастика,Супергеройский,Новинки (2020–2025),8.3
Человек-паук 3: Враг в отражении,Боевик (Экшен),Фантастика,Супергеройский,Современное кино (2000–2020),6.9
Форсаж,Боевик (Экшен),Криминал,Криминальный,Современное кино (2000–2020),7.3
Супермен,Боевик (Экшен),Фантастика,Супергеройский,Классика (до 2000 года),8.0
Балерина,Боевик (Экшен),Криминал,Криминальный,Новинки (2020–2025),7.4
Путь воина,Боевик (Экшен),Драма,Другое,Современное кино (2000–2020),8.2
Темная долина,Боевик (Экшен),Криминал,Криминальный,Современное кино (2000–2020),7.0
Разлом Сан-Андреас,Боевик (Экшен),Триллер,Другое,Современное кино (2000–2020),6.3
Дело храбрых,Боевик (Экшен),Криминал,Криминальный,Новинки (2020–2025),6.9
Скиф,Боевик (Экшен),Фэнтези,Военный,Современное кино (2000–2020),6.1
Перевозчик 2,Боевик (Экшен),Криминал,Криминальный,Современное кино (2000–2020),6.8
Система безопасности,Боевик (Экшен),Триллер,Шпионский,Современное кино (2000–2020),6.8
Крепкий орешек 2,Боевик (Экшен),Криминал,Криминальный,Классика (до 2000 года),7.1
Воздушная тюрьма,Боевик (Экшен),Криминал,Криминальный,Классика (до 2000 года),7.4
Флэш,Боевик (Экшен),Фантастика,Супергеройский,Новинки (2020–2025),6.7
Ученик мастера,Боевик (Экшен),Драма,Криминальный,Новинки (2020–2025),5.9
Лузеры,Боевик (Экшен),Криминал,Шпионский,Современное кино (2000–2020),6.6
Вздымающийся ад,Боевик (Экшен),Драма,Другое,Классика (до 2000 года),7.6
Разборка в Бронксе,Боевик (Экшен),Криминал,Криминальный,Классика (до 2000 года),7.1
Бэтмен и Робин,Боевик (Экшен),Фантастика,Супергеройский,Классика (до 2000 года),5.8
Шакал,Боевик (Экшен),Криминал,Криминальный,Классика (до 2000 года),6.4
Смерть на взлете,Боевик (Экшен),Триллер,Криминальный,Новинки (2020–2025),6.2
Черная Вдова,Боевик (Экшен),Фантастика,Супергеройский,Новинки (2020–2025),6.8
Тумстоун: Легенда дикого запада,Боевик (Экшен),Исторический,Криминальный,Классика (до 2000 года),8.1
Мишель Вальян: Жажда скорости,Боевик (Экшен),Приключения,Другое,Новинки (2020–2025),6.7
Долгий поцелуй на ночь,Боевик (Экшен),Триллер,Шпионский,Классика (до 2000 года),7.1
Вне зоны доступа,Боевик (Экшен),Фантастика,Военный,Новинки (2020–2025),5.7
Джона Хекс,Боевик (Экшен),Фэнтези,Супергеройский,Современное кино (2000–2020),4.7
Башни-близнецы,Боевик (Экшен),Триллер,Криминальный,Современное кино (2000–2020),4.6
Ее звали Никита,Боевик (Экшен),Триллер,Шпионский,Классика (до 2000 года),7.7
Никогда не сдавайся 2,Боевик (Экшен),Драма,Криминальный,Современное кино (2000–2020),6.4
Отчаянный,Боевик (Экшен),Криминал,Криминальный,Новинки (2020–2025),6.3
Рэмбо IV,Боевик (Экшен),Военный,Военный,Современное кино (2000–2020),7.4
Малыш на драйве,Боевик (Экшен),Криминал,Криминальный,Современное кино (2000–2020),7.4
Отряд особого назначения,Боевик (Экшен),Военный,Военный,Современное кино (2000–2020),6.7
Вышка,Боевик (Экшен),Триллер,Другое,Новинки (2020–2025),6.7
Великий уравнитель,Боевик (Экшен),Криминал,Криминальный,Современное кино (2000–2020),7.2
Сорвиголова,Боевик (Экшен),Фантастика,Супергеройский,Современное кино (2000–2020),5.8
Опасно для жизни!,Боевик (Экшен),Криминал,Криминальный,Классика (до 2000 года),5.3
За пригоршню долларов,Боевик (Экшен),Криминал,Криминальный,Классика (до 2000 года),7.8
Удар,Боевик (Экшен),Криминал,Криминальный,Новинки (2020–2025),6.3
Особо опасна,Боевик (Экшен),Фантастика,Фантастический,Современное кино (2000–2020),7.6
Трейсеры,Боевик (Экшен),Криминал,Криминальный,Современное кино (2000–2020),6.1
Мастер тай-цзи,Боевик (Экшен),Драма,Другое,Классика (до 2000 года),7.1
Шан-Чи и легенда Десяти колец,Боевик (Экшен),Фэнтези,Супергеройский,Новинки (2020–2025),7.6
Башня,Боевик (Экшен),Триллер,Криминальный,Новинки (2020–2025),6.7
Человек с золотым пистолетом,Боевик (Экшен),Триллер,Шпионский,Классика (до 2000 года),6.9
Солт,Боевик (Экшен),Триллер,Шпионский,Современное кино (2000–2020),7.2
Исчезающая точка,Боевик (Экшен),Триллер,Криминальный,Классика (до 2000 года),7.3
Внезапная смерть,Боевик (Экшен),Триллер,Криминальный,Классика (до 2000 года),6.6
Миссия: невыполнима 2,Боевик (Экшен),Триллер,Шпионский,Современное кино (2000–2020),6.7
Осьминожки,Боевик (Экшен),Приключения,Шпионский,Классика (до 2000 года),6.6
Монстры на острове,Боевик (Экшен),Фантастика,Фантастический,Современное кино (2000–2020),6.7
Безумный Макс 2: Воин дороги,Боевик (Экшен),Фантастика,Фантастический,Классика (до 2000 года),8.0
Бегущий человек,Боевик (Экшен),Фантастика,Фантастический,Классика (до 2000 года),6.8
13-й район: Кирпичные особняки,Боевик (Экшен),Криминал,Криминальный,Современное кино (2000–2020),7.4
Заложница 2,Боевик (Экшен),Криминал,Криминальный,Современное кино (2000–2020),6.4
Молодой мастер,Боевик (Экшен),Комедия,Криминальный,Классика (до 2000 года),7.4
Каратель: Территория войны,Боевик (Экшен),Криминал,Криминальный,Современное кино (2000–2020),6.8
Контрудар,Боевик (Экшен),Военный,Военный,Новинки (2020–2025),6.8
Святой,Боевик (Экшен),Приключения,Шпионский,Классика (до 2000 года),7.1
Люди Икс,Боевик (Экшен),Фантастика,Супергеройский,Современное кино (2000–2020),7.4
Адреналин в крови 2,Боевик (Экшен),Криминал,Криминальный,Современное кино (2000–2020),6.7
Гемини,Боевик (Экшен),Фантастика,Фантастический,Современное кино (2000–2020),6.4
Хаос,Боевик (Экшен),Криминал,Криминальный,Современное кино (2000–2020),6.6
Джон Уик,Боевик (Экшен),Криминал,Криминальный,Современное кино (2000–2020),7.7
На гребне волны,Боевик (Экшен),Криминал,Криминальный,Классика (до 2000 года),7.3
Завтра не умрет никогда,Боевик (Экшен),Триллер,Шпионский,Классика (до 2000 года),6.9
Другие 48 часов,Боевик (Экшен),Криминал,Криминальный,Классика (до 2000 года),6.9
Неудержимый,Боевик (Экшен),Криминал,Криминальный,Современное кино (2000–2020),6.6
Дракон,Боевик (Экшен),Драма,Криминальный,Современное кино (2000–2020),6.3
Люди Икс: Апокалипсис,Боевик (Экшен),Фантастика,Супергеройский,Современное кино (2000–2020),6.9
Пороховой коктейль,Боевик (Экшен),Криминал,Криминальный,Новинки (2020–2025),6.4
Неудержимые 2,Боевик (Экшен),Приключения,Военный,Современное кино (2000–2020),6.7
Смокинг,Боевик (Экшен),Криминал,Криминальный,Современное кино (2000–2020),6.9
Стритрейсеры,Боевик (Экшен),Криминал,Криминальный,Современное кино (2000–2020),6.2
Need for Speed: Жажда скорости,Боевик (Экшен),Криминал,Криминальный,Современное кино (2000–2020),6.4
Голдфингер,Боевик (Экшен),Триллер,Шпионский,Классика (до 2000 года),7.7
Легендарный,Боевик (Экшен),Криминал,Криминальный,Новинки (2020–2025),6.1
Опасный Бангкок,Боевик (Экшен),Криминал,Криминальный,Современное кино (2000–2020),6.3
Шазам!,Боевик (Экшен),Фантастика,Супергеройский,Современное кино (2000–2020),7.0
Шпионы по соседству,Боевик (Экшен),Семейный,Шпионский,Современное кино (2000–2020),5.4
Смертельная гонка,Боевик (Экшен),Фантастика,Фантастический,Современное кино (2000–2020),6.7
Ип Ман 3,Боевик (Экшен),Биографический,Другое,Современное кино (2000–2020),7.2
Универсальный солдат 4,Боевик (Экшен),Фантастика,Фантастический,Современное кино (2000–2020),6.4
Электрошок,Боевик (Экшен),Криминал,Криминальный,Современное кино (2000–2020),6.8
Капитан Марвел,Боевик (Экшен),Фантастика,Супергеройский,Современное кино (2000–2020),6.6
Битва проклятых,Боевик (Экшен),Фантастика,Фантастический,Современное кино (2000–2020),5.4
Подземка,Боевик (Экшен),Драма,Другое,Современное кино (2000–2020),6.5
Эволюция Борна,Боевик (Экшен),Триллер,Шпионский,Современное кино (2000–2020),7.9
История одного назначения,Боевик (Экшен),Военный,Военный,Новинки (2020–2025),6.6
Возвращение Супермена,Боевик (Экшен),Фантастика,Супергеройский,Современное кино (2000–2020),7.4
Железный человек,Боевик (Экшен),Фантастика,Супергеройский,Современное кино (2000–2020),7.9
Доспехи Бога,Боевик (Экшен),Приключения,Другое,Классика (до 2000 года),7.3
Звериная ярость,Боевик (Экшен),Приключения,Другое,Новинки (2020–2025),5.9
Смертельная битва 2: Истребление,Боевик (Экшен),Фэнтези,Фантастический,Классика (до 2000 года),3.9
Саботаж,Боевик (Экшен),Криминал,Криминальный,Современное кино (2000–2020),5.7
Пламя,Боевик (Экшен),Драма,Другое,Новинки (2020–2025),6.6
Рэмбо 3,Боевик (Экшен),Военный,Военный,Классика (до 2000 года),6.8
Каратэ-пацан,Боевик (Экшен),Семейный,Другое,Классика (до 2000 года),7.9
