Дикие сердцем,Драма,Мелодрама,Философское,Классика (до 2000 года),7.1
Маленькие женщины,Драма,Семейный,Вдохновляющее,Современное кино (2000–2020),7.9
Дни летные,Драма,Мелодрама,Вдохновляющее,Классика (до 2000 года),7.3
Что гложет Гилберта Грейпа?,Драма,Семейный,Грустное/Трагическое,Классика (до 2000 года),7.7
Обыкновенное сердце,Драма,Биографический,Грустное/Трагическое,Современное кино (2000–2020),7.9
Глубоководный горизонт,Драма,Боевик (Экшен),Грустное/Трагическое,Современное кино (2000–2020),7.1
Левиафан,Драма,Криминал,Грустное/Трагическое,Современное кино (2000–2020),7.1
Идеальные дни,Драма,Неважно,Философское,Новинки (2020–2025),7.9
Калифорния,Драма,Криминал,Грустное/Трагическое,Современное кино (2000–2020),6.6
Лекарство,Драма,Семейный,Грустное/Трагическое,Новинки (2020–2025),7.5
Каран и Арджун,Драма,Семейный,Грустное/Трагическое,Классика (до 2000 года),7.9
Из Африки,Драма,Мелодрама,Вдохновляющее,Классика (до 2000 года),7.9
Вторая жизнь Гарольда Фрая,Драма,Мелодрама,Вдохновляющее,Новинки (2020–2025),6.6
Время отдыха с субботы до понедельника,Драма,Семейный,Философское,Классика (до 2000 года),6.8
Грязь,Драма,Приключения,Вдохновляющее,Современное кино (2000–2020),7.8
Роль,Драма,Мелодрама,Грустное/Трагическое,Новинки (2020–2025),6.8
Сережа,Драма,Семейный,Вдохновляющее,Классика (до 2000 года),7.9
Смерть и жизнь Джона Ф. Донована,Драма,Биографический,Грустное/Трагическое,Современное кино (2000–2020),6.2
Успех,Драма,Семейный,Философское,Новинки (2020–2025),6.3
Сибириада,Драма,Исторический,Философское,Классика (до 2000 года),7.4
Человек без лица,Драма,Семейный,Вдохновляющее,Классика (до 2000 года),7.5
Разоблачение,Драма,Детектив,Грустное/Трагическое,Современное кино (2000–2020),8.0
На цепи,Драма,Семейный,Вдохновляющее,Новинки (2020–2025),8.2
Стукачка,Драма,Криминал,Грустное/Трагическое,Новинки (2020–2025),6.3
У зеркала два лица,Драма,Мелодрама,Философское,Классика (до 2000 года),6.9
40,Драма,Криминал,Грустное/Трагическое,Новинки (2020–2025),6.7
Страсти Христовы,Драма,Биографический,Грустное/Трагическое,Современное кино (2000–2020),7.8
Обещание,Драма,Военный,Грустное/Трагическое,Современное кино (2000–2020),6.8
Хорошо быть тихоней,Драма,Мелодрама,Грустное/Трагическое,Современное кино (2000–2020),7.9
Кальмар и кит,Драма,Семейный,Грустное/Трагическое,Современное кино (2000–2020),7.4
Не оставляющий следа,Драма,Семейный,Философское,Современное кино (2000–2020),7.1
Паутинка бабьего лета,Драма,Мелодрама,Вдохновляющее,Новинки (2020–2025),7.1
Дикая жизнь,Драма,Семейный,Грустное/Трагическое,Современное кино (2000–2020),6.9
Испытание,Драма,Криминал,Грустное/Трагическое,Новинки (2020–2025),6.8
Палмер,Драма,Семейный,Вдохновляющее,Новинки (2020–2025),7.1
Путь к причалу,Драма,Криминал,Вдохновляющее,Классика (до 2000 года),8.2
Огненные колесницы,Драма,Исторический,Вдохновляющее,Классика (до 2000 года),8.1
Шофер на один рейс,Драма,Триллер,Грустное/Трагическое,Новинки (2020–2025),6.7
Эскорт,Драма,Мелодрама,Грустное/Трагическое,Новинки (2020–2025),6.4
Остановился поезд,Драма,Криминал,Философское,Классика (до 2000 года),7.1
Бобби,Драма,Биографический,Грустное/Трагическое,Современное кино (2000–2020),6.8
Чужая ненависть,Драма,Криминал,Грустное/Трагическое,Современное кино (2000–2020),7.4
Обет молчания,Драма,Исторический,Философское,Современное кино (2000–2020),7.4
Ранэвэйс,Драма,Приключения,Грустное/Трагическое,Современное кино (2000–2020),6.4
Ложное искушение,Драма,Триллер,Философское,Новинки (2020–2025),5.9
Солнечный удар,Драма,Мелодрама,Грустное/Трагическое,Современное кино (2000–2020),5.9
Пианистка,Драма,Мелодрама,Грустное/Трагическое,Современное кино (2000–2020),7.4
Королева сердец,Драма,Мелодрама,Грустное/Трагическое,Современное кино (2000–2020),6.9
Опасный возраст,Драма,Криминал,Грустное/Трагическое,Новинки (2020–2025),6.4
Белая стрела,Драма,Приключения,Вдохновляющее,Новинки (2020–2025),6.8
Девственницы-самоубийцы,Драма,Мелодрама,Грустное/Трагическое,Классика (до 2000 года),7.3
Полеты во сне и наяву,Драма,Фантастика,Философское,Классика (до 2000 года),7.8
Расемон,Драма,Детектив,Философское,Классика (до 2000 года),8.2
Жестяной барабан,Драма,Военный,Философское,Классика (до 2000 года),7.9
Я убил свою маму,Драма,Мелодрама,Грустное/Трагическое,Современное кино (2000–2020),7.4
Персона,Драма,Триллер,Философское,Классика (до 2000 года),7.9
Компенсация,Драма,Мелодрама,Вдохновляющее,Классика (до 2000 года),7.0
Эйфория,Драма,Мелодрама,Грустное/Трагическое,Современное кино (2000–2020),7.9
У реки два берега,Драма,Мелодрама,Грустное/Трагическое,Новинки (2020–2025),6.7
Власть страха,Драма,Исторический,Философское,Новинки (2020–2025),7.4
Дорога,Драма,Фантастика,Грустное/Трагическое,Современное кино (2000–2020),7.2
Сочувствие господину Месть,Драма,Криминал,Грустное/Трагическое,Современное кино (2000–2020),7.4
Мой друг Иван Лапшин,Драма,Криминал,Грустное/Трагическое,Классика (до 2000 года),7.3
Дети 90-х,Драма,Комедия,Вдохновляющее,Новинки (2020–2025),6.8
Рокки 4,Драма,Боевик (Экшен),Вдохновляющее,Классика (до 2000 года),7.8
Мустанг,Драма,Семейный,Грустное/Трагическое,Современное кино (2000–2020),7.6
Текст,Драма,Триллер,Грустное/Трагическое,Современное кино (2000–2020),6.9
Ты не одинок,Драма,Семейный,Вдохновляющее,Новинки (2020–2025),7.8
Кровавый алмаз,Драма,Криминал,Грустное/Трагическое,Современное кино (2000–2020),7.8
Горечь и сладость,Драма,Семейный,Вдохновляющее,Новинки (2020–2025),7.4
С меня хватит,Драма,Семейный,Грустное/Трагическое,Новинки (2020–2025),6.9
Последнее искушение Христа,Драма,Биографический,Философское,Классика (до 2000 года),7.7
Последствия,Драма,Мелодрама,Грустное/Трагическое,Новинки (2020–2025),6.5
Хозяин тайги,Драма,Криминал,Философское,Классика (до 2000 года),7.3
Венера в мехах,Драма,Триллер,Философское,Современное кино (2000–2020),7.1
В изгнании,Драма,Семейный,Философское,Современное кино (2000–2020),7.1
Снежный ангел,Драма,Криминал,Грустное/Трагическое,Современное кино (2000–2020),6.7
Аталанта,Драма,Мелодрама,Философское,Классика (до 2000 года),8.1
Танцы без правил,Драма,Мелодрама,Вдохновляющее,Современное кино (2000–2020),5.8
Левша,Драма,Биографический,Философское,Классика (до 2000 года),7.3
Игла Remix,Драма,Мелодрама,Грустное/Трагическое,Новинки (2020–2025),6.9
Хоккеисты,Драма,Биографический,Вдохновляющее,Новинки (2020–2025),6.8
Звезда сцены,Драма,Исторический,Философское,Современное кино (2000–2020),6.9
Дочь,Драма,Семейный,Грустное/Трагическое,Новинки (2020–2025),6.4
Безумцы,Драма,Исторический,Философское,Современное кино (2000–2020),8.1
Дурное воспитание,Драма,Триллер,Грустное/Трагическое,Современное кино (2000–2020),7.5
У озера,Драма,Семейный,Грустное/Трагическое,Новинки (2020–2025),6.4
Палата №6,Драма,Исторический,Философское,Современное кино (2000–2020),6.4
Нетерпимость,Драма,Исторический,Философское,Классика (до 2000 года),8.1
Пьета,Драма,Криминал,Грустное/Трагическое,Современное кино (2000–2020),6.9
Развод по-американски,Драма,Мелодрама,Грустное/Трагическое,Современное кино (2000–2020),7.9
Мой ласковый и нежный зверь,Драма,Мелодрама,Грустное/Трагическое,Классика (до 2000 года),7.5
Другая,Драма,Мелодрама,Грустное/Трагическое,Новинки (2020–2025),6.3
Дульсинея Тобосская,Драма,Мелодрама,Философское,Новинки (2020–2025),6.7
Выбор Софи,Драма,Военный,Грустное/Трагическое,Классика (до 2000 года),8.3
Я вас любил...,Драма,Военный,Грустное/Трагическое,Современное кино (2000–2020),6.7
Афтершок,Драма,Мелодрама,Грустное/Трагическое,Современное кино (2000–2020),8.2
Еще до войны,Драма,Исторический,Грустное/Трагическое,Классика (до 2000 года),6.9
Феникс,Драма,Военный,Грустное/Трагическое,Современное кино (2000–2020),7.3
9 дней и одно утро,Драма,Мелодрама,Грустное/Трагическое,Новинки (2020–2025),7.3
CODA: Ребенок глухих родителей,Драма,Семейный,Вдохновляющее,Новинки (2020–2025),8.1
Клуб «Коттон»,Драма,Криминал,Грустное/Трагическое,Классика (до 2000 года),7.2
Белое платье,Драма,Военный,Грустное/Трагическое,Новинки (2020–2025),6.4
Мертвец,Драма,Криминал,Философское,Классика (до 2000 года),7.3
Дьявол всегда здесь,Драма,Триллер,Грустное/Трагическое,Новинки (2020–2025),7.0
Под электрическими облаками,Драма,Фантастика,Философское,Современное кино (2000–2020),5.9
В краю крови и меда,Драма,Военный,Грустное/Трагическое,Современное кино (2000–2020),6.8
Молчание,Драма,Исторический,Философское,Современное кино (2000–2020),7.6
Коктебель,Драма,Семейный,Философское,Современное кино (2000–2020),6.9
Развод,Драма,Мелодрама,Грустное/Трагическое,Новинки (2020–2025),6.2
Зеркало,Драма,Биографический,Философское,Классика (до 2000 года),7.9
25-й час,Драма,Криминал,Грустное/Трагическое,Современное кино (2000–2020),7.6
За облаками,Драма,Мелодрама,Философское,Классика (до 2000 года),6.9
Свет вокруг,Драма,Семейный,Вдохновляющее,Новинки (2020–2025),6.8
Порно,Драма,Мелодрама,Грустное/Трагическое,Современное кино (2000–2020),6.5
Высотка,Драма,Фантастика,Философское,Современное кино (2000–2020),6.5
Облако-рай,Драма,Семейный,Грустное/Трагическое,Новинки (2020–2025),7.3
Студия 54,Драма,Мелодрама,Грустное/Трагическое,Классика (до 2000 года),6.1
Стальные магнолии,Драма,Мелодрама,Вдохновляющее,Классика (до 2000 года),7.9
Зеленая карета,Драма,Мелодрама,Грустное/Трагическое,Классика (до 2000 года),7.3
Бедная Саша,Драма,Мелодрама,Грустное/Трагическое,Новинки (2020–2025),7.2
Обратный путь,Драма,Семейный,Вдохновляющее,Современное кино (2000–2020),6.9
Крид 2,Драма,Боевик (Экшен),Вдохновляющее,Современное кино (2000–2020),7.4
Пассажирка,Драма,Военный,Грустное/Трагическое,Классика (до 2000 года),7.1
Жду и надеюсь,Драма,Военный,Грустное/Трагическое,Новинки (2020–2025),6.6
Вера,Драма,Семейный,Грустное/Трагическое,Новинки (2020–2025),7.4
Гора самоцветов,Драма,Исторический,Грустное/Трагическое,Новинки (2020–2025),6.9
Географ глобус пропил,Драма,Комедия,Философское,Современное кино (2000–2020),7.3
Бег,Драма,Военный,Грустное/Трагическое,Классика (до 2000 года),7.5
Волчок,Драма,Семейный,Грустное/Трагическое,Современное кино (2000–2020),6.9
Любовь,Драма,Мелодрама,Грустное/Трагическое,Современное кино (2000–2020),7.9
Харакири,Драма,Исторический,Грустное/Трагическое,Классика (до 2000 года),8.1
…А в душе я танцую,Драма,Комедия,Вдохновляющее,Современное кино (2000–2020),7.6
Кэрол,Драма,Мелодрама,Грустное/Трагическое,Современное кино (2000–2020),7.8
Снегирь,Драма,Военный,Грустное/Трагическое,Новинки (2020–2025),6.9
Ржавчина и кость,Драма,Мелодрама,Грустное/Трагическое,Современное кино (2000–2020),7.4
Шахматист,Драма,Детектив,Вдохновляющее,Классика (до 2000 года),7.3
Таинственный Альберт Ноббс,Драма,Исторический,Грустное/Трагическое,Современное кино (2000–2020),6.7
Неподдающиеся,Драма,Криминал,Грустное/Трагическое,Новинки (2020–2025),6.6
Букшоп,Драма,Мелодрама,Грустное/Трагическое,Современное кино (2000–2020),6.8
Вне игры,Драма,Мелодрама,Вдохновляющее,Современное кино (2000–2020),6.9
Загадочная кожа,Драма,Детектив,Грустное/Трагическое,Современное кино (2000–2020),7.3
Укрытие,Драма,Военный,Грустное/Трагическое,Новинки (2020–2025),6.4
Синг-Синг,Драма,Биографический,Вдохновляющее,Новинки (2020–2025),8.1
Женщина французского лейтенанта,Драма,Мелодрама,Философское,Классика (до 2000 года),7.3
Темные воды,Драма,Биографический,Вдохновляющее,Современное кино (2000–2020),7.6
Зло,Драма,Военный,Грустное/Трагическое,Современное кино (2000–2020),7.9
Парень из пузыря,Драма,Биографический,Грустное/Трагическое,Классика (до 2000 года),6.9
Тишина,Драма,Исторический,Философское,Современное кино (2000–2020),7.4
Салют-7,Драма,Биографический,Вдохновляющее,Современное кино (2000–2020),7.2
Сын Саула,Драма,Военный,Грустное/Трагическое,Современное кино (2000–2020),7.8
Преданный садовник,Драма,Триллер,Грустное/Трагическое,Современное кино (2000–2020),7.8
В ожидании чуда,Драма,Семейный,Вдохновляющее,Современное кино (2000–2020),7.6
Матч-реванш,Драма,Приключения,Вдохновляющее,Новинки (2020–2025),6.6
Эксперимент 2: Волна,Драма,Триллер,Грустное/Трагическое,Современное кино (2000–2020),7.6
Тэсс,Драма,Мелодрама,Грустное/Трагическое,Классика (до 2000 года),7.9
Любовь как искупление,Драма,Мелодрама,Грустное/Трагическое,Современное кино (2000–2020),7.9
Чернобыль,Драма,Исторический,Грустное/Трагическое,Современное кино (2000–2020),9.4
Космополис,Драма,Фантастика,Философское,Современное кино (2000–2020),6.4
Кто боится Вирджинии Вульф?,Драма,Мелодрама,Грустное/Трагическое,Классика (до 2000 года),7.9
Небо над Берлином,Драма,Фэнтези,Философское,Классика (до 2000 года),7.9
Воровка книг,Драма,Военный,Грустное/Трагическое,Современное кино (2000–2020),7.5
Царство красоты,Драма,Криминал,Грустное/Трагическое,Новинки (2020–2025),6.9
Отверженные,Драма,Исторический,Грустное/Трагическое,Современное кино (2000–2020),7.7
Безбилетная пассажирка,Драма,Мелодрама,Грустное/Трагическое,Новинки (2020–2025),6.3
Председатель,Драма,Исторический,Вдохновляющее,Классика (до 2000 года),8.2
Рассекая волны,Драма,Мелодрама,Грустное/Трагическое,Классика (до 2000 года),7.4
Закон рынка,Драма,Семейный,Грустное/Трагическое,Современное кино (2000–2020),6.9
Дикарь,Драма,Боевик (Экшен),Вдохновляющее,Новинки (2020–2025),6.9
Такси-блюз,Драма,Криминал,Грустное/Трагическое,Классика (до 2000 года),7.2
Не чужие,Драма,Семейный,Грустное/Трагическое,Новинки (2020–2025),7.4
Молода и прекрасна,Драма,Мелодрама,Грустное/Трагическое,Современное кино (2000–2020),6.7
5 сантиметров в секунду,Драма,Мелодрама,Грустное/Трагическое,Современное кино (2000–2020),8.1
Как складывать флаг,Драма,Военный,Грустное/Трагическое,Современное кино (2000–2020),7.4
Джульетта,Драма,Мелодрама,Грустное/Трагическое,Современное кино (2000–2020),7.1
Сан-Франциско,Драма,Мелодрама,Грустное/Трагическое,Классика (до 2000 года),7.6
Злой,Драма,Военный,Грустное/Трагическое,Современное кино (2000–2020),7.7
Сколько ты стоишь?,Драма,Мелодрама,Грустное/Трагическое,Новинки (2020–2025),6.8
Лазурный берег,Драма,Мелодрама,Грустное/Трагическое,Новинки (2020–2025),6.3
Мой любимый клоун,Драма,Семейный,Грустное/Трагическое,Новинки (2020–2025),6.9
Потомки,Драма,Семейный,Грустное/Трагическое,Современное кино (2000–2020),7.6
Подари мне лунный свет,Драма,Мелодрама,Грустное/Трагическое,Современное кино (2000–2020),7.8
Жизнь других,Драма,Триллер,Философское,Современное кино (2000–2020),8.1
Догвилль,Драма,Триллер,Философское,Современное кино (2000–2020),7.6
Бильярдист,Драма,Криминал,Грустное/Трагическое,Классика (до 2000 года),8.1
Берега,Драма,Военный,Грустное/Трагическое,Новинки (2020–2025),7.3
Прерванный полет,Драма,Приключения,Грустное/Трагическое,Новинки (2020–2025),6.2
В центре внимания,Драма,Детектив,Вдохновляющее,Современное кино (2000–2020),8.1
Гол 3,Драма,Мелодрама,Вдохновляющее,Современное кино (2000–2020),5.9
Околофутбола,Драма,Криминал,Грустное/Трагическое,Современное кино (2000–2020),6.9
Гол!,Драма,Мелодрама,Вдохновляющее,Современное кино (2000–2020),7.2
Капернаум,Драма,Семейный,Грустное/Трагическое,Современное кино (2000–2020),8.1
Три цвета: Синий,Драма,Мелодрама,Грустное/Трагическое,Классика (до 2000 года),7.9
Враги,Драма,Исторический,Грустное/Трагическое,Современное кино (2000–2020),6.6
Кен Парк,Драма,Мелодрама,Грустное/Трагическое,Современное кино (2000–2020),6.0
Жить своей жизнью,Драма,Мелодрама,Философское,Классика (до 2000 года),7.7
Тени незабытых предков,Драма,Мелодрама,Грустное/Трагическое,Классика (до 2000 года),8.1
Легенда о Нараяме,Драма,Исторический,Философское,Классика (до 2000 года),7.9
Колесо чудес,Драма,Мелодрама,Грустное/Трагическое,Современное кино (2000–2020),5.9
Достучаться до небес,Драма,Криминал,Вдохновляющее,Классика (до 2000 года),7.9
Урок литературы,Драма,Семейный,Философское,Современное кино (2000–2020),6.3
Быть Флинном,Драма,Биографический,Грустное/Трагическое,Современное кино (2000–2020),6.6
Завтрак на Плутоне,Драма,Мелодрама,Вдохновляющее,Современное кино (2000–2020),7.4
3096 дней,Драма,Биографический,Грустное/Трагическое,Современное кино (2000–2020),6.5
Стыд,Драма,Мелодрама,Грустное/Трагическое,Современное кино (2000–2020),6.9
Другая жизнь женщины,Драма,Мелодрама,Грустное/Трагическое,Новинки (2020–2025),6.3
Меланхолия,Драма,Фантастика,Философское,Современное кино (2000–2020),7.4
На следующий день,Драма,Военный,Грустное/Трагическое,Новинки (2020–2025),6.3
Кабаре,Драма,Мелодрама,Грустное/Трагическое,Классика (до 2000 года),8.0
Второй шанс,Драма,Триллер,Философское,Современное кино (2000–2020),6.9
Цветы лиловые полей,Драма,Комедия,Вдохновляющее,Классика (до 2000 года),7.9
Когда мы были счастливы,Драма,Семейный,Грустное/Трагическое,Новинки (2020–2025),6.6
Племя,Драма,Криминал,Грустное/Трагическое,Современное кино (2000–2020),7.0
Подмена,Драма,Детектив,Грустное/Трагическое,Современное кино (2000–2020),7.8
Гнев,Драма,Триллер,Грустное/Трагическое,Новинки (2020–2025),6.1
Развод Надера и Симин,Драма,Семейный,Философское,Современное кино (2000–2020),8.1
Тени забытых предков,Драма,Мелодрама,Грустное/Трагическое,Классика (до 2000 года),7.9
Доказательство,Драма,Мелодрама,Философское,Современное кино (2000–2020),7.3
Непрощенная,Драма,Криминал,Философское,Классика (до 2000 года),8.2
Девять дней одного года,Драма,Мелодрама,Философское,Классика (до 2000 года),8.1
Табу,Драма,Мелодрама,Философское,Современное кино (2000–2020),6.9
Таксист,Драма,Криминал,Философское,Классика (до 2000 года),8.3
Лулу и Бриггс,Драма,Семейный,Грустное/Трагическое,Новинки (2020–2025),6.9
Боулинг для Колумбины,Драма,Криминал,Грустное/Трагическое,Современное кино (2000–2020),6.7
Забриски Пойнт,Драма,Мелодрама,Философское,Классика (до 2000 года),6.9
Куриоса,Драма,Мелодрама,Грустное/Трагическое,Современное кино (2000–2020),6.4
Сумрачный самурай,Драма,Исторический,Грустное/Трагическое,Современное кино (2000–2020),8.1
Мандарины,Драма,Военный,Вдохновляющее,Современное кино (2000–2020),7.8
Зимний сон,Драма,Семейный,Философское,Современное кино (2000–2020),7.3
Как я провел этим летом,Драма,Триллер,Философское,Современное кино (2000–2020),6.9
Дикое сердце,Драма,Криминал,Философское,Классика (до 2000 года),7.1
Белая лента,Драма,Исторический,Философское,Современное кино (2000–2020),7.9
Лунный свет,Драма,Мелодрама,Философское,Современное кино (2000–2020),7.8
В эфире,Драма,Комедия,Философское,Классика (до 2000 года),8.1
Американская дочь,Драма,Семейный,Философское,Классика (до 2000 года),6.3
Смерть в Венеции,Драма,Мелодрама,Философское,Классика (до 2000 года),7.7
Слушая тишину,Драма,Семейный,Вдохновляющее,Новинки (2020–2025),7.4
И грянул шторм,Драма,Приключения,Грустное/Трагическое,Современное кино (2000–2020),7.6
Хористы,Драма,Семейный,Вдохновляющее,Современное кино (2000–2020),8.1
Сны,Драма,Фэнтези,Философское,Классика (до 2000 года),8.1
Мужское-женское,Драма,Мелодрама,Философское,Классика (до 2000 года),7.3
Любовь Яровая,Драма,Военный,Грустное/Трагическое,Классика (до 2000 года),7.2
Императорский клуб,Драма,Семейный,Философское,Современное кино (2000–2020),7.6
Атлантида,Драма,Военный,Грустное/Трагическое,Современное кино (2000–2020),6.7
Жена,Драма,Мелодрама,Философское,Современное кино (2000–2020),7.6
Клуб любителей книг и пирогов из картофельных очистков,Драма,Мелодрама,Вдохновляющее,Современное кино (2000–2020),7.6
Долгие проводы,Драма,Семейный,Грустное/Трагическое,Современное кино (2000–2020),7.2
Кентавр,Драма,Семейный,Вдохновляющее,Современное кино (2000–2020),6.8
Нежный возраст,Драма,Мелодрама,Грустное/Трагическое,Новинки (2020–2025),6.4
Перевод с немецкого,Драма,Военный,Грустное/Трагическое,Современное кино (2000–2020),8.2
Тихий Дон,Драма,Исторический,Грустное/Трагическое,Классика (до 2000 года),8.4
Поднятая целина,Драма,Исторический,Грустное/Трагическое,Классика (до 2000 года),7.3
Когда наступает сентябрь...,Драма,Семейный,Грустное/Трагическое,Новинки (2020–2025),6.9
Евгений Онегин,Драма,Мелодрама,Грустное/Трагическое,Классика (до 2000 года),7.9
Дикая Лига,Драма,Криминал,Вдохновляющее,Новинки (2020–2025),6.7
Судьба человека,Драма,Военный,Грустное/Трагическое,Классика (до 2000 года),8.1
Хорошая женщина,Драма,Криминал,Грустное/Трагическое,Новинки (2020–2025),7.3
Новости со всех концов света,Драма,Приключения,Вдохновляющее,Новинки (2020–2025),6.9
Невозможное,Драма,Семейный,Грустное/Трагическое,Современное кино (2000–2020),7.6
Поединок,Драма,Криминал,Вдохновляющее,Классика (до 2000 года),7.5
Затишье,Драма,Мелодрама,Грустное/Трагическое,Новинки (2020–2025),6.3
Осенние корабли,Драма,Военный,Грустное/Трагическое,Новинки (2020–2025),6.7
Головой о стену,Драма,Криминал,Грустное/Трагическое,Современное кино (2000–2020),7.3
Порожний рейс,Драма,Криминал,Грустное/Трагическое,Современное кино (2000–2020),6.5
Эпоха невинности,Драма,Мелодрама,Грустное/Трагическое,Классика (до 2000 года),7.8
Игби идет ко дну,Драма,Комедия,Философское,Современное кино (2000–2020),7.4
Проигранное место,Драма,Приключения,Вдохновляющее,Новинки (2020–2025),7.1
Анатомия падения,Драма,Детектив,Философское,Новинки (2020–2025),7.9
Лев,Драма,Биографический,Вдохновляющее,Современное кино (2000–2020),8.1
Одиннадцать молчаливых мужчин,Драма,Исторический,Вдохновляющее,Новинки (2020–2025),7.3
И на камнях растут деревья,Драма,Военный,Грустное/Трагическое,Новинки (2020–2025),7.2
Это всего лишь конец света,Драма,Семейный,Грустное/Трагическое,Современное кино (2000–2020),6.6
Миллион для чайников,Драма,Детектив,Вдохновляющее,Современное кино (2000–2020),8.0
Дикая,Драма,Биографический,Вдохновляющее,Современное кино (2000–2020),7.3
Остров,Драма,Военный,Философское,Современное кино (2000–2020),7.8
Правосудие для всех,Драма,Криминал,Философское,Классика (до 2000 года),7.6
Студентка,Драма,Триллер,Грустное/Трагическое,Современное кино (2000–2020),5.9
Другая Бовари,Драма,Мелодрама,Грустное/Трагическое,Новинки (2020–2025),6.3
Елена,Драма,Семейный,Грустное/Трагическое,Современное кино (2000–2020),7.2
Чучело,Драма,Семейный,Грустное/Трагическое,Классика (до 2000 года),8.2
Сила стихии,Драма,Триллер,Грустное/Трагическое,Современное кино (2000–2020),7.4
12 разгневанных мужчин,Драма,Детектив,Философское,Классика (до 2000 года),8.2
Нимфоманка: Часть 2,Драма,Мелодрама,Грустное/Трагическое,Современное кино (2000–2020),6.7
Сплетня,Драма,Мелодрама,Грустное/Трагическое,Классика (до 2000 года),7.2
Ночной поезд до Лиссабона,Драма,Мелодрама,Философское,Современное кино (2000–2020),7.3
Джокер. Возмездие,Драма,Криминал,Философское,Новинки (2020–2025),4.0
Что-то не так с Кевином,Драма,Триллер,Грустное/Трагическое,Современное кино (2000–2020),7.6
Я — начало,Драма,Детектив,Философское,Новинки (2020–2025),6.4
Кружева,Драма,Мелодрама,Грустное/Трагическое,Современное кино (2000–2020),6.3
Очень хорошие девочки,Драма,Мелодрама,Грустное/Трагическое,Современное кино (2000–2020),5.8
Лабиринты прошлого,Драма,Детектив,Философское,Новинки (2020–2025),6.3
Персонаж,Драма,Триллер,Философское,Классика (до 2000 года),7.9
На дне,Драма,Криминал,Грустное/Трагическое,Классика (до 2000 года),7.3
Воин,Драма,Боевик (Экшен),Вдохновляющее,Современное кино (2000–2020),8.2
Танцующий с волками,Драма,Исторический,Вдохновляющее,Классика (до 2000 года),8.1
Далекие близкие,Драма,Семейный,Грустное/Трагическое,Новинки (2020–2025),6.9
Крученый мяч,Драма,Семейный,Вдохновляющее,Современное кино (2000–2020),6.9
Призрачная нить,Драма,Мелодрама,Философское,Современное кино (2000–2020),7.6
Легенда Багера Ванса,Драма,Военный,Вдохновляющее,Современное кино (2000–2020),7.3
День драфта,Драма,Мелодрама,Вдохновляющее,Современное кино (2000–2020),6.9
Голос из камня,Драма,Фэнтези,Грустное/Трагическое,Современное кино (2000–2020),6.3
Марица,Драма,Военный,Грустное/Трагическое,Классика (до 2000 года),7.3
Это — Англия,Драма,Криминал,Грустное/Трагическое,Современное кино (2000–2020),7.9
Плохой хороший человек,Драма,Криминал,Философское,Новинки (2020–2025),6.9
Иду на грозу,Драма,Военный,Философское,Классика (до 2000 года),7.5
Доктор Живаго,Драма,Мелодрама,Грустное/Трагическое,Классика (до 2000 года),8.1
Архангельские новеллы,Драма,Мелодрама,Грустное/Трагическое,Новинки (2020–2025),6.9
Седьмая печать,Драма,Фэнтези,Философское,Классика (до 2000 года),8.3
Груз 200,Драма,Криминал,Грустное/Трагическое,Современное кино (2000–2020),6.7
Мамочка,Драма,Мелодрама,Грустное/Трагическое,Современное кино (2000–2020),7.5
Мать и дитя,Драма,Мелодрама,Грустное/Трагическое,Современное кино (2000–2020),7.1
Ничего личного,Драма,Мелодрама,Философское,Современное кино (2000–2020),6.7
Дылда,Драма,Военный,Грустное/Трагическое,Современное кино (2000–2020),6.8
Стоянка,Драма,Мелодрама,Вдохновляющее,Новинки (2020–2025),7.3
Солнцепек,Драма,Криминал,Грустное/Трагическое,Новинки (2020–2025),6.8
Нимфоманка: Часть 1,Драма,Мелодрама,Философское,Современное кино (2000–2020),6.9
Королевский гамбит,Драма,Мелодрама,Вдохновляющее,Новинки (2020–2025),8.4
Бойцовая рыбка,Драма,Криминал,Грустное/Трагическое,Современное кино (2000–2020),6.7
Мальчик русский,Драма,Военный,Вдохновляющее,Новинки (2020–2025),7.4
Мира,Драма,Семейный,Вдохновляющее,Новинки (2020–2025),7.3
Купи меня,Драма,Криминал,Грустное/Трагическое,Современное кино (2000–2020),6.3
Страна глухих,Драма,Криминал,Грустное/Трагическое,Классика (до 2000 года),7.1
Стартап,Драма,Мелодрама,Вдохновляющее,Новинки (2020–2025),6.7
Мобильник,Драма,Мелодрама,Грустное/Трагическое,Современное кино (2000–2020),6.7
Норвежский лес,Драма,Мелодрама,Грустное/Трагическое,Современное кино (2000–2020),6.7
Светлячок,Драма,Семейный,Грустное/Трагическое,Новинки (2020–2025),7.9
Рики,Драма,Фантастика,Грустное/Трагическое,Современное кино (2000–2020),6.6
Мужской стриптиз,Драма,Мелодрама,Вдохновляющее,Современное кино (2000–2020),7.1
Таинственная река,Драма,Криминал,Грустное/Трагическое,Современное кино (2000–2020),7.9
Девочка из города,Драма,Семейный,Вдохновляющее,Новинки (2020–2025),6.5
Зеленая книга,Драма,Биографический,Вдохновляющее,Современное кино (2000–2020),8.1
Зеленая миля,Драма,Фэнтези,Грустное/Трагическое,Классика (до 2000 года),9.0
Тотем волка,Драма,Приключения,Философское,Современное кино (2000–2020),7.1
Офелия,Драма,Фэнтези,Грустное/Трагическое,Современное кино (2000–2020),6.7
Со склонов Кокурико,Драма,Мелодрама,Вдохновляющее,Современное кино (2000–2020),7.9
Просто помиловать,Драма,Биографический,Вдохновляющее,Современное кино (2000–2020),7.6
Сестры,Драма,Мелодрама,Грустное/Трагическое,Современное кино (2000–2020),6.9
Высота 89,Драма,Приключения,Вдохновляющее,Новинки (2020–2025),6.7
Искупление,Драма,Мелодрама,Грустное/Трагическое,Современное кино (2000–2020),7.9
Короткий фильм о любви,Драма,Мелодрама,Философское,Классика (до 2000 года),8.1
Дворецкий,Драма,Биографический,Вдохновляющее,Современное кино (2000–2020),7.6
Небраска,Драма,Семейный,Философское,Современное кино (2000–2020),7.6
Яков лжец,Драма,Военный,Грустное/Трагическое,Классика (до 2000 года),7.9
Молодая кровь,Драма,Мелодрама,Вдохновляющее,Классика (до 2000 года),6.7
Девушка на мосту,Драма,Мелодрама,Грустное/Трагическое,Классика (до 2000 года),7.3
Коллектор,Драма,Триллер,Грустное/Трагическое,Современное кино (2000–2020),7.1
Дубравка,Драма,Криминал,Грустное/Трагическое,Новинки (2020–2025),7.4
Ноэль,Драма,Мелодрама,Вдохновляющее,Современное кино (2000–2020),6.6
Великий Гэтсби,Драма,Мелодрама,Грустное/Трагическое,Современное кино (2000–2020),7.9
Белые ночи,Драма,Мелодрама,Грустное/Трагическое,Классика (до 2000 года),8.1
Белая птица в метели,Драма,Мелодрама,Грустное/Трагическое,Современное кино (2000–2020),6.1
Моя маленькая принцесса,Драма,Мелодрама,Грустное/Трагическое,Современное кино (2000–2020),6.5
Патерсон,Драма,Мелодрама,Философское,Современное кино (2000–2020),7.4
Невидимые дети,Драма,Семейный,Грустное/Трагическое,Современное кино (2000–2020),6.7
Страна садов,Драма,Семейный,Грустное/Трагическое,Новинки (2020–2025),7.0
Заяц над бездной,Драма,Криминал,Грустное/Трагическое,Новинки (2020–2025),6.9
Возвращение в А,Драма,Семейный,Философское,Современное кино (2000–2020),7.3
Я не вернусь,Драма,Военный,Грустное/Трагическое,Новинки (2020–2025),6.8
Мне бы в небо,Драма,Мелодрама,Грустное/Трагическое,Новинки (2020–2025),6.7
Отрочество,Драма,Семейный,Философское,Современное кино (2000–2020),7.9
Под покровом небес,Драма,Приключения,Философское,Классика (до 2000 года),7.1
Белый олеандр,Драма,Семейный,Грустное/Трагическое,Современное кино (2000–2020),7.4
Слон,Драма,Триллер,Грустное/Трагическое,Современное кино (2000–2020),6.8
День труда,Драма,Мелодрама,Вдохновляющее,Современное кино (2000–2020),6.7
На чужбине,Драма,Семейный,Грустное/Трагическое,Новинки (2020–2025),6.7
Гнездо,Драма,Триллер,Грустное/Трагическое,Новинки (2020–2025),6.8
Приезжая,Драма,Мелодрама,Грустное/Трагическое,Новинки (2020–2025),6.3
4,Драма,Фантастика,Философское,Современное кино (2000–2020),6.0
Астенический синдром,Драма,Комедия,Философское,Классика (до 2000 года),6.9
Непрощенный,Драма,Исторический,Философское,Классика (до 2000 года),8.2
Франц,Драма,Военный,Грустное/Трагическое,Современное кино (2000–2020),6.8
В последний момент,Драма,Триллер,Вдохновляющее,Новинки (2020–2025),6.7
Конец императора тайги,Драма,Криминал,Грустное/Трагическое,Классика (до 2000 года),6.8
Улыбка Моны Лизы,Драма,Мелодрама,Вдохновляющее,Современное кино (2000–2020),7.5
Соло на саксофоне,Драма,Семейный,Вдохновляющее,Современное кино (2000–2020),7.5
Чтец,Драма,Мелодрама,Грустное/Трагическое,Современное кино (2000–2020),7.9
Лакомб Люсьен,Драма,Военный,Философское,Классика (до 2000 года),7.3
Преступление и наказание,Драма,Детектив,Философское,Классика (до 2000 года),8.1
Безотцовщина,Драма,Семейный,Грустное/Трагическое,Новинки (2020–2025),6.8
Дровосек,Драма,Триллер,Грустное/Трагическое,Новинки (2020–2025),6.4
Вокс люкс,Драма,Мелодрама,Философское,Современное кино (2000–2020),6.6
Герой нашего времени,Драма,Исторический,Философское,Новинки (2020–2025),6.7
Интервью с Богом,Драма,Фантастика,Философское,Современное кино (2000–2020),6.7
Знахарь,Драма,Мелодрама,Философское,Классика (до 2000 года),8.1
Клип,Драма,Мелодрама,Грустное/Трагическое,Современное кино (2000–2020),6.5
Мы еще здесь,Драма,Криминал,Грустное/Трагическое,Новинки (2020–2025),6.2
Юленька,Драма,Триллер,Грустное/Трагическое,Современное кино (2000–2020),6.3
Простая история,Драма,Мелодрама,Грустное/Трагическое,Классика (до 2000 года),7.4
Фанни и Александр,Драма,Семейный,Философское,Классика (до 2000 года),8.1
Портрет Дориана Грея,Драма,Фэнтези,Философское,Современное кино (2000–2020),6.9
Сочувствие госпоже Месть,Драма,Криминал,Грустное/Трагическое,Современное кино (2000–2020),7.9
Диалоги,Драма,Мелодрама,Философское,Современное кино (2000–2020),6.7
Миллионер,Драма,Мелодрама,Вдохновляющее,Современное кино (2000–2020),7.9
Птаха,Драма,Военный,Грустное/Трагическое,Классика (до 2000 года),7.9
Теснота,Драма,Мелодрама,Грустное/Трагическое,Современное кино (2000–2020),7.0
Виринея,Драма,Исторический,Грустное/Трагическое,Классика (до 2000 года),6.7
Купе номер 6,Драма,Мелодрама,Вдохновляющее,Новинки (2020–2025),7.3
Несколько дней из жизни И.И. Обломова,Драма,Мелодрама,Философское,Классика (до 2000 года),8.1
Мелочи жизни,Драма,Мелодрама,Философское,Современное кино (2000–2020),6.3
Заклинатель лошадей,Драма,Мелодрама,Вдохновляющее,Классика (до 2000 года),7.5
Сломанные цветы,Драма,Комедия,Философское,Современное кино (2000–2020),7.1
Европа,Драма,Триллер,Философское,Классика (до 2000 года),7.3
Возвращение домой,Драма,Семейный,Философское,Современное кино (2000–2020),7.3
Александра,Драма,Военный,Философское,Современное кино (2000–2020),6.9
Три цвета: Белый,Драма,Мелодрама,Философское,Классика (до 2000 года),7.7
Наследники,Драма,Семейный,Философское,Современное кино (2000–2020),8.3
Одна,Драма,Семейный,Грустное/Трагическое,Новинки (2020–2025),6.8
Детки,Драма,Криминал,Грустное/Трагическое,Классика (до 2000 года),6.9
Набережная туманов,Драма,Мелодрама,Грустное/Трагическое,Классика (до 2000 года),7.8
Забивание камнями Сорайи М.,Драма,Биографический,Грустное/Трагическое,Современное кино (2000–2020),7.9
Одной левой,Драма,Боевик (Экшен),Вдохновляющее,Современное кино (2000–2020),7.4
Иллюзия полета,Драма,Триллер,Грустное/Трагическое,Новинки (2020–2025),6.1
Орландо,Драма,Фэнтези,Философское,Классика (до 2000 года),7.2
Чужая земля,Драма,Семейный,Грустное/Трагическое,Новинки (2020–2025),6.6
Бумажный солдат,Драма,Фантастика,Философское,Современное кино (2000–2020),6.9
Случай с Полыниным,Драма,Военный,Грустное/Трагическое,Классика (до 2000 года),7.2
Анюта,Драма,Мелодрама,Грустное/Трагическое,Классика (до 2000 года),6.7
Межа,Драма,Военный,Грустное/Трагическое,Современное кино (2000–2020),6.8
Курочка ряба,Драма,Мелодрама,Философское,Классика (до 2000 года),6.7
Про Петра и Павла,Драма,Биографический,Вдохновляющее,Современное кино (2000–2020),6.3
Холодная гора,Драма,Военный,Грустное/Трагическое,Современное кино (2000–2020),7.8
Бесприданница,Драма,Мелодрама,Грустное/Трагическое,Классика (до 2000 года),7.4
Дядя Ваня,Драма,Семейный,Грустное/Трагическое,Классика (до 2000 года),7.9
Частная жизнь,Драма,Мелодрама,Грустное/Трагическое,Современное кино (2000–2020),6.7
Еще вчера,Драма,Семейный,Вдохновляющее,Новинки (2020–2025),6.9
Бой,Драма,Боевик (Экшен),Вдохновляющее,Новинки (2020–2025),7.1
На Золотом пруду,Драма,Семейный,Вдохновляющее,Классика (до 2000 года),7.9
Скандал,Драма,Биографический,Грустное/Трагическое,Современное кино (2000–2020),6.8
История,Драма,Военный,Грустное/Трагическое,Классика (до 2000 года),6.7
Счастье мое,Драма,Военный,Грустное/Трагическое,Современное кино (2000–2020),6.9
Здорово и вечно,Драма,Мелодрама,Грустное/Трагическое,Новинки (2020–2025),6.4
Птица,Драма,Фэнтези,Грустное/Трагическое,Новинки (2020–2025),6.9
Сядь за руль моей машины,Драма,Мелодрама,Философское,Новинки (2020–2025),7.9
Сумасшедшее сердце,Драма,Мелодрама,Вдохновляющее,Современное кино (2000–2020),7.6
Внутренняя империя,Драма,Триллер,Философское,Современное кино (2000–2020),6.9
Почти семнадцать,Драма,Семейный,Вдохновляющее,Новинки (2020–2025),7.8
Мальчик в полосатой пижаме,Драма,Военный,Грустное/Трагическое,Современное кино (2000–2020),8.0
Верность,Драма,Мелодрама,Грустное/Трагическое,Современное кино (2000–2020),6.0
Продается кошка,Драма,Семейный,Грустное/Трагическое,Современное кино (2000–2020),7.3
Меченый атом,Драма,Военный,Философское,Классика (до 2000 года),6.4
Джокер,Драма,Триллер,Грустное/Трагическое,Современное кино (2000–2020),7.5
Бьютифул,Драма,Криминал,Грустное/Трагическое,Современное кино (2000–2020),7.4
Дверь в полу,Драма,Мелодрама,Грустное/Трагическое,Современное кино (2000–2020),6.9
Обреченный на одиночество,Драма,Фантастика,Грустное/Трагическое,Новинки (2020–2025),6.3
Где-то,Драма,Комедия,Философское,Современное кино (2000–2020),6.7
Рокко и его братья,Драма,Семейный,Грустное/Трагическое,Классика (до 2000 года),8.1
Холодная война,Драма,Исторический,Грустное/Трагическое,Современное кино (2000–2020),7.7
Сладкая жизнь,Драма,Комедия,Философское,Классика (до 2000 года),8.1
Гамлет,Драма,Исторический,Грустное/Трагическое,Классика (до 2000 года),8.0
Пласт,Драма,Триллер,Грустное/Трагическое,Новинки (2020–2025),6.9
Звери дикого Юга,Драма,Фэнтези,Вдохновляющее,Современное кино (2000–2020),7.6
Ничья,Драма,Семейный,Вдохновляющее,Новинки (2020–2025),6.7
Брат Баджранги,Драма,Семейный,Вдохновляющее,Современное кино (2000–2020),8.2
Магнолия,Драма,Мелодрама,Философское,Классика (до 2000 года),7.9
Язык нежности,Драма,Мелодрама,Грустное/Трагическое,Классика (до 2000 года),7.8
Делай — раз!,Драма,Комедия,Философское,Классика (до 2000 года),7.8
Место под соснами,Драма,Криминал,Философское,Современное кино (2000–2020),7.5
Наследницы,Драма,Мелодрама,Грустное/Трагическое,Современное кино (2000–2020),7.0
Раба любви,Драма,Мелодрама,Грустное/Трагическое,Классика (до 2000 года),7.8
Станционный смотритель,Драма,Мелодрама,Грустное/Трагическое,Классика (до 2000 года),7.1
Стукач,Драма,Исторический,Грустное/Трагическое,Современное кино (2000–2020),6.3
Похитители велосипедов,Драма,Семейный,Грустное/Трагическое,Классика (до 2000 года),8.6
Мертвец идет,Драма,Биографический,Грустное/Трагическое,Классика (до 2000 года),7.9
Спасение,Драма,Боевик (Экшен),Грустное/Трагическое,Современное кино (2000–2020),6.7
Жаркие летние ночи,Драма,Криминал,Грустное/Трагическое,Современное кино (2000–2020),6.9
Бруклин,Драма,Мелодрама,Вдохновляющее,Современное кино (2000–2020),7.8
Мать,Драма,Семейный,Грустное/Трагическое,Новинки (2020–2025),6.7
Чужие письма,Драма,Мелодрама,Философское,Классика (до 2000 года),7.3
Апокалипсис,Драма,Военный,Философское,Классика (до 2000 года),8.4
Книга Генри,Драма,Триллер,Грустное/Трагическое,Современное кино (2000–2020),6.5
Мать за сына,Драма,Триллер,Грустное/Трагическое,Новинки (2020–2025),6.8
Ждите писем,Драма,Военный,Грустное/Трагическое,Классика (до 2000 года),6.9
Изгой,Драма,Приключения,Вдохновляющее,Современное кино (2000–2020),7.9
18-14,Драма,Криминал,Вдохновляющее,Новинки (2020–2025),7.9
Ма Ма,Драма,Мелодрама,Грустное/Трагическое,Современное кино (2000–2020),6.8
Голос улиц,Драма,Мелодрама,Вдохновляющее,Новинки (2020–2025),6.6
Империя чувств,Драма,Мелодрама,Грустное/Трагическое,Классика (до 2000 года),6.9
Белый слон,Драма,Криминал,Грустное/Трагическое,Новинки (2020–2025),6.9
Город мальчиков,Драма,Криминал,Грустное/Трагическое,Новинки (2020–2025),6.7
Рокки 2,Драма,Боевик (Экшен),Вдохновляющее,Классика (до 2000 года),7.6
Дети Дон-Кихота,Драма,Приключения,Вдохновляющее,Современное кино (2000–2020),6.8
Ты и я,Драма,Семейный,Грустное/Трагическое,Современное кино (2000–2020),6.6
Декабрьские мальчики,Драма,Мелодрама,Вдохновляющее,Современное кино (2000–2020),7.3
За мной последний танец,Драма,Мелодрама,Вдохновляющее,Современное кино (2000–2020),7.3
Шоугелз,Драма,Мелодрама,Грустное/Трагическое,Классика (до 2000 года),6.0
Странствующая блудница,Драма,Мелодрама,Философское,Новинки (2020–2025),6.3
Голод,Драма,Биографический,Грустное/Трагическое,Современное кино (2000–2020),7.9
Соль Земли,Драма,Исторический,Вдохновляющее,Классика (до 2000 года),7.4
Хардбол,Драма,Семейный,Вдохновляющее,Современное кино (2000–2020),6.8
Я объявляю вам войну,Драма,Семейный,Грустное/Трагическое,Современное кино (2000–2020),7.4
Ненависть,Драма,Криминал,Грустное/Трагическое,Классика (до 2000 года),8.2
Заплати другому,Драма,Семейный,Вдохновляющее,Современное кино (2000–2020),7.7
Загон для собак,Драма,Криминал,Грустное/Трагическое,Современное кино (2000–2020),7.2
Путь домой,Драма,Семейный,Вдохновляющее,Современное кино (2000–2020),7.9
Малышка на миллион,Драма,Мелодрама,Грустное/Трагическое,Современное кино (2000–2020),8.2
Таланты и поклонники,Драма,Мелодрама,Грустное/Трагическое,Классика (до 2000 года),7.7
Беспечный ездок,Драма,Приключения,Философское,Классика (до 2000 года),7.8
Форма голоса,Драма,Мелодрама,Грустное/Трагическое,Современное кино (2000–2020),8.2
Общество мертвых поэтов,Драма,Мелодрама,Вдохновляющее,Классика (до 2000 года),8.2
По небу босиком,Драма,Мелодрама,Философское,Новинки (2020–2025),6.3
Легенда о пианисте,Драма,Мелодрама,Философское,Классика (до 2000 года),8.2
Две женщины,Драма,Военный,Грустное/Трагическое,Классика (до 2000 года),8.1
Шедевр,Драма,Биографический,Философское,Новинки (2020–2025),6.3
Милашка,Драма,Семейный,Грустное/Трагическое,Современное кино (2000–2020),7.3
Два долгих гудка в тумане,Драма,Военный,Грустное/Трагическое,Современное кино (2000–2020),6.6
Братство,Драма,Криминал,Грустное/Трагическое,Современное кино (2000–2020),5.7
Стоун,Драма,Криминал,Философское,Современное кино (2000–2020),6.7
Американская пастораль,Драма,Семейный,Грустное/Трагическое,Современное кино (2000–2020),6.6
Хэппи-энд,Драма,Семейный,Философское,Современное кино (2000–2020),6.7
Песня имен,Драма,Военный,Грустное/Трагическое,Современное кино (2000–2020),7.3
Русское поле,Драма,Мелодрама,Грустное/Трагическое,Классика (до 2000 года),7.6
Мартовские иды,Драма,Триллер,Философское,Современное кино (2000–2020),7.7
Дорогие товарищи!,Драма,Исторический,Грустное/Трагическое,Новинки (2020–2025),7.5
8 миля,Драма,Биографический,Вдохновляющее,Современное кино (2000–2020),7.8
Земля кочевников,Драма,Мелодрама,Философское,Новинки (2020–2025),7.4
Дикое поле,Драма,Криминал,Грустное/Трагическое,Современное кино (2000–2020),6.4
Другая женщина,Драма,Мелодрама,Философское,Классика (до 2000 года),6.9
Вас вызывает Таймыр,Драма,Приключения,Грустное/Трагическое,Новинки (2020–2025),6.7
Одиножды один,Драма,Мелодрама,Грустное/Трагическое,Современное кино (2000–2020),6.6
Сомнение,Драма,Детектив,Философское,Современное кино (2000–2020),7.6
Злое,Драма,Биографический,Грустное/Трагическое,Современное кино (2000–2020),7.7
В лучах солнца,Драма,Военный,Вдохновляющее,Новинки (2020–2025),6.6
Юрьев день,Драма,Комедия,Философское,Современное кино (2000–2020),6.7
Перевод с американского,Драма,Триллер,Философское,Новинки (2020–2025),5.9
Дом духов,Драма,Мелодрама,Грустное/Трагическое,Классика (до 2000 года),7.2
Семь жизней,Драма,Мелодрама,Грустное/Трагическое,Современное кино (2000–2020),7.6
Вечная жизнь Александра Христофорова,Драма,Фантастика,Философское,Новинки (2020–2025),6.7
Капитан Фантастик,Драма,Семейный,Философское,Современное кино (2000–2020),7.5
Хешер,Драма,Комедия,Грустное/Трагическое,Современное кино (2000–2020),6.8
Большие надежды,Драма,Мелодрама,Грустное/Трагическое,Классика (до 2000 года),8.2
Дубровский,Драма,Мелодрама,Грустное/Трагическое,Классика (до 2000 года),7.4
Весь этот джаз,Драма,Биографический,Философское,Классика (до 2000 года),7.8
Оптимистическая трагедия,Драма,Военный,Вдохновляющее,Классика (до 2000 года),7.9
Отель «Руанда»,Драма,Биографический,Вдохновляющее,Современное кино (2000–2020),8.2
Река памяти,Драма,Мелодрама,Грустное/Трагическое,Новинки (2020–2025),6.6
Дом из маленьких кубиков,Драма,Фэнтези,Философское,Современное кино (2000–2020),8.1
Со дна вершины,Драма,Мелодрама,Вдохновляющее,Новинки (2020–2025),6.9
Ангел мой,Драма,Семейный,Грустное/Трагическое,Новинки (2020–2025),6.7
Мечта,Драма,Биографический,Вдохновляющее,Новинки (2020–2025),7.6
Майский дождь,Драма,Семейный,Грустное/Трагическое,Новинки (2020–2025),8.1
Особенные,Драма,Семейный,Вдохновляющее,Новинки (2020–2025),7.9
Фуэте,Драма,Мелодрама,Вдохновляющее,Новинки (2020–2025),7.3
Weekend,Драма,Мелодрама,Философское,Современное кино (2000–2020),7.6
Невыносимая легкость бытия,Драма,Мелодрама,Философское,Классика (до 2000 года),7.6
Это все он,Драма,Фантастика,Философское,Современное кино (2000–2020),6.1
Жизнь прекрасна,Драма,Военный,Вдохновляющее,Классика (до 2000 года),8.6
Человек без прошлого,Драма,Комедия,Вдохновляющее,Современное кино (2000–2020),7.9
Дориан Грей,Драма,Фэнтези,Философское,Современное кино (2000–2020),6.9
Помни меня,Драма,Мелодрама,Грустное/Трагическое,Современное кино (2000–2020),7.3
Итальянец,Драма,Семейный,Грустное/Трагическое,Современное кино (2000–2020),7.6
Параноид парк,Драма,Криминал,Философское,Современное кино (2000–2020),6.8
Одуванчик,Драма,Семейный,Грустное/Трагическое,Новинки (2020–2025),6.7
Укрась прощальное утро цветами обещания,Драма,Семейный,Грустное/Трагическое,Современное кино (2000–2020),7.6
Тайны прошлого,Драма,Мелодрама,Философское,Новинки (2020–2025),7.8
Сашка,Драма,Семейный,Грустное/Трагическое,Новинки (2020–2025),6.7
Красные,Драма,Биографический,Вдохновляющее,Классика (до 2000 года),7.6
Деньги господина Арне,Драма,Исторический,Грустное/Трагическое,Классика (до 2000 года),7.4
Хижина,Драма,Фэнтези,Философское,Современное кино (2000–2020),6.7
Медовый месяц,Драма,Семейный,Вдохновляющее,Современное кино (2000–2020),7.9
"Сало, или 120 дней Содома",Драма,Военный,Грустное/Трагическое,Классика (до 2000 года),6.6
Нэшвилл,Драма,Комедия,Философское,Классика (до 2000 года),7.4
Странная женщина,Драма,Мелодрама,Грустное/Трагическое,Классика (до 2000 года),6.7
Чудо в камере №7,Драма,Семейный,Грустное/Трагическое,Современное кино (2000–2020),8.2
Мистер Черч,Драма,Семейный,Вдохновляющее,Современное кино (2000–2020),7.4
Милые кости,Драма,Фэнтези,Грустное/Трагическое,Современное кино (2000–2020),6.9
Серая Шейка,Драма,Семейный,Грустное/Трагическое,Новинки (2020–2025),7.1
Дитя погоды,Драма,Семейный,Философское,Современное кино (2000–2020),6.9
Заповедник,Драма,Мелодрама,Вдохновляющее,Новинки (2020–2025),6.4
Толстяк на ринге,Драма,Боевик (Экшен),Вдохновляющее,Современное кино (2000–2020),7.4
Спроси у пыли,Драма,Мелодрама,Грустное/Трагическое,Современное кино (2000–2020),6.8
С широко закрытыми глазами,Драма,Триллер,Философское,Классика (до 2000 года),7.5
Слова,Драма,Мелодрама,Философское,Современное кино (2000–2020),6.9
Холодное лето пятьдесят третьего,Драма,Криминал,Грустное/Трагическое,Классика (до 2000 года),7.6
Работа без авторства,Драма,Мелодрама,Вдохновляющее,Современное кино (2000–2020),8.1
Жить,Драма,Исторический,Грустное/Трагическое,Классика (до 2000 года),8.1
Умница Уилл Хантинг,Драма,Мелодрама,Вдохновляющее,Классика (до 2000 года),8.3
Одаренная,Драма,Семейный,Вдохновляющее,Современное кино (2000–2020),7.9
Арахисовый сокол,Драма,Приключения,Вдохновляющее,Современное кино (2000–2020),7.9
Счастливый конец,Драма,Мелодрама,Философское,Современное кино (2000–2020),6.6
Жестокий ринг,Драма,Боевик (Экшен),Вдохновляющее,Современное кино (2000–2020),6.3
Игла,Драма,Криминал,Грустное/Трагическое,Классика (до 2000 года),6.9
Древо жизни,Драма,Семейный,Философское,Современное кино (2000–2020),7.5
Белорусский вокзал,Драма,Мелодрама,Философское,Классика (до 2000 года),7.3
Метель,Драма,Мелодрама,Грустное/Трагическое,Новинки (2020–2025),6.8
Материнская клятва,Драма,Семейный,Вдохновляющее,Новинки (2020–2025),7.1
Разрушение,Драма,Мелодрама,Грустное/Трагическое,Современное кино (2000–2020),6.7
Белый шум,Драма,Фантастика,Философское,Новинки (2020–2025),6.3
Мой король,Драма,Мелодрама,Грустное/Трагическое,Современное кино (2000–2020),7.4
Мгновения жизни,Драма,Мелодрама,Вдохновляющее,Классика (до 2000 года),7.3
Мысли о свободе,Драма,Военный,Философское,Новинки (2020–2025),7.3
Очень женские истории,Драма,Мелодрама,Грустное/Трагическое,Новинки (2020–2025),6.6
Джо,Драма,Криминал,Грустное/Трагическое,Современное кино (2000–2020),7.1
Ледяной,Драма,Мелодрама,Вдохновляющее,Современное кино (2000–2020),7.4
Майор,Драма,Криминал,Грустное/Трагическое,Современное кино (2000–2020),7.1
Человек на полустанке,Драма,Военный,Грустное/Трагическое,Классика (до 2000 года),7.4
Караси,Драма,Семейный,Вдохновляющее,Новинки (2020–2025),7.4
Возвращение,Драма,Семейный,Философское,Современное кино (2000–2020),7.8
Из жизни отдыхающих,Драма,Мелодрама,Философское,Классика (до 2000 года),6.5
Судья,Драма,Криминал,Грустное/Трагическое,Современное кино (2000–2020),7.6
Пучина,Драма,Триллер,Грустное/Трагическое,Новинки (2020–2025),6.9
Первый учитель,Драма,Исторический,Вдохновляющее,Классика (до 2000 года),7.7
Непобедимый,Драма,Биографический,Вдохновляющее,Современное кино (2000–2020),6.8
Жестокий романс,Драма,Мелодрама,Грустное/Трагическое,Классика (до 2000 года),8.1
Эффект колибри,Драма,Семейный,Грустное/Трагическое,Новинки (2020–2025),6.7
"Исчезнувшее время: Мальчик, который вернулся",Драма,Семейный,Вдохновляющее,Новинки (2020–2025),6.8
Родной ребенок,Драма,Семейный,Грустное/Трагическое,Новинки (2020–2025),6.7
Оторви и выбрось,Драма,Мелодрама,Грустное/Трагическое,Современное кино (2000–2020),7.4
28 дней,Драма,Мелодрама,Вдохновляющее,Современное кино (2000–2020),6.7
Конец прекрасной эпохи,Драма,Криминал,Грустное/Трагическое,Современное кино (2000–2020),6.7
На краю,Драма,Боевик (Экшен),Вдохновляющее,Новинки (2020–2025),6.7
Собор Парижской Богоматери,Драма,Исторический,Грустное/Трагическое,Классика (до 2000 года),7.8
Наркотик,Драма,Криминал,Грустное/Трагическое,Современное кино (2000–2020),8.3
Три истории,Драма,Мелодрама,Грустное/Трагическое,Новинки (2020–2025),6.9
Я остаюсь,Драма,Мелодрама,Грустное/Трагическое,Современное кино (2000–2020),7.2
Философы: Урок выживания,Драма,Приключения,Философское,Новинки (2020–2025),6.7
Опасный квартал,Драма,Криминал,Грустное/Трагическое,Классика (до 2000 года),7.4
Офицер и шпион,Драма,Исторический,Философское,Современное кино (2000–2020),7.3
Гран-при,Драма,Боевик (Экшен),Вдохновляющее,Классика (до 2000 года),7.6
Ущерб,Драма,Мелодрама,Грустное/Трагическое,Классика (до 2000 года),7.5
Дурак,Драма,Криминал,Грустное/Трагическое,Современное кино (2000–2020),7.7
В яранге горит огонь,Драма,Семейный,Грустное/Трагическое,Новинки (2020–2025),7.4
Профессия: Репортер,Драма,Триллер,Философское,Классика (до 2000 года),7.6
Белые ночи почтальона Алексея Тряпицына,Драма,Мелодрама,Грустное/Трагическое,Современное кино (2000–2020),7.3
Снега больше не будет,Драма,Комедия,Философское,Новинки (2020–2025),6.9
Вдали от рая,Драма,Мелодрама,Грустное/Трагическое,Современное кино (2000–2020),7.5
Вайолет Эвергарден. Вечность и призрак пера,Драма,Мелодрама,Философское,Новинки (2020–2025),8.3
14+,Драма,Мелодрама,Грустное/Трагическое,Новинки (2020–2025),6.4
Гроздья гнева,Драма,Исторический,Грустное/Трагическое,Классика (до 2000 года),8.1
Рокки 5,Драма,Боевик (Экшен),Вдохновляющее,Классика (до 2000 года),6.4
Журавушка,Драма,Военный,Грустное/Трагическое,Классика (до 2000 года),7.4
Учитель пения,Драма,Семейный,Вдохновляющее,Классика (до 2000 года),7.4
Ты не ты,Драма,Триллер,Грустное/Трагическое,Новинки (2020–2025),6.4
Ида,Драма,Исторический,Философское,Современное кино (2000–2020),7.9
Жизнь Адель,Драма,Мелодрама,Грустное/Трагическое,Современное кино (2000–2020),7.6
Рокки 3,Драма,Боевик (Экшен),Вдохновляющее,Классика (до 2000 года),7.7
Молодость,Драма,Мелодрама,Философское,Современное кино (2000–2020),7.4
Исчезнувшая империя,Драма,Мелодрама,Грустное/Трагическое,Современное кино (2000–2020),6.8
Скины,Драма,Мелодрама,Грустное/Трагическое,Современное кино (2000–2020),7.9
Ворошиловский стрелок,Драма,Криминал,Грустное/Трагическое,Классика (до 2000 года),7.9
За последней чертой,Драма,Военный,Грустное/Трагическое,Современное кино (2000–2020),6.3
Дни вина и роз,Драма,Мелодрама,Грустное/Трагическое,Классика (до 2000 года),7.7
Всё или ничего,Драма,Семейный,Грустное/Трагическое,Современное кино (2000–2020),6.8
Девичий источник,Драма,Исторический,Грустное/Трагическое,Классика (до 2000 года),7.6
В стиле jazz,Драма,Мелодрама,Вдохновляющее,Современное кино (2000–2020),6.4
Жюль и Джим,Драма,Мелодрама,Грустное/Трагическое,Классика (до 2000 года),7.9
Мастер,Драма,Биографический,Философское,Современное кино (2000–2020),7.5
Экипаж,Драма,Боевик (Экшен),Вдохновляющее,Классика (до 2000 года),7.9
Вернуть сына,Драма,Триллер,Грустное/Трагическое,Новинки (2020–2025),6.8
Детки в порядке,Драма,Семейный,Философское,Современное кино (2000–2020),7.4
Укрощение огня,Драма,Исторический,Вдохновляющее,Классика (до 2000 года),7.6
Пусть говорят,Драма,Мелодрама,Грустное/Трагическое,Современное кино (2000–2020),1.3
Тренер Картер,Драма,Биографический,Вдохновляющее,Современное кино (2000–2020),7.6
Послесловие,Драма,Мелодрама,Грустное/Трагическое,Новинки (2020–2025),6.9
Пациенты,Драма,Биографический,Грустное/Трагическое,Новинки (2020–2025),6.7
Иерей-сан. Исповедь самурая,Драма,Исторический,Философское,Современное кино (2000–2020),5.6
Разбуди меня,Драма,Семейный,Грустное/Трагическое,Новинки (2020–2025),6.9
Великая красота,Драма,Комедия,Философское,Современное кино (2000–2020),7.8
Выпускник,Драма,Мелодрама,Философское,Классика (до 2000 года),8.1
Идиот,Драма,Мелодрама,Философское,Классика (до 2000 года),7.9
Аэропорт,Драма,Триллер,Грустное/Трагическое,Классика (до 2000 года),6.8
Гениальный папа,Драма,Биографический,Вдохновляющее,Современное кино (2000–2020),8.1
Дальняя дорога,Драма,Приключения,Вдохновляющее,Классика (до 2000 года),7.5
Неоконченная пьеса для механического пианино,Драма,Мелодрама,Грустное/Трагическое,Классика (до 2000 года),7.9
Переходный возраст,Драма,Семейный,Грустное/Трагическое,Современное кино (2000–2020),6.4
45 лет,Драма,Мелодрама,Философское,Современное кино (2000–2020),7.3
Жизнь впереди,Драма,Семейный,Грустное/Трагическое,Новинки (2020–2025),6.8
Человек дождя,Драма,Семейный,Вдохновляющее,Классика (до 2000 года),7.9
Окраина,Драма,Криминал,Грустное/Трагическое,Современное кино (2000–2020),6.7
Сильные духом,Драма,Биографический,Вдохновляющее,Новинки (2020–2025),6.8
На дороге,Драма,Приключения,Философское,Современное кино (2000–2020),6.5
Леди Макбет,Драма,Мелодрама,Грустное/Трагическое,Современное кино (2000–2020),6.7
Северный ветер,Драма,Военный,Грустное/Трагическое,Новинки (2020–2025),6.7
Пожары,Драма,Военный,Грустное/Трагическое,Современное кино (2000–2020),8.1
Фанат,Драма,Криминал,Грустное/Трагическое,Классика (до 2000 года),7.2
Гордость,Драма,Исторический,Вдохновляющее,Современное кино (2000–2020),7.8
Настя,Драма,Семейный,Грустное/Трагическое,Новинки (2020–2025),7.6
Жареные зеленые помидоры,Драма,Мелодрама,Вдохновляющее,Классика (до 2000 года),7.9
Преодоление,Драма,Семейный,Вдохновляющее,Современное кино (2000–2020),6.8
Последнее танго в Париже,Драма,Мелодрама,Грустное/Трагическое,Классика (до 2000 года),7.1
Бобер,Драма,Семейный,Грустное/Трагическое,Современное кино (2000–2020),6.4
Иваново счастье,Драма,Семейный,Грустное/Трагическое,Классика (до 2000 года),7.2
Большая поэзия,Драма,Мелодрама,Философское,Новинки (2020–2025),6.7
Дерсу Узала,Драма,Приключения,Философское,Классика (до 2000 года),8.3
Осенние колокола,Драма,Военный,Грустное/Трагическое,Современное кино (2000–2020),6.1
Мемуары гейши,Драма,Исторический,Грустное/Трагическое,Современное кино (2000–2020),7.3
Ложь во спасение,Драма,Мелодрама,Грустное/Трагическое,Современное кино (2000–2020),6.6
Вкус жизни,Драма,Мелодрама,Вдохновляющее,Новинки (2020–2025),7.6
Дорога перемен,Драма,Семейный,Вдохновляющее,Новинки (2020–2025),6.7
Бойцовский клуб,Драма,Триллер,Философское,Классика (до 2000 года),8.7
Пять легких пьес,Драма,Семейный,Грустное/Трагическое,Классика (до 2000 года),7.9
Я делаю шаг,Драма,Семейный,Вдохновляющее,Новинки (2020–2025),7.8
Время убивать,Драма,Криминал,Грустное/Трагическое,Классика (до 2000 года),7.6
Эскортницы,Драма,Криминал,Грустное/Трагическое,Новинки (2020–2025),5.4
Простые вещи,Драма,Приключения,Философское,Современное кино (2000–2020),7.2
Блокпост,Драма,Военный,Грустное/Трагическое,Современное кино (2000–2020),6.9
В одиночестве,Драма,Приключения,Грустное/Трагическое,Новинки (2020–2025),6.7
Мачеха,Драма,Семейный,Грустное/Трагическое,Современное кино (2000–2020),6.6
Крейцерова соната,Драма,Мелодрама,Грустное/Трагическое,Современное кино (2000–2020),6.0
Аманат,Драма,Военный,Грустное/Трагическое,Новинки (2020–2025),7.3
Покаяние,Драма,Исторический,Философское,Классика (до 2000 года),8.3
Короткий срок 12,Драма,Семейный,Грустное/Трагическое,Современное кино (2000–2020),8.0
Боксер,Драма,Криминал,Вдохновляющее,Классика (до 2000 года),7.1
Необстрелянные,Драма,Криминал,Грустное/Трагическое,Новинки (2020–2025),5.7
Брачная история,Драма,Мелодрама,Грустное/Трагическое,Современное кино (2000–2020),7.9
Крылья ангела,Драма,Фэнтези,Философское,Классика (до 2000 года),8.1
Однажды в Анатолии,Драма,Детектив,Философское,Современное кино (2000–2020),7.9
Страсти по Матвею,Драма,Биографический,Грустное/Трагическое,Классика (до 2000 года),6.7
Дыхания нет,Драма,Мелодрама,Вдохновляющее,Современное кино (2000–2020),6.7
Подсолнухи,Драма,Мелодрама,Грустное/Трагическое,Классика (до 2000 года),7.6
Запах женщины,Драма,Военный,Вдохновляющее,Классика (до 2000 года),8.1
Дом из песка и тумана,Драма,Мелодрама,Грустное/Трагическое,Современное кино (2000–2020),7.9
Мой мальчик,Драма,Семейный,Вдохновляющее,Новинки (2020–2025),6.8
Трансамерика,Драма,Мелодрама,Вдохновляющее,Современное кино (2000–2020),7.4
Матч Поинт,Драма,Триллер,Философское,Современное кино (2000–2020),7.7
Все будет хорошо,Драма,Семейный,Грустное/Трагическое,Новинки (2020–2025),6.7
Утонуть на суше,Драма,Приключения,Грустное/Трагическое,Новинки (2020–2025),6.8
Зима,Драма,Военный,Грустное/Трагическое,Новинки (2020–2025),6.7
Слепота,Драма,Фантастика,Философское,Современное кино (2000–2020),6.7
Таежная повесть,Драма,Мелодрама,Философское,Классика (до 2000 года),7.4
О Шмидте,Драма,Семейный,Философское,Современное кино (2000–2020),7.5
Зимнее утро,Драма,Военный,Грустное/Трагическое,Классика (до 2000 года),6.9
Вальс-Бостон,Драма,Мелодрама,Грустное/Трагическое,Новинки (2020–2025),6.7
В ожидании моря,Драма,Фэнтези,Философское,Современное кино (2000–2020),6.9
Удивительная легкость,Драма,Мелодрама,Философское,Классика (до 2000 года),7.6
Сторожка,Драма,Семейный,Грустное/Трагическое,Новинки (2020–2025),6.9
Следы апостолов,Драма,Биографический,Вдохновляющее,Новинки (2020–2025),7.1
Двое,Драма,Приключения,Грустное/Трагическое,Новинки (2020–2025),6.9
Признайте меня виновным,Драма,Криминал,Философское,Современное кино (2000–2020),6.6
Игрок,Драма,Криминал,Грустное/Трагическое,Современное кино (2000–2020),6.5
Зимняя спячка,Драма,Мелодрама,Философское,Современное кино (2000–2020),7.7
Нити,Драма,Военный,Грустное/Трагическое,Классика (до 2000 года),8.3
Изгнание,Драма,Мелодрама,Философское,Современное кино (2000–2020),6.8
Вавилон,Драма,Исторический,Философское,Новинки (2020–2025),7.4
Васса,Драма,Исторический,Грустное/Трагическое,Классика (до 2000 года),7.1
Вызов,Драма,Семейный,Вдохновляющее,Новинки (2020–2025),6.9
Женщина-зима,Драма,Мелодрама,Грустное/Трагическое,Новинки (2020–2025),6.9
В доме,Драма,Детектив,Философское,Современное кино (2000–2020),7.4
Долорес Клэйборн,Драма,Детектив,Грустное/Трагическое,Классика (до 2000 года),7.5
Самсара,Драма,Неважно,Философское,Современное кино (2000–2020),8.1
Живи и помни,Драма,Военный,Грустное/Трагическое,Современное кино (2000–2020),6.8
Грейси,Драма,Семейный,Вдохновляющее,Современное кино (2000–2020),6.8
Возвращение в Бургундию,Драма,Семейный,Вдохновляющее,Современное кино (2000–2020),7.4
Дикий,Драма,Биографический,Вдохновляющее,Современное кино (2000–2020),7.2
Я – учитель,Драма,Семейный,Вдохновляющее,Новинки (2020–2025),6.9
По ту сторону океана,Драма,Семейный,Грустное/Трагическое,Новинки (2020–2025),6.9
Тело Христово,Драма,Криминал,Философское,Современное кино (2000–2020),7.7
Молодые,Драма,Мелодрама,Вдохновляющее,Новинки (2020–2025),6.7
Проект «Флорида»,Драма,Семейный,Грустное/Трагическое,Современное кино (2000–2020),7.9
Филадельфия,Драма,Мелодрама,Грустное/Трагическое,Классика (до 2000 года),7.8
Без свидетелей,Драма,Мелодрама,Грустное/Трагическое,Классика (до 2000 года),7.9
Опекун,Драма,Криминал,Грустное/Трагическое,Новинки (2020–2025),6.2
Дневники нимфоманки,Драма,Мелодрама,Грустное/Трагическое,Современное кино (2000–2020),6.9
Урга: Территория любви,Драма,Мелодрама,Философское,Классика (до 2000 года),7.6
Аноним,Драма,Исторический,Философское,Современное кино (2000–2020),6.9
Сто дней после детства,Драма,Мелодрама,Философское,Классика (до 2000 года),7.3
2 дня,Драма,Мелодрама,Грустное/Трагическое,Современное кино (2000–2020),6.9
Король чертова острова,Драма,Исторический,Грустное/Трагическое,Современное кино (2000–2020),7.3
Полу-Нельсон,Драма,Криминал,Грустное/Трагическое,Современное кино (2000–2020),7.4
Поезд идет на восток,Драма,Мелодрама,Вдохновляющее,Классика (до 2000 года),7.9
Чемпион,Драма,Мелодрама,Вдохновляющее,Новинки (2020–2025),6.3
Коммивояжер,Драма,Триллер,Грустное/Трагическое,Современное кино (2000–2020),7.7
Казнь,Драма,Триллер,Грустное/Трагическое,Новинки (2020–2025),6.4
Цветения пора,Драма,Мелодрама,Грустное/Трагическое,Современное кино (2000–2020),6.3
Благочестивая Марта,Драма,Семейный,Вдохновляющее,Новинки (2020–2025),7.1
Море соблазна,Драма,Военный,Грустное/Трагическое,Классика (до 2000 года),8.2
Табор уходит в небо,Драма,Мелодрама,Грустное/Трагическое,Классика (до 2000 года),8.2
Интердевочка,Драма,Мелодрама,Грустное/Трагическое,Классика (до 2000 года),6.9
Джон Кью,Драма,Триллер,Грустное/Трагическое,Современное кино (2000–2020),7.4
Изображая жертву,Драма,Криминал,Философское,Современное кино (2000–2020),6.9
Монолог,Драма,Семейный,Грустное/Трагическое,Новинки (2020–2025),6.7
Калина красная,Драма,Криминал,Грустное/Трагическое,Классика (до 2000 года),8.1
Асса,Драма,Мелодрама,Философское,Классика (до 2000 года),7.6
Черный нарцисс,Драма,Мелодрама,Философское,Классика (до 2000 года),7.8
Пролетая над гнездом кукушки,Драма,Криминал,Философское,Классика (до 2000 года),8.7
Не хлебом единым,Драма,Мелодрама,Грустное/Трагическое,Классика (до 2000 года),8.1
Близость,Драма,Криминал,Грустное/Трагическое,Современное кино (2000–2020),6.8
Подальше от тебя,Драма,Семейный,Грустное/Трагическое,Новинки (2020–2025),6.7
Доживем до понедельника,Драма,Семейный,Философское,Классика (до 2000 года),8.2
Золотые небеса,Драма,Военный,Вдохновляющее,Новинки (2020–2025),7.4
Убить пересмешника,Драма,Криминал,Грустное/Трагическое,Классика (до 2000 года),8.4
Единожды солгав,Драма,Детектив,Грустное/Трагическое,Классика (до 2000 года),7.2
Человек из Подольска,Драма,Комедия,Философское,Новинки (2020–2025),6.4
Пышка,Драма,Военный,Грустное/Трагическое,Классика (до 2000 года),7.0
Цезарь должен умереть,Драма,Криминал,Философское,Современное кино (2000–2020),7.5
Личное дело судьи Ивановой,Драма,Криминал,Философское,Новинки (2020–2025),6.4
Власть пса,Драма,Исторический,Грустное/Трагическое,Новинки (2020–2025),7.4
Примадонна,Драма,Мелодрама,Вдохновляющее,Новинки (2020–2025),6.5
Писатели свободы,Драма,Биографический,Вдохновляющее,Современное кино (2000–2020),8.1
Светлячки в саду,Драма,Семейный,Грустное/Трагическое,Современное кино (2000–2020),6.8
Край,Драма,Военный,Грустное/Трагическое,Современное кино (2000–2020),6.9
Свет,Драма,Биографический,Вдохновляющее,Новинки (2020–2025),7.3
Гран Торино,Драма,Семейный,Вдохновляющее,Современное кино (2000–2020),8.0
Дирижер,Драма,Биографический,Вдохновляющее,Современное кино (2000–2020),6.4
Скверный анекдот,Драма,Комедия,Философское,Новинки (2020–2025),6.4
Похороните меня за плинтусом,Драма,Семейный,Грустное/Трагическое,Современное кино (2000–2020),6.8
День счастья,Драма,Мелодрама,Вдохновляющее,Классика (до 2000 года),6.9
Грех,Драма,Триллер,Философское,Современное кино (2000–2020),5.7
Голубой ангел,Драма,Мелодрама,Грустное/Трагическое,Классика (до 2000 года),7.9
Комната,Драма,Триллер,Грустное/Трагическое,Современное кино (2000–2020),8.1
Тристана,Драма,Мелодрама,Грустное/Трагическое,Классика (до 2000 года),7.4
Разорванный круг,Драма,Мелодрама,Грустное/Трагическое,Современное кино (2000–2020),7.9
Серьезный человек,Драма,Комедия,Философское,Современное кино (2000–2020),7.6
Старик и море,Драма,Приключения,Философское,Классика (до 2000 года),7.6
Серена,Драма,Мелодрама,Грустное/Трагическое,Современное кино (2000–2020),6.4
Ключи от неба,Драма,Военный,Вдохновляющее,Новинки (2020–2025),7.4
Уроки гармонии,Драма,Криминал,Грустное/Трагическое,Современное кино (2000–2020),6.9
Иррациональный человек,Драма,Триллер,Философское,Современное кино (2000–2020),6.6
Капитан Волконогов бежал,Драма,Исторический,Грустное/Трагическое,Новинки (2020–2025),6.7
Старые клячи,Драма,Семейный,Грустное/Трагическое,Классика (до 2000 года),7.4
Король-рыбак,Драма,Фэнтези,Философское,Классика (до 2000 года),7.6
На обочине,Драма,Семейный,Грустное/Трагическое,Новинки (2020–2025),6.8
Американка,Драма,Семейный,Грустное/Трагическое,Современное кино (2000–2020),6.2
Элефант,Драма,Триллер,Грустное/Трагическое,Современное кино (2000–2020),6.8
Выскочка,Драма,Криминал,Грустное/Трагическое,Новинки (2020–2025),6.9
Император,Драма,Исторический,Вдохновляющее,Новинки (2020–2025),6.1
Событие,Драма,Мелодрама,Грустное/Трагическое,Новинки (2020–2025),7.1
Жутко громко и запредельно близко,Драма,Семейный,Грустное/Трагическое,Современное кино (2000–2020),7.7
Середина 90-х,Драма,Семейный,Вдохновляющее,Современное кино (2000–2020),7.2
Сибирский цирюльник,Драма,Мелодрама,Грустное/Трагическое,Классика (до 2000 года),7.1
Цветы запоздалые,Драма,Мелодрама,Вдохновляющее,Современное кино (2000–2020),7.3
Миллиард,Драма,Приключения,Вдохновляющее,Современное кино (2000–2020),7.2
Синяя птица,Драма,Семейный,Грустное/Трагическое,Новинки (2020–2025),6.3
Джезабель,Драма,Мелодрама,Грустное/Трагическое,Классика (до 2000 года),7.6
Блаженная,Драма,Семейный,Грустное/Трагическое,Новинки (2020–2025),6.9
Оливер Твист,Драма,Криминал,Грустное/Трагическое,Классика (до 2000 года),7.9
Билли Эллиот,Драма,Семейный,Вдохновляющее,Современное кино (2000–2020),8.1
Сердца в Атлантиде,Драма,Фантастика,Грустное/Трагическое,Современное кино (2000–2020),7.2
Моя земля,Драма,Семейный,Грустное/Трагическое,Современное кино (2000–2020),6.7
Призраки,Драма,Криминал,Грустное/Трагическое,Современное кино (2000–2020),6.8
Свет моей жизни,Драма,Семейный,Грустное/Трагическое,Современное кино (2000–2020),6.7
Найти Форрестера,Драма,Мелодрама,Вдохновляющее,Современное кино (2000–2020),7.8
Малена,Драма,Биографический,Грустное/Трагическое,Современное кино (2000–2020),7.9
После свадьбы,Драма,Мелодрама,Грустное/Трагическое,Современное кино (2000–2020),7.3
Хайтарма,Драма,Военный,Грустное/Трагическое,Современное кино (2000–2020),7.6
Норвег,Драма,Мелодрама,Философское,Новинки (2020–2025),6.7
Амнезия,Драма,Мелодрама,Грустное/Трагическое,Современное кино (2000–2020),5.7
Удовольствие,Драма,Криминал,Грустное/Трагическое,Новинки (2020–2025),6.0
Свой человек,Драма,Криминал,Философское,Классика (до 2000 года),7.4
В ожидании варваров,Драма,Триллер,Философское,Современное кино (2000–2020),6.2
Магазинные воришки,Драма,Семейный,Грустное/Трагическое,Современное кино (2000–2020),7.9
Номер один,Драма,Мелодрама,Вдохновляющее,Новинки (2020–2025),6.7
Тринадцать,Драма,Семейный,Грустное/Трагическое,Современное кино (2000–2020),7.4
Ран,Драма,Исторический,Грустное/Трагическое,Классика (до 2000 года),8.2
Жертвоприношение,Драма,Фантастика,Философское,Классика (до 2000 года),8.1
Стрекоза,Драма,Приключения,Вдохновляющее,Новинки (2020–2025),6.6
Щепка,Драма,Семейный,Грустное/Трагическое,Новинки (2020–2025),7.1
Мистер Смит едет в Вашингтон,Драма,Комедия,Вдохновляющее,Классика (до 2000 года),8.1
Восток — Запад,Драма,Исторический,Грустное/Трагическое,Классика (до 2000 года),7.6
Дальше живите сами,Драма,Семейный,Грустное/Трагическое,Новинки (2020–2025),6.9
Чочара,Драма,Военный,Грустное/Трагическое,Классика (до 2000 года),8.1
Небесный суд,Драма,Фантастика,Философское,Новинки (2020–2025),5.4
Не отпускай меня,Драма,Фантастика,Грустное/Трагическое,Современное кино (2000–2020),7.2
Могила светлячков,Драма,Военный,Грустное/Трагическое,Классика (до 2000 года),8.5
Клуб «Завтрак»,Драма,Комедия,Философское,Классика (до 2000 года),7.9
Ход белой королевы,Драма,Биографический,Вдохновляющее,Новинки (2020–2025),8.4
Атлант расправил плечи: Часть 3,Драма,Фантастика,Философское,Современное кино (2000–2020),4.2
Чеховские мотивы,Драма,Комедия,Философское,Современное кино (2000–2020),6.7
День и ночь,Драма,Семейный,Грустное/Трагическое,Современное кино (2000–2020),6.8
Разрисованная вуаль,Драма,Мелодрама,Вдохновляющее,Современное кино (2000–2020),7.7
Частная жизнь Пиппы Ли,Драма,Мелодрама,Философское,Современное кино (2000–2020),6.8
Рокки,Драма,Боевик (Экшен),Вдохновляющее,Классика (до 2000 года),8.1
Мечтатели,Драма,Мелодрама,Философское,Современное кино (2000–2020),7.0
Сукины дети,Драма,Комедия,Вдохновляющее,Новинки (2020–2025),6.8
Поводырь,Драма,Военный,Грустное/Трагическое,Современное кино (2000–2020),8.1
Июльский дождь,Драма,Мелодрама,Грустное/Трагическое,Современное кино (2000–2020),6.9
Доверие,Драма,Триллер,Грустное/Трагическое,Современное кино (2000–2020),6.6
Дороги,Драма,Приключения,Философское,Современное кино (2000–2020),6.3
Сначала они убили моего отца,Драма,Биографический,Грустное/Трагическое,Современное кино (2000–2020),7.2
Москва,Драма,Криминал,Грустное/Трагическое,Современное кино (2000–2020),6.9
Американская история,Драма,Криминал,Грустное/Трагическое,Классика (до 2000 года),8.6
Незаконченная жизнь,Драма,Семейный,Грустное/Трагическое,Современное кино (2000–2020),7.1
Колыбельная для брата,Драма,Криминал,Грустное/Трагическое,Новинки (2020–2025),6.7
Шеф Адам Джонс,Драма,Мелодрама,Вдохновляющее,Современное кино (2000–2020),6.7
Лок,Драма,Мелодрама,Философское,Современное кино (2000–2020),7.2
Мажестик,Драма,Мелодрама,Вдохновляющее,Современное кино (2000–2020),7.3
Автокатастрофа,Драма,Криминал,Грустное/Трагическое,Современное кино (2000–2020),7.8
На краю стою,Драма,Триллер,Грустное/Трагическое,Новинки (2020–2025),6.7
Дикая собака Динго,Драма,Приключения,Вдохновляющее,Классика (до 2000 года),6.8
Мой личный штат Айдахо,Драма,Мелодрама,Философское,Классика (до 2000 года),7.3
Матч,Драма,Военный,Грустное/Трагическое,Современное кино (2000–2020),6.6
Дорога к матери,Драма,Военный,Грустное/Трагическое,Новинки (2020–2025),6.9
Школьный вальс,Драма,Мелодрама,Философское,Современное кино (2000–2020),7.3
Венди и Люси,Драма,Приключения,Грустное/Трагическое,Современное кино (2000–2020),7.1
Онегин,Драма,Мелодрама,Грустное/Трагическое,Новинки (2020–2025),6.9
Тренер,Драма,Мелодрама,Вдохновляющее,Новинки (2020–2025),6.5
Почтальон,Драма,Мелодрама,Вдохновляющее,Классика (до 2000 года),8.2
Почти знаменит,Драма,Биографический,Вдохновляющее,Современное кино (2000–2020),7.9
Шинель,Драма,Исторический,Грустное/Трагическое,Классика (до 2000 года),7.4
12,Драма,Детектив,Философское,Современное кино (2000–2020),7.7
Внутри Льюина Дэвиса,Драма,Мелодрама,Грустное/Трагическое,Современное кино (2000–2020),7.6
Старое и новое (Генеральная линия),Драма,Исторический,Вдохновляющее,Классика (до 2000 года),7.2
Егорушка,Драма,Семейный,Философское,Классика (до 2000 года),7.3
Друзья и годы,Драма,Семейный,Философское,Классика (до 2000 года),6.8
Почему Бодхидхарма ушел на Восток,Драма,Неважно,Философское,Классика (до 2000 года),7.9
Прошу слова,Драма,Семейный,Вдохновляющее,Новинки (2020–2025),7.9
Дни грома,Драма,Боевик (Экшен),Вдохновляющее,Классика (до 2000 года),6.9
Я — Куба,Драма,Исторический,Философское,Классика (до 2000 года),8.2
Артур Ньюман,Драма,Комедия,Философское,Современное кино (2000–2020),6.1
Тема,Драма,Мелодрама,Философское,Классика (до 2000 года),7.4
Интим,Драма,Мелодрама,Грустное/Трагическое,Современное кино (2000–2020),6.6
Свободное плавание,Драма,Комедия,Философское,Современное кино (2000–2020),6.8
Крамер против Крамера,Драма,Семейный,Грустное/Трагическое,Классика (до 2000 года),8.1
Объятия змея,Драма,Приключения,Философское,Современное кино (2000–2020),7.7
Сорок первый,Драма,Военный,Грустное/Трагическое,Классика (до 2000 года),7.7
Торт,Драма,Мелодрама,Грустное/Трагическое,Современное кино (2000–2020),6.7
Щегол,Драма,Мелодрама,Грустное/Трагическое,Современное кино (2000–2020),6.5
Третий тайм,Драма,Семейный,Вдохновляющее,Новинки (2020–2025),6.9
Праведник,Драма,Военный,Вдохновляющее,Новинки (2020–2025),6.3
Ближний круг,Драма,Мелодрама,Грустное/Трагическое,Новинки (2020–2025),6.7
Покидая Лас-Вегас,Драма,Мелодрама,Грустное/Трагическое,Классика (до 2000 года),7.7
Клуб «Shortbus»,Драма,Мелодрама,Философское,Современное кино (2000–2020),6.9
Дом Солнца,Драма,Мелодрама,Грустное/Трагическое,Современное кино (2000–2020),6.9
Ночи в стиле буги,Драма,Биографический,Грустное/Трагическое,Классика (до 2000 года),7.8
Гелий,Драма,Фэнтези,Грустное/Трагическое,Современное кино (2000–2020),7.8
Хотел бы я быть здесь,Драма,Семейный,Философское,Современное кино (2000–2020),6.9
Три цвета: Красный,Драма,Мелодрама,Философское,Классика (до 2000 года),8.0
Пикник у Висячей скалы,Драма,Детектив,Философское,Классика (до 2000 года),7.4
Дорогой Фрэнки,Драма,Семейный,Грустное/Трагическое,Современное кино (2000–2020),7.4
Белый лебедь,Драма,Мелодрама,Вдохновляющее,Новинки (2020–2025),7.4
Время для размышлений,Драма,Семейный,Философское,Новинки (2020–2025),6.4
Родная кровь,Драма,Криминал,Грустное/Трагическое,Новинки (2020–2025),6.3
Безмолвный свет,Драма,Мелодрама,Философское,Современное кино (2000–2020),7.1
Минари,Драма,Семейный,Вдохновляющее,Новинки (2020–2025),7.6
21 грамм,Драма,Криминал,Грустное/Трагическое,Современное кино (2000–2020),7.6
Плакса,Драма,Семейный,Грустное/Трагическое,Новинки (2020–2025),6.8
Айка,Драма,Приключения,Грустное/Трагическое,Современное кино (2000–2020),7.3
Красота по-американски,Драма,Мелодрама,Философское,Классика (до 2000 года),7.9
Поговори с ней,Драма,Мелодрама,Философское,Современное кино (2000–2020),7.7
Игра в четыре руки,Драма,Мелодрама,Вдохновляющее,Новинки (2020–2025),7.3
Манчестер у моря,Драма,Семейный,Грустное/Трагическое,Современное кино (2000–2020),7.9
Прерванная жизнь,Драма,Биографический,Грустное/Трагическое,Классика (до 2000 года),7.9
Девушка и смерть,Драма,Мелодрама,Грустное/Трагическое,Современное кино (2000–2020),5.7
Вернуть Бена,Драма,Семейный,Грустное/Трагическое,Современное кино (2000–2020),6.8
Сестры Магдалины,Драма,Исторический,Грустное/Трагическое,Современное кино (2000–2020),7.3
Сестренка,Драма,Семейный,Вдохновляющее,Новинки (2020–2025),7.5
Молох,Драма,Биографический,Грустное/Трагическое,Классика (до 2000 года),7.0
Рестлер,Драма,Биографический,Грустное/Трагическое,Современное кино (2000–2020),7.9
Агора,Драма,Биографический,Философское,Современное кино (2000–2020),7.3
Маленькая Вера,Драма,Мелодрама,Грустное/Трагическое,Классика (до 2000 года),7.3
Северная страна,Драма,Биографический,Вдохновляющее,Современное кино (2000–2020),7.3
Прокаженная,Драма,Исторический,Грустное/Трагическое,Новинки (2020–2025),6.9
Полуночный ковбой,Драма,Криминал,Грустное/Трагическое,Классика (до 2000 года),7.6
Кровь моей крови,Драма,Криминал,Грустное/Трагическое,Новинки (2020–2025),6.3
Братья Карамазовы,Драма,Криминал,Философское,Классика (до 2000 года),8.2
Меня зовут Кхан,Драма,Мелодрама,Вдохновляющее,Современное кино (2000–2020),8.0
Прости,Драма,Мелодрама,Грустное/Трагическое,Современное кино (2000–2020),6.1
Лихорадка субботнего вечера,Драма,Мелодрама,Грустное/Трагическое,Классика (до 2000 года),7.8
Ожидания,Драма,Мелодрама,Грустное/Трагическое,Новинки (2020–2025),6.4
Обыкновенные люди,Драма,Семейный,Грустное/Трагическое,Классика (до 2000 года),7.9
Осень,Драма,Семейный,Грустное/Трагическое,Новинки (2020–2025),6.7
Пылающая равнина,Драма,Мелодрама,Грустное/Трагическое,Современное кино (2000–2020),6.6
Голгофа,Драма,Комедия,Философское,Современное кино (2000–2020),7.7
Исчезновение Элеанор Ригби,Драма,Мелодрама,Грустное/Трагическое,Современное кино (2000–2020),6.8
Власть убеждений,Драма,Мелодрама,Философское,Новинки (2020–2025),6.3
Возврат,Драма,Семейный,Грустное/Трагическое,Современное кино (2000–2020),7.7
Тронутые,Драма,Семейный,Вдохновляющее,Новинки (2020–2025),7.1
Столкновение,Драма,Криминал,Грустное/Трагическое,Современное кино (2000–2020),7.8
Рэйчел выходит замуж,Драма,Мелодрама,Грустное/Трагическое,Современное кино (2000–2020),7.4
Цирк «Бабочка»,Драма,Семейный,Грустное/Трагическое,Современное кино (2000–2020),6.8
Уроки французского,Драма,Мелодрама,Грустное/Трагическое,Классика (до 2000 года),8.3
Ле ман,Драма,Боевик (Экшен),Вдохновляющее,Классика (до 2000 года),7.4
Реквием по мечте,Драма,Криминал,Грустное/Трагическое,Современное кино (2000–2020),8.0
Прикосновение,Драма,Мелодрама,Грустное/Трагическое,Новинки (2020–2025),6.7
Голова в облаках,Драма,Исторический,Грустное/Трагическое,Современное кино (2000–2020),6.8
Последний урок,Драма,Семейный,Грустное/Трагическое,Новинки (2020–2025),6.7
Танцующая в темноте,Драма,Мелодрама,Грустное/Трагическое,Современное кино (2000–2020),7.6
"Мы, двое мужчин",Драма,Мелодрама,Грустное/Трагическое,Современное кино (2000–2020),6.7
Ускользающая красота,Драма,Мелодрама,Философское,Классика (до 2000 года),7.3
Молодая жена,Драма,Мелодрама,Грустное/Трагическое,Новинки (2020–2025),6.7
Тревожный месяц вересень,Драма,Военный,Грустное/Трагическое,Новинки (2020–2025),6.8
Прошлые жизни,Драма,Мелодрама,Философское,Новинки (2020–2025),7.8
В долине Эла,Драма,Детектив,Грустное/Трагическое,Современное кино (2000–2020),7.3
Зимняя кость,Драма,Криминал,Грустное/Трагическое,Современное кино (2000–2020),7.8
О друзьях-товарищах,Драма,Приключения,Вдохновляющее,Классика (до 2000 года),6.8
Пало-Альто,Драма,Мелодрама,Грустное/Трагическое,Современное кино (2000–2020),6.6
Одинокий мужчина,Драма,Мелодрама,Грустное/Трагическое,Современное кино (2000–2020),7.6
Транзит,Драма,Военный,Грустное/Трагическое,Современное кино (2000–2020),6.9
Спящие,Драма,Криминал,Грустное/Трагическое,Классика (до 2000 года),7.7
Прислуга,Драма,Исторический,Вдохновляющее,Современное кино (2000–2020),8.0
Наша Наташа,Драма,Мелодрама,Грустное/Трагическое,Новинки (2020–2025),6.6
Лунная радуга,Драма,Мелодрама,Вдохновляющее,Новинки (2020–2025),7.6
Донская повесть,Драма,Военный,Грустное/Трагическое,Классика (до 2000 года),6.7
Кориолан,Драма,Военный,Грустное/Трагическое,Современное кино (2000–2020),7.3
Благословите женщину,Драма,Мелодрама,Грустное/Трагическое,Современное кино (2000–2020),6.9
Роза прощальных ветров,Драма,Семейный,Грустное/Трагическое,Новинки (2020–2025),7.4
В добрый час,Драма,Приключения,Вдохновляющее,Классика (до 2000 года),6.9
Морфий,Драма,Биографический,Грустное/Трагическое,Современное кино (2000–2020),6.7
Нокдаун,Драма,Боевик (Экшен),Вдохновляющее,Новинки (2020–2025),6.4
Цвет шафрана,Драма,Криминал,Грустное/Трагическое,Новинки (2020–2025),6.7
Дорога к морю,Драма,Семейный,Грустное/Трагическое,Новинки (2020–2025),8.1
Третья персона,Драма,Мелодрама,Философское,Современное кино (2000–2020),6.7
Еще один год,Драма,Семейный,Философское,Современное кино (2000–2020),6.9
Меня это не касается,Драма,Криминал,Философское,Новинки (2020–2025),6.6
Я счастливая,Драма,Мелодрама,Вдохновляющее,Новинки (2020–2025),6.9
Легенды осени,Драма,Военный,Грустное/Трагическое,Классика (до 2000 года),7.9
Кавказский пленник,Драма,Военный,Грустное/Трагическое,Классика (до 2000 года),7.1
Разжалованный,Драма,Военный,Грустное/Трагическое,Новинки (2020–2025),6.8
Делай как надо,Драма,Криминал,Грустное/Трагическое,Классика (до 2000 года),7.6
Мельница и крест,Драма,Исторический,Философское,Современное кино (2000–2020),6.8
Судьба резидента,Драма,Мелодрама,Грустное/Трагическое,Новинки (2020–2025),6.9
Пылающий,Драма,Триллер,Философское,Современное кино (2000–2020),7.6
Рокки Бальбоа,Драма,Биографический,Вдохновляющее,Современное кино (2000–2020),7.6
Отец,Драма,Семейный,Грустное/Трагическое,Новинки (2020–2025),7.9
Соммерсби,Драма,Мелодрама,Грустное/Трагическое,Классика (до 2000 года),7.6
Отвези меня домой,Драма,Мелодрама,Вдохновляющее,Новинки (2020–2025),6.7
Квартет Гварнери,Драма,Мелодрама,Вдохновляющее,Новинки (2020–2025),6.4
Девочка со спичками,Драма,Семейный,Грустное/Трагическое,Классика (до 2000 года),7.5
Пядь земли,Драма,Семейный,Грустное/Трагическое,Классика (до 2000 года),7.0
В компании мужчин,Драма,Военный,Грустное/Трагическое,Современное кино (2000–2020),6.4
Доктор,Драма,Мелодрама,Вдохновляющее,Классика (до 2000 года),7.5
Тайны мадам Вонг,Драма,Мелодрама,Грустное/Трагическое,Классика (до 2000 года),6.0
За холмами,Драма,Мелодрама,Грустное/Трагическое,Современное кино (2000–2020),7.3
Шофер мисс Дэйзи,Драма,Биографический,Вдохновляющее,Классика (до 2000 года),8.0
Леди Макбет Мценского уезда,Драма,Мелодрама,Грустное/Трагическое,Классика (до 2000 года),6.7
Форрест Гамп,Драма,Биографический,Вдохновляющее,Классика (до 2000 года),8.8
Ожерелье,Драма,Мелодрама,Грустное/Трагическое,Классика (до 2000 года),7.1
Город без солнца,Драма,Семейный,Грустное/Трагическое,Новинки (2020–2025),6.8
Цыган,Драма,Мелодрама,Грустное/Трагическое,Классика (до 2000 года),8.2
Одиночное плавание,Драма,Приключения,Вдохновляющее,Новинки (2020–2025),6.6
Юнайтед. Мюнхенская трагедия,Драма,Биографический,Грустное/Трагическое,Современное кино (2000–2020),7.4
Свалка,Драма,Биографический,Вдохновляющее,Современное кино (2000–2020),7.3
Кливлендские пленницы,Драма,Биографический,Грустное/Трагическое,Современное кино (2000–2020),6.8
Театр,Драма,Мелодрама,Философское,Современное кино (2000–2020),6.2
Пробуждение жизни,Драма,Фантастика,Философское,Современное кино (2000–2020),7.7
Ветер северный,Драма,Мелодрама,Философское,Новинки (2020–2025),4.1
Рай,Драма,Военный,Грустное/Трагическое,Современное кино (2000–2020),7.6
Конформист,Драма,Исторический,Философское,Классика (до 2000 года),7.9
Перо маркиза де Сада,Драма,Биографический,Философское,Современное кино (2000–2020),7.4
Отец Сергий,Драма,Биографический,Философское,Классика (до 2000 года),7.3
Сторож,Драма,Криминал,Грустное/Трагическое,Новинки (2020–2025),6.7
12 лет рабства,Драма,Биографический,Грустное/Трагическое,Современное кино (2000–2020),7.8
Цимбелин,Драма,Криминал,Грустное/Трагическое,Современное кино (2000–2020),6.0
По тонкому льду,Драма,Семейный,Вдохновляющее,Новинки (2020–2025),6.7
Дочь и мать ее,Драма,Семейный,Грустное/Трагическое,Новинки (2020–2025),6.7
Неоконченный урок,Драма,Семейный,Грустное/Трагическое,Новинки (2020–2025),6.7
Болевой порог,Драма,Боевик (Экшен),Вдохновляющее,Современное кино (2000–2020),6.9
Младенец на $30 000 000,Драма,Мелодрама,Грустное/Трагическое,Современное кино (2000–2020),8.2
Белые росы,Драма,Мелодрама,Грустное/Трагическое,Классика (до 2000 года),8.2
Про уродов и людей,Драма,Криминал,Грустное/Трагическое,Классика (до 2000 года),6.9
Моя мама,Драма,Военный,Грустное/Трагическое,Новинки (2020–2025),7.8
Моя девочка,Драма,Семейный,Грустное/Трагическое,Классика (до 2000 года),7.8
Дворянское гнездо,Драма,Мелодрама,Философское,Классика (до 2000 года),7.3
Дэвид Копперфилд,Драма,Биографический,Вдохновляющее,Классика (до 2000 года),8.2
Султан,Драма,Мелодрама,Вдохновляющее,Современное кино (2000–2020),7.3
Комната Марвина,Драма,Семейный,Грустное/Трагическое,Классика (до 2000 года),7.4
Чудовище,Драма,Детектив,Философское,Новинки (2020–2025),7.9
Агония,Драма,Биографический,Грустное/Трагическое,Классика (до 2000 года),7.9
Ученик,Драма,Неважно,Философское,Современное кино (2000–2020),6.9
Экстаз,Драма,Мелодрама,Вдохновляющее,Классика (до 2000 года),6.9
Музыка в ожидании,Драма,Мелодрама,Вдохновляющее,Современное кино (2000–2020),7.1
Garpastum,Драма,Исторический,Грустное/Трагическое,Современное кино (2000–2020),6.7
Дни Турбиных,Драма,Военный,Грустное/Трагическое,Классика (до 2000 года),8.2
Дневник пастыря,Драма,Биографический,Вдохновляющее,Новинки (2020–2025),6.8
Кислота,Драма,Криминал,Грустное/Трагическое,Новинки (2020–2025),6.1
Неправильное воспитание Кэмерон Пост,Драма,Мелодрама,Грустное/Трагическое,Современное кино (2000–2020),6.9
Øтражение,Драма,Военный,Грустное/Трагическое,Новинки (2020–2025),5.4
Запомните меня такой,Драма,Мелодрама,Грустное/Трагическое,Современное кино (2000–2020),7.3
Новый мир,Драма,Исторический,Философское,Современное кино (2000–2020),7.5
Рыцарь кубков,Драма,Мелодрама,Философское,Современное кино (2000–2020),6.3
Отчий дом,Драма,Военный,Грустное/Трагическое,Классика (до 2000 года),8.3
Кафе де Флор,Драма,Мелодрама,Грустное/Трагическое,Современное кино (2000–2020),7.4
Презрение,Драма,Мелодрама,Философское,Классика (до 2000 года),7.4
Пианино,Драма,Мелодрама,Грустное/Трагическое,Классика (до 2000 года),7.7
После Люсии,Драма,Триллер,Грустное/Трагическое,Современное кино (2000–2020),7.1
Цвет денег,Драма,Криминал,Вдохновляющее,Классика (до 2000 года),7.6
Поздняя встреча,Драма,Мелодрама,Философское,Новинки (2020–2025),6.8
Русский сувенир,Драма,Криминал,Грустное/Трагическое,Современное кино (2000–2020),5.9
Материнство,Драма,Семейный,Грустное/Трагическое,Новинки (2020–2025),6.9
Качели,Драма,Семейный,Грустное/Трагическое,Новинки (2020–2025),7.4
Очи черные,Драма,Мелодрама,Грустное/Трагическое,Классика (до 2000 года),7.8
Сексуальные хроники французской семьи,Драма,Мелодрама,Философское,Современное кино (2000–2020),6.1
Барака,Драма,Неважно,Философское,Классика (до 2000 года),8.1
Прощание,Драма,Мелодрама,Грустное/Трагическое,Современное кино (2000–2020),7.2
Алая буква,Драма,Исторический,Грустное/Трагическое,Классика (до 2000 года),5.3
Как малые дети,Драма,Мелодрама,Грустное/Трагическое,Современное кино (2000–2020),7.6
Сжигая мосты,Драма,Мелодрама,Грустное/Трагическое,Новинки (2020–2025),6.4
Охотник на оленей,Драма,Военный,Грустное/Трагическое,Классика (до 2000 года),8.1
713-й просит посадку,Драма,Приключения,Вдохновляющее,Классика (до 2000 года),7.3
Зильс-Мария,Драма,Триллер,Философское,Современное кино (2000–2020),7.1
Кинолюбитель,Драма,Мелодрама,Вдохновляющее,Классика (до 2000 года),8.4
Республика ШКИД,Драма,Семейный,Грустное/Трагическое,Классика (до 2000 года),8.2
Цвет спелой вишни,Драма,Военный,Грустное/Трагическое,Классика (до 2000 года),7.4
Король Лир,Драма,Семейный,Грустное/Трагическое,Классика (до 2000 года),8.1
Вероника решает умереть,Драма,Мелодрама,Философское,Современное кино (2000–2020),6.7
Черный дрозд,Драма,Семейный,Грустное/Трагическое,Современное кино (2000–2020),6.8
Ледяной драйв,Драма,Мелодрама,Вдохновляющее,Новинки (2020–2025),6.4
В полосе прибоя,Драма,Военный,Грустное/Трагическое,Классика (до 2000 года),7.3
Третья звезда,Драма,Приключения,Вдохновляющее,Современное кино (2000–2020),7.7
На игле,Драма,Криминал,Грустное/Трагическое,Классика (до 2000 года),8.1
Среди добрых людей,Драма,Семейный,Грустное/Трагическое,Новинки (2020–2025),6.7
Спитак,Драма,Исторический,Грустное/Трагическое,Современное кино (2000–2020),6.2
Облепиховое лето,Драма,Семейный,Вдохновляющее,Новинки (2020–2025),8.2
Мусульманин,Драма,Военный,Грустное/Трагическое,Современное кино (2000–2020),7.4
Сломленные,Драма,Мелодрама,Грустное/Трагическое,Новинки (2020–2025),6.4
Когда мы уходим,Драма,Военный,Грустное/Трагическое,Новинки (2020–2025),6.3
Темная сторона солнца,Драма,Мелодрама,Грустное/Трагическое,Классика (до 2000 года),6.8
Все о моей матери,Драма,Мелодрама,Грустное/Трагическое,Классика (до 2000 года),7.9
Так близко к горизонту,Драма,Мелодрама,Грустное/Трагическое,Новинки (2020–2025),6.9
Тучи над Борском,Драма,Военный,Грустное/Трагическое,Классика (до 2000 года),7.1
Волна,Драма,Триллер,Философское,Современное кино (2000–2020),7.7
Я — Сэм,Драма,Семейный,Вдохновляющее,Современное кино (2000–2020),7.6
Английский пациент,Драма,Военный,Грустное/Трагическое,Классика (до 2000 года),7.8
Крушение,Драма,Криминал,Грустное/Трагическое,Современное кино (2000–2020),7.8
Путь,Драма,Приключения,Вдохновляющее,Современное кино (2000–2020),7.6
Человек без паспорта,Драма,Приключения,Философское,Классика (до 2000 года),7.3
И твою маму тоже,Драма,Мелодрама,Философское,Современное кино (2000–2020),7.7
Слезы капали,Драма,Мелодрама,Грустное/Трагическое,Классика (до 2000 года),7.4
Ника,Драма,Биографический,Вдохновляющее,Новинки (2020–2025),8.1
Земля,Драма,Исторический,Грустное/Трагическое,Классика (до 2000 года),7.9
Париж,Драма,Мелодрама,Философское,Современное кино (2000–2020),6.8
Отголоски прошлого,Драма,Детектив,Грустное/Трагическое,Новинки (2020–2025),7.5
Территория,Драма,Боевик (Экшен),Грустное/Трагическое,Новинки (2020–2025),6.9
Отцы и дочери,Драма,Семейный,Грустное/Трагическое,Современное кино (2000–2020),7.4
Эта замечательная жизнь,Драма,Фэнтези,Вдохновляющее,Классика (до 2000 года),8.6
Натянутая тетива,Драма,Биографический,Вдохновляющее,Новинки (2020–2025),7.4
Зося,Драма,Военный,Грустное/Трагическое,Классика (до 2000 года),7.7
Духless 2,Драма,Криминал,Философское,Современное кино (2000–2020),6.4
Вдребезги,Драма,Семейный,Грустное/Трагическое,Новинки (2020–2025),6.9
Манглхорн,Драма,Мелодрама,Грустное/Трагическое,Современное кино (2000–2020),6.1
Свидетельство о бедности,Драма,Семейный,Грустное/Трагическое,Новинки (2020–2025),6.3
Евдокия,Драма,Семейный,Грустное/Трагическое,Классика (до 2000 года),7.2
Кит,Драма,Семейный,Грустное/Трагическое,Новинки (2020–2025),7.9
Хандра,Драма,Мелодрама,Грустное/Трагическое,Новинки (2020–2025),6.4
Знахарка,Драма,Фэнтези,Философское,Новинки (2020–2025),6.7
Айта,Драма,Криминал,Грустное/Трагическое,Современное кино (2000–2020),7.4
Хороший доктор,Драма,Мелодрама,Вдохновляющее,Современное кино (2000–2020),7.8
Начинающие,Драма,Мелодрама,Вдохновляющее,Современное кино (2000–2020),7.6
Чайки,Драма,Военный,Грустное/Трагическое,Новинки (2020–2025),6.7
Аритмия,Драма,Мелодрама,Грустное/Трагическое,Современное кино (2000–2020),7.5
Верзила,Драма,Семейный,Грустное/Трагическое,Новинки (2020–2025),7.5
Иван Денисович,Драма,Исторический,Грустное/Трагическое,Классика (до 2000 года),6.7
Долгая счастливая жизнь,Драма,Мелодрама,Грустное/Трагическое,Современное кино (2000–2020),6.7
Дорогая Елена Сергеевна,Драма,Мелодрама,Философское,Классика (до 2000 года),7.9
Танец реальности,Драма,Биографический,Философское,Современное кино (2000–2020),6.9
Нефть,Драма,Биографический,Философское,Современное кино (2000–2020),8.1
Трещины,Драма,Триллер,Грустное/Трагическое,Современное кино (2000–2020),6.9
Последняя сказка Риты,Драма,Семейный,Грустное/Трагическое,Новинки (2020–2025),7.4
Петя по дороге в Царствие Небесное,Драма,Фэнтези,Философское,Новинки (2020–2025),7.3
Жесть,Драма,Криминал,Грустное/Трагическое,Современное кино (2000–2020),6.4
И все же Лоранс,Драма,Мелодрама,Грустное/Трагическое,Современное кино (2000–2020),7.5
Ограды,Драма,Семейный,Грустное/Трагическое,Современное кино (2000–2020),7.8
Интервенция,Драма,Военный,Грустное/Трагическое,Новинки (2020–2025),6.8
Мечта Кассандры,Драма,Криминал,Грустное/Трагическое,Современное кино (2000–2020),6.8
Когда деревья были большими,Драма,Мелодрама,Грустное/Трагическое,Классика (до 2000 года),7.4
Чистая победа,Драма,Семейный,Вдохновляющее,Новинки (2020–2025),6.7
О теле и душе,Драма,Мелодрама,Философское,Современное кино (2000–2020),7.6
Свет в океане,Драма,Мелодрама,Грустное/Трагическое,Современное кино (2000–2020),7.4
Не угаснет надежда,Драма,Биографический,Вдохновляющее,Новинки (2020–2025),7.9
О мышах и людях,Драма,Семейный,Грустное/Трагическое,Классика (до 2000 года),7.9
Загадочная история Бенджамина Баттона,Драма,Фантастика,Философское,Современное кино (2000–2020),7.8
Мюнхен,Драма,Исторический,Философское,Современное кино (2000–2020),7.5
Шоу Трумана,Драма,Фантастика,Философское,Классика (до 2000 года),8.3
От печали до радости,Драма,Семейный,Вдохновляющее,Новинки (2020–2025),7.7
Лиля навсегда,Драма,Криминал,Грустное/Трагическое,Современное кино (2000–2020),7.6
Все еще Элис,Драма,Биографический,Грустное/Трагическое,Современное кино (2000–2020),7.6
Девочка,Драма,Мелодрама,Грустное/Трагическое,Современное кино (2000–2020),7.3
Взрослый мир,Драма,Мелодрама,Вдохновляющее,Современное кино (2000–2020),6.1
Раннее лето,Драма,Семейный,Философское,Классика (до 2000 года),7.9
Главный,Драма,Биографический,Вдохновляющее,Новинки (2020–2025),7.4
Элегия,Драма,Мелодрама,Грустное/Трагическое,Современное кино (2000–2020),6.8
Единственная дорога,Драма,Военный,Грустное/Трагическое,Новинки (2020–2025),7.4
Небеса обетованные,Драма,Мелодрама,Вдохновляющее,Новинки (2020–2025),7.1
Зимний путь,Драма,Криминал,Грустное/Трагическое,Новинки (2020–2025),6.8
Телеведущий,Драма,Фантастика,Философское,Классика (до 2000 года),8.4
Globe: Доктор Фауст,Драма,Фэнтези,Философское,Новинки (2020–2025),6.8
Время собирать,Драма,Военный,Грустное/Трагическое,Современное кино (2000–2020),6.4
Звездочки на земле,Драма,Семейный,Вдохновляющее,Современное кино (2000–2020),8.4
Миллионер из трущоб,Драма,Мелодрама,Вдохновляющее,Современное кино (2000–2020),8.0
Был месяц май,Драма,Военный,Грустное/Трагическое,Классика (до 2000 года),7.3
Разные судьбы,Драма,Военный,Вдохновляющее,Классика (до 2000 года),7.3
Живой труп,Драма,Мелодрама,Грустное/Трагическое,Классика (до 2000 года),6.9
Амбивалентность,Драма,Семейный,Грустное/Трагическое,Новинки (2020–2025),6.7
Бал,Драма,Военный,Грустное/Трагическое,Новинки (2020–2025),5.7
Часы,Драма,Биографический,Философское,Современное кино (2000–2020),7.7
Тельма и Луиза,Драма,Криминал,Грустное/Трагическое,Классика (до 2000 года),7.9
Вы не оставите меня,Драма,Семейный,Грустное/Трагическое,Новинки (2020–2025),7.4
Кавалерия,Драма,Комедия,Философское,Современное кино (2000–2020),7.4
Фрагменты женщины,Драма,Семейный,Грустное/Трагическое,Новинки (2020–2025),7.0
Дом терпимости,Драма,Исторический,Грустное/Трагическое,Современное кино (2000–2020),7.4
История призрака,Драма,Фэнтези,Философское,Современное кино (2000–2020),6.8
Восемь с половиной,Драма,Фантастика,Философское,Классика (до 2000 года),8.3
Человек родился,Драма,Фантастика,Философское,Классика (до 2000 года),6.5
На острие,Драма,Биографический,Грустное/Трагическое,Новинки (2020–2025),6.4
Свидетели,Драма,Военный,Грустное/Трагическое,Новинки (2020–2025),6.3
Скорый «Москва — Россия»,Драма,Криминал,Грустное/Трагическое,Современное кино (2000–2020),5.9
Воришки,Драма,Семейный,Философское,Современное кино (2000–2020),7.8
Сыновья Большой Медведицы,Драма,Семейный,Грустное/Трагическое,Классика (до 2000 года),7.3
Каминный гость,Драма,Фэнтези,Философское,Классика (до 2000 года),6.7
Ностальгия,Драма,Мелодрама,Философское,Классика (до 2000 года),7.9
Китайский сервиз,Драма,Детектив,Грустное/Трагическое,Классика (до 2000 года),7.0
Учитель английского,Драма,Криминал,Вдохновляющее,Современное кино (2000–2020),6.8
Призрачная красота,Драма,Мелодрама,Грустное/Трагическое,Современное кино (2000–2020),6.8
Зачинщики,Драма,Криминал,Грустное/Трагическое,Новинки (2020–2025),6.3
Мирный воин,Драма,Биографический,Вдохновляющее,Современное кино (2000–2020),7.4
Минута молчания,Драма,Криминал,Грустное/Трагическое,Новинки (2020–2025),6.7
Виридиана,Драма,Комедия,Философское,Классика (до 2000 года),7.9
Идиоты,Драма,Комедия,Философское,Классика (до 2000 года),6.5
Бунтарка,Драма,Биографический,Вдохновляющее,Новинки (2020–2025),7.4
Осенняя соната,Драма,Семейный,Грустное/Трагическое,Классика (до 2000 года),7.6
Камон Камон,Драма,Семейный,Философское,Новинки (2020–2025),7.3
Лолита,Драма,Мелодрама,Грустное/Трагическое,Классика (до 2000 года),7.4
Мелодия для шарманки,Драма,Мелодрама,Грустное/Трагическое,Классика (до 2000 года),7.6
Трудности перевода,Драма,Мелодрама,Философское,Современное кино (2000–2020),8.0
Духless,Драма,Мелодрама,Философское,Современное кино (2000–2020),6.8
Макбет,Драма,Исторический,Грустное/Трагическое,Современное кино (2000–2020),7.3
Сын,Драма,Семейный,Грустное/Трагическое,Новинки (2020–2025),6.7
Вайолет Эвергарден: Вечность и призрак пера,Драма,Мелодрама,Вдохновляющее,Современное кино (2000–2020),8.1
Класс,Драма,Криминал,Грустное/Трагическое,Современное кино (2000–2020),7.3
Человек на своем месте,Драма,Военный,Грустное/Трагическое,Современное кино (2000–2020),6.9
Граффити,Драма,Мелодрама,Грустное/Трагическое,Современное кино (2000–2020),6.7
Любить,Драма,Мелодрама,Грустное/Трагическое,Современное кино (2000–2020),7.9
Генуя,Драма,Семейный,Грустное/Трагическое,Современное кино (2000–2020),6.5
Двойной обгон,Драма,Боевик (Экшен),Грустное/Трагическое,Классика (до 2000 года),6.8
Кояанискатси,Драма,Фантастика,Философское,Классика (до 2000 года),7.9
Аллегро с огнем,Драма,Боевик (Экшен),Вдохновляющее,Новинки (2020–2025),6.9
Аврора,Драма,Криминал,Вдохновляющее,Новинки (2020–2025),6.7
Австралия,Драма,Мелодрама,Вдохновляющее,Современное кино (2000–2020),7.1
Нелюбовь,Драма,Семейный,Грустное/Трагическое,Современное кино (2000–2020),7.6
Луной был полон сад,Драма,Мелодрама,Грустное/Трагическое,Классика (до 2000 года),6.3
Крутая Джорджия,Драма,Семейный,Грустное/Трагическое,Современное кино (2000–2020),6.3
Скоро весна,Драма,Мелодрама,Вдохновляющее,Новинки (2020–2025),7.3
Генри и Джун,Драма,Мелодрама,Философское,Классика (до 2000 года),6.7
Не стреляйте в белых лебедей,Драма,Семейный,Грустное/Трагическое,Классика (до 2000 года),7.7
Утомленные солнцем,Драма,Военный,Грустное/Трагическое,Классика (до 2000 года),8.2
Восемь с половиной долларов,Драма,Фантастика,Философское,Классика (до 2000 года),8.1
Дерево,Драма,Семейный,Грустное/Трагическое,Современное кино (2000–2020),6.7
Кроличья нора,Драма,Семейный,Грустное/Трагическое,Современное кино (2000–2020),7.3
Сибирское воспитание,Драма,Криминал,Грустное/Трагическое,Современное кино (2000–2020),6.9
Жаркий ноябрь,Драма,Мелодрама,Грустное/Трагическое,Современное кино (2000–2020),6.1
Воздушные змеи,Драма,Исторический,Грустное/Трагическое,Современное кино (2000–2020),7.8
Море внутри,Драма,Биографический,Философское,Современное кино (2000–2020),7.9
Разжимая кулаки,Драма,Семейный,Философское,Новинки (2020–2025),6.9
Леди Берд,Драма,Семейный,Вдохновляющее,Современное кино (2000–2020),7.9
Наркоз,Драма,Триллер,Грустное/Трагическое,Современное кино (2000–2020),6.7
Шестнадцатая весна,Драма,Мелодрама,Вдохновляющее,Новинки (2020–2025),6.8
Дрейф,Драма,Триллер,Грустное/Трагическое,Новинки (2020–2025),6.4
Дальнобойщик,Драма,Приключения,Философское,Современное кино (2000–2020),6.4
Звук металла,Драма,Мелодрама,Вдохновляющее,Современное кино (2000–2020),7.9
Персональный покупатель,Драма,Триллер,Философское,Современное кино (2000–2020),6.8
Говори,Драма,Мелодрама,Грустное/Трагическое,Современное кино (2000–2020),7.1
Жила-была одна баба,Драма,Исторический,Грустное/Трагическое,Современное кино (2000–2020),6.7
Комиссар,Драма,Военный,Философское,Классика (до 2000 года),8.0
К чуду,Драма,Семейный,Вдохновляющее,Новинки (2020–2025),6.9
Безымянная — одна женщина в Берлине,Драма,Военный,Грустное/Трагическое,Современное кино (2000–2020),7.0
Шведская спичка,Драма,Военный,Грустное/Трагическое,Классика (до 2000 года),7.4
Американская история Х,Драма,Криминал,Философское,Классика (до 2000 года),8.6
Огонь,Драма,Боевик (Экшен),Вдохновляющее,Новинки (2020–2025),6.7
Придорожная закусочная,Драма,Комедия,Философское,Классика (до 2000 года),7.3
