Тройная граница,Криминал,Боевик (Экшен),Гангстерский,Современное кино (2000–2020),6.5
Взломщик,Криминал,Фантастика,Финансовые махинации,Классика (до 2000 года),6.9
Простой план,Криминал,Триллер,Финансовые махинации,Классика (до 2000 года),7.4
Хулиганы 3,Криминал,Боевик (Экшен),Гангстерский,Современное кино (2000–2020),5.2
Страховщик,Криминал,Детектив,Финансовые махинации,Новинки (2020–2025),6.4
Полный беспредел,Криминал,Боевик (Экшен),Гангстерский,Новинки (2020–2025),5.4
Афера,Криминал,Комедия,Финансовые махинации,Классика (до 2000 года),8.3
Уолл Стрит: Деньги не спят,Криминал,Драма,Финансовые махинации,Современное кино (2000–2020),7.2
Рысь,Криминал,Драма,Финансовые махинации,Современное кино (2000–2020),6.7
Шесть пуль,Криминал,Драма,Полицейский,Современное кино (2000–2020),6.8
Братья Систерс,Криминал,Исторический,Гангстерский,Современное кино (2000–2020),6.9
Двое в городе,Криминал,Драма,Тюремные драмы,Классика (до 2000 года),7.5
Охота на воров,Криминал,Боевик (Экшен),Полицейский,Современное кино (2000–2020),6.8
Капоне. Лицо со шрамом,Криминал,Драма,Гангстерский,Классика (до 2000 года),8.4
Линкольн для адвоката,Криминал,Детектив,Полицейский,Современное кино (2000–2020),7.8
Профессор в законе,Криминал,Комедия,Гангстерский,Современное кино (2000–2020),6.4
Шулера,Криминал,Комедия,Финансовые махинации,Современное кино (2000–2020),7.9
Приговоренные,Криминал,Боевик (Экшен),Тюремные драмы,Современное кино (2000–2020),6.2
Бизнесмен,Криминал,Драма,Финансовые махинации,Современное кино (2000–2020),6.7
Дефолт,Криминал,Драма,Финансовые махинации,Новинки (2020–2025),6.3
Суши гёл,Криминал,Боевик (Экшен),Гангстерский,Современное кино (2000–2020),5.9
Криминальный талант,Криминал,Детектив,Полицейский,Современное кино (2000–2020),5.7
Инкассатор,Криминал,Боевик (Экшен),Гангстерский,Современное кино (2000–2020),6.2
Деловые люди,Криминал,Комедия,Финансовые махинации,Новинки (2020–2025),6.3
На последнем дыхании,Криминал,Мелодрама,Гангстерский,Классика (до 2000 года),7.8
Полицейский из Беверли-Хиллз 2,Криминал,Боевик (Экшен),Полицейский,Классика (до 2000 года),6.9
Борсалино,Криминал,Боевик (Экшен),Гангстерский,Классика (до 2000 года),7.4
Убийца внутри меня,Криминал,Триллер,Полицейский,Современное кино (2000–2020),6.7
Формула 51,Криминал,Боевик (Экшен),Гангстерский,Современное кино (2000–2020),6.8
Восьмерка,Криминал,Боевик (Экшен),Гангстерский,Современное кино (2000–2020),6.8
Мошенничество,Криминал,Комедия,Финансовые махинации,Классика (до 2000 года),8.2
Наемный убийца,Криминал,Триллер,Гангстерский,Новинки (2020–2025),6.9
Уолл-стрит,Криминал,Драма,Финансовые махинации,Классика (до 2000 года),7.4
Бандит,Криминал,Драма,Гангстерский,Классика (до 2000 года),7.1
Государственный преступник,Криминал,Детектив,Полицейский,Новинки (2020–2025),6.7
Подстава,Криминал,Боевик (Экшен),Полицейский,Современное кино (2000–2020),6.5
Порох,Криминал,Драма,Гангстерский,Новинки (2020–2025),6.8
Вердикт за деньги,Криминал,Детектив,Финансовые махинации,Современное кино (2000–2020),7.3
Кровь не вода,Криминал,Драма,Тюремные драмы,Новинки (2020–2025),6.3
Рэкетир,Криминал,Боевик (Экшен),Гангстерский,Новинки (2020–2025),6.9
Черная месса,Криминал,Биографический,Гангстерский,Современное кино (2000–2020),7.2
Большая афера,Криминал,Комедия,Финансовые махинации,Классика (до 2000 года),8.1
Трафик,Криминал,Драма,Полицейский,Современное кино (2000–2020),7.9
Груз,Криминал,Драма,Гангстерский,Современное кино (2000–2020),6.9
Настоящее преступление,Криминал,Детектив,Тюремные драмы,Классика (до 2000 года),6.6
Козырные тузы,Криминал,Драма,Гангстерский,Классика (до 2000 года),7.6
Бандиты,Криминал,Боевик (Экшен),Гангстерский,Новинки (2020–2025),6.4
Хладнокровный Люк,Криминал,Драма,Тюремные драмы,Классика (до 2000 года),8.2
Джеки Браун,Криминал,Драма,Гангстерский,Классика (до 2000 года),7.5
Новая полицейская история,Криминал,Боевик (Экшен),Полицейский,Современное кино (2000–2020),6.9
Одинокие сердца,Криминал,Детектив,Полицейский,Современное кино (2000–2020),6.7
Убийца,Криминал,Боевик (Экшен),Гангстерский,Новинки (2020–2025),6.9
Билли Батгейт,Криминал,Драма,Гангстерский,Классика (до 2000 года),6.7
Бешеное золото,Криминал,Приключения,Финансовые махинации,Современное кино (2000–2020),6.7
Корсиканец,Криминал,Драма,Гангстерский,Современное кино (2000–2020),6.7
Спящий лев,Криминал,Триллер,Гангстерский,Новинки (2020–2025),6.7
Кодекс киллера,Криминал,Боевик (Экшен),Гангстерский,Новинки (2020–2025),5.9
Фирма,Криминал,Триллер,Финансовые махинации,Классика (до 2000 года),7.6
Влюбленный скорпион,Криминал,Боевик (Экшен),Гангстерский,Современное кино (2000–2020),5.7
Срок давности,Криминал,Детектив,Тюремные драмы,Новинки (2020–2025),6.6
Бронсон,Криминал,Биографический,Тюремные драмы,Современное кино (2000–2020),7.4
Чистильщик,Криминал,Боевик (Экшен),Гангстерский,Новинки (2020–2025),6.3
Дилер,Криминал,Драма,Гангстерский,Современное кино (2000–2020),6.9
Олигарх,Криминал,Драма,Финансовые махинации,Современное кино (2000–2020),6.9
Старикам тут не место,Криминал,Триллер,Гангстерский,Современное кино (2000–2020),8.2
Выстрел в спину,Криминал,Боевик (Экшен),Гангстерский,Новинки (2020–2025),6.2
Джанго освобожденный,Криминал,Исторический,Гангстерский,Современное кино (2000–2020),7.9
Бронкская история,Криминал,Драма,Гангстерский,Классика (до 2000 года),8.1
Двадцать одно,Криминал,Триллер,Финансовые махинации,Современное кино (2000–2020),7.2
Злодей,Криминал,Боевик (Экшен),Полицейский,Новинки (2020–2025),6.5
Ограбление в ураган,Криминал,Боевик (Экшен),Финансовые махинации,Современное кино (2000–2020),5.8
Закатать в асфальт,Криминал,Боевик (Экшен),Гангстерский,Современное кино (2000–2020),6.9
Полицейские и воры,Криминал,Комедия,Полицейский,Классика (до 2000 года),7.7
Возврата нет,Криминал,Боевик (Экшен),Гангстерский,Новинки (2020–2025),6.0
Орлеан,Криминал,Драма,Финансовые махинации,Новинки (2020–2025),6.8
Враг государства №1,Криминал,Биографический,Гангстерский,Современное кино (2000–2020),7.6
Неуловимые,Криминал,Боевик (Экшен),Гангстерский,Современное кино (2000–2020),7.9
Оправданная жестокость,Криминал,Боевик (Экшен),Гангстерский,Новинки (2020–2025),6.6
Банды Нью-Йорка,Криминал,Исторический,Гангстерский,Современное кино (2000–2020),7.6
8 подруг Оушена,Криминал,Комедия,Финансовые махинации,Современное кино (2000–2020),6.6
Тринадцать друзей Оушена,Криминал,Комедия,Финансовые махинации,Современное кино (2000–2020),7.3
Альфа Дог,Криминал,Биографический,Гангстерский,Современное кино (2000–2020),7.3
Уловка .44,Криминал,Детектив,Гангстерский,Современное кино (2000–2020),7.7
Свора,Криминал,Боевик (Экшен),Гангстерский,Новинки (2020–2025),6.9
Потерянный рай,Криминал,Детектив,Полицейский,Классика (до 2000 года),7.7
Риф Ларго,Криминал,Триллер,Гангстерский,Классика (до 2000 года),7.9
Криминальный Город: Разборки В Пусане,Криминал,Боевик (Экшен),Полицейский,Новинки (2020–2025),7.7
Общак,Криминал,Драма,Гангстерский,Современное кино (2000–2020),6.6
Полицейская история 2,Криминал,Боевик (Экшен),Полицейский,Классика (до 2000 года),7.7
Бумер,Криминал,Боевик (Экшен),Гангстерский,Современное кино (2000–2020),7.1
Последнее дело вареного,Криминал,Детектив,Полицейский,Новинки (2020–2025),6.7
Дочь якудзы,Криминал,Боевик (Экшен),Гангстерский,Современное кино (2000–2020),5.9
По волчьим законам,Криминал,Комедия,Финансовые махинации,Современное кино (2000–2020),7.9
Гангстеры в океане,Криминал,Боевик (Экшен),Гангстерский,Классика (до 2000 года),6.2
Парк культуры и отдыха,Криминал,Детектив,Полицейский,Новинки (2020–2025),6.7
Рок-н-рольщик,Криминал,Комедия,Гангстерский,Современное кино (2000–2020),7.3
Чувствуя Миннесоту,Криминал,Драма,Гангстерский,Классика (до 2000 года),6.6
Кодекс вора,Криминал,Драма,Гангстерский,Новинки (2020–2025),6.1
Служители закона,Криминал,Триллер,Полицейский,Современное кино (2000–2020),7.3
Виолет и Дейзи,Криминал,Триллер,Гангстерский,Современное кино (2000–2020),6.2
Поцелуй смерти,Криминал,Триллер,Гангстерский,Классика (до 2000 года),6.8
Клан,Криминал,Драма,Гангстерский,Новинки (2020–2025),7.8
Легенда,Криминал,Биографический,Гангстерский,Современное кино (2000–2020),7.6
Красавчик Джонни,Криминал,Драма,Тюремные драмы,Классика (до 2000 года),6.7
За пределами закона,Криминал,Боевик (Экшен),Полицейский,Классика (до 2000 года),6.1
Антибумер,Криминал,Боевик (Экшен),Гангстерский,Современное кино (2000–2020),6.8
Только Бог простит,Криминал,Триллер,Гангстерский,Современное кино (2000–2020),6.5
Власть убийц,Криминал,Драма,Гангстерский,Новинки (2020–2025),6.6
Прогулка среди могил,Криминал,Детектив,Полицейский,Современное кино (2000–2020),6.7
Шафт,Криминал,Детектив,Гангстерский,Классика (до 2000 года),7.2
Бойлерная,Криминал,Драма,Финансовые махинации,Новинки (2020–2025),6.9
Хулиганы,Криминал,Боевик (Экшен),Гангстерский,Современное кино (2000–2020),7.3
Огни притона,Криминал,Драма,Тюремные драмы,Классика (до 2000 года),6.7
Ангелы с грязными лицами,Криминал,Драма,Гангстерский,Классика (до 2000 года),7.9
Честный вор,Криминал,Боевик (Экшен),Полицейский,Новинки (2020–2025),6.6
Переговорщик,Криминал,Детектив,Полицейский,Классика (до 2000 года),7.6
Ядовитая роза,Криминал,Детектив,Гангстерский,Современное кино (2000–2020),5.3
Гениальное ограбление,Криминал,Комедия,Финансовые махинации,Классика (до 2000 года),8.2
Честь семьи Прицци,Криминал,Комедия,Гангстерский,Классика (до 2000 года),7.5
Время псов,Криминал,Боевик (Экшен),Гангстерский,Новинки (2020–2025),6.8
На районе,Криминал,Драма,Гангстерский,Современное кино (2000–2020),6.9
Святые из Бундока,Криминал,Боевик (Экшен),Гангстерский,Классика (до 2000 года),7.9
Исполнитель приговора,Криминал,Боевик (Экшен),Гангстерский,Классика (до 2000 года),6.8
Сделка с дьяволом,Криминал,Драма,Гангстерский,Новинки (2020–2025),6.6
Закон ночи,Криминал,Драма,Гангстерский,Современное кино (2000–2020),6.5
Старик,Криминал,Боевик (Экшен),Гангстерский,Новинки (2020–2025),7.1
Большой куш,Криминал,Комедия,Гангстерский,Современное кино (2000–2020),7.9
Мафия: Игра на выживание,Криминал,Триллер,Гангстерский,Новинки (2020–2025),5.9
Одиннадцать друзей Оушена,Криминал,Комедия,Финансовые махинации,Современное кино (2000–2020),7.9
3000 миль до Грейслэнда,Криминал,Боевик (Экшен),Гангстерский,Современное кино (2000–2020),6.1
Рэкетир 2,Криминал,Боевик (Экшен),Гангстерский,Современное кино (2000–2020),6.8
Криминальный квартет,Криминал,Комедия,Гангстерский,Новинки (2020–2025),6.3
Контрабанда,Криминал,Боевик (Экшен),Финансовые махинации,Современное кино (2000–2020),6.9
Полиция Майами: Отдел нравов,Криминал,Боевик (Экшен),Полицейский,Современное кино (2000–2020),6.8
Черный пес,Криминал,Драма,Тюремные драмы,Современное кино (2000–2020),6.3
Гоморра,Криминал,Драма,Гангстерский,Современное кино (2000–2020),7.9
Смертный приговор,Криминал,Боевик (Экшен),Гангстерский,Современное кино (2000–2020),6.7
Фара,Криминал,Боевик (Экшен),Полицейский,Современное кино (2000–2020),5.4
Месть и закон,Криминал,Триллер,Тюремные драмы,Современное кино (2000–2020),6.9
Место встречи изменить нельзя,Криминал,Детектив,Полицейский,Классика (до 2000 года),8.6
Полицейские,Криминал,Комедия,Полицейский,Новинки (2020–2025),6.7
Лихорадка,Криминал,Драма,Гангстерский,Современное кино (2000–2020),5.9
Фокус,Криминал,Комедия,Финансовые махинации,Современное кино (2000–2020),6.7
Город порока,Криминал,Боевик (Экшен),Гангстерский,Современное кино (2000–2020),7.6
Кочегар,Криминал,Драма,Гангстерский,Современное кино (2000–2020),7.4
Макаров,Криминал,Боевик (Экшен),Полицейский,Современное кино (2000–2020),6.7
Сириана,Криминал,Триллер,Финансовые махинации,Современное кино (2000–2020),7.4
Братья по крови,Криминал,Драма,Гангстерский,Новинки (2020–2025),7.0
Любой ценой,Криминал,Драма,Гангстерский,Современное кино (2000–2020),7.5
Кидалы,Криминал,Комедия,Финансовые махинации,Современное кино (2000–2020),6.4
Газетчик,Криминал,Детектив,Полицейский,Новинки (2020–2025),6.9
"Пушки, телки и азарт",Криминал,Комедия,Гангстерский,Классика (до 2000 года),7.9
Ограбление на Бейкер-Стрит,Криминал,Детектив,Финансовые махинации,Новинки (2020–2025),6.4
Воры,Криминал,Драма,Гангстерский,Новинки (2020–2025),6.4
Ветреная река,Криминал,Детектив,Полицейский,Современное кино (2000–2020),7.6
Самурай,Криминал,Триллер,Гангстерский,Классика (до 2000 года),7.9
Собачий полдень,Криминал,Драма,Полицейский,Классика (до 2000 года),7.9
Похищение Фредди Хайнекена,Криминал,Триллер,Гангстерский,Современное кино (2000–2020),6.4
Хорошее время,Криминал,Триллер,Гангстерский,Современное кино (2000–2020),7.3
Шайтан,Криминал,Боевик (Экшен),Гангстерский,Современное кино (2000–2020),6.9
Жажда мести,Криминал,Триллер,Тюремные драмы,Современное кино (2000–2020),7.1
Доберман,Криминал,Боевик (Экшен),Гангстерский,Классика (до 2000 года),7.1
Дикая парочка,Криминал,Биографический,Гангстерский,Классика (до 2000 года),7.8
Крестный отец 2,Криминал,Драма,Гангстерский,Классика (до 2000 года),8.8
Весьегонская волчица,Криминал,Драма,Гангстерский,Новинки (2020–2025),6.8
Два ствола,Криминал,Комедия,Гангстерский,Классика (до 2000 года),7.9
Джентльмен грабитель,Криминал,Приключения,Финансовые махинации,Современное кино (2000–2020),6.9
Афера Оливера Твиста,Криминал,Драма,Гангстерский,Современное кино (2000–2020),7.3
Ключ без права передачи,Криминал,Драма,Другое,Классика (до 2000 года),7.4
Игры киллеров,Криминал,Боевик (Экшен),Гангстерский,Новинки (2020–2025),6.1
Ирландец,Криминал,Биографический,Гангстерский,Современное кино (2000–2020),7.6
Криминальный город 2,Криминал,Боевик (Экшен),Полицейский,Новинки (2020–2025),7.5
Осведомитель,Криминал,Боевик (Экшен),Полицейский,Современное кино (2000–2020),6.4
Коррупционер,Криминал,Боевик (Экшен),Полицейский,Классика (до 2000 года),6.7
Дикари,Криминал,Триллер,Гангстерский,Современное кино (2000–2020),6.7
Апачи,Криминал,Боевик (Экшен),Гангстерский,Новинки (2020–2025),6.6
Закон доблести,Криминал,Триллер,Полицейский,Современное кино (2000–2020),7.3
В тихом омуте,Криминал,Детектив,Полицейский,Новинки (2020–2025),7.0
Французский транзит,Криминал,Боевик (Экшен),Гангстерский,Современное кино (2000–2020),7.1
Криминальная фишка от Генри,Криминал,Триллер,Другое,Классика (до 2000 года),6.9
Его собачье дело,Криминал,Драма,Полицейский,Классика (до 2000 года),8.1
Кровный отец,Криминал,Боевик (Экшен),Гангстерский,Современное кино (2000–2020),6.9
Двенадцать друзей Оушена,Криминал,Комедия,Финансовые махинации,Современное кино (2000–2020),6.8
Гнев человеческий,Криминал,Боевик (Экшен),Гангстерский,Новинки (2020–2025),6.9
Право на убийство,Криминал,Боевик (Экшен),Тюремные драмы,Современное кино (2000–2020),6.9
Будни уголовного розыска,Криминал,Детектив,Полицейский,Классика (до 2000 года),7.4
Дон. Главарь мафии,Криминал,Боевик (Экшен),Гангстерский,Современное кино (2000–2020),7.4
В погоне за Бонни и Клайдом,Криминал,Биографический,Полицейский,Современное кино (2000–2020),7.1
Во все тяжкое,Криминал,Драма,Гангстерский,Современное кино (2000–2020),8.9
Охотники на гангстеров,Криминал,Боевик (Экшен),Гангстерский,Современное кино (2000–2020),7.3
Великолепная афера,Криминал,Комедия,Финансовые махинации,Классика (до 2000 года),8.3
Мафия бессмертна,Криминал,Боевик (Экшен),Гангстерский,Новинки (2020–2025),6.1
Однажды в Шанхае,Криминал,Боевик (Экшен),Гангстерский,Современное кино (2000–2020),6.9
Добейся успеха,Криминал,Биографический,Гангстерский,Современное кино (2000–2020),6.5
Дикость,Криминал,Драма,Гангстерский,Новинки (2020–2025),6.9
Джентльмены,Криминал,Комедия,Гангстерский,Современное кино (2000–2020),7.6
Француз,Криминал,Боевик (Экшен),Гангстерский,Новинки (2020–2025),6.4
Святые из Бундока 2: День всех святых,Криминал,Боевик (Экшен),Гангстерский,Современное кино (2000–2020),6.8
Кровь искупления,Криминал,Боевик (Экшен),Гангстерский,Новинки (2020–2025),6.1
Тюряга,Криминал,Драма,Тюремные драмы,Новинки (2020–2025),6.8
Сумка инкассатора,Криминал,Боевик (Экшен),Финансовые махинации,Новинки (2020–2025),6.1
Вымогательство,Криминал,Детектив,Полицейский,Классика (до 2000 года),7.4
Летучий отряд Скотланд-Ярда,Криминал,Детектив,Полицейский,Классика (до 2000 года),6.3
Гордость и слава,Криминал,Триллер,Полицейский,Современное кино (2000–2020),7.3
Жить и умереть в Лос-Анджелесе,Криминал,Боевик (Экшен),Полицейский,Классика (до 2000 года),7.6
Охотники за головами,Криминал,Боевик (Экшен),Финансовые махинации,Современное кино (2000–2020),7.2
Бык,Криминал,Драма,Гангстерский,Новинки (2020–2025),6.9
Вор,Криминал,Драма,Тюремные драмы,Классика (до 2000 года),7.0
Антикиллер,Криминал,Боевик (Экшен),Полицейский,Современное кино (2000–2020),6.9
Налетчики,Криминал,Комедия,Гангстерский,Современное кино (2000–2020),6.9
Крестный отец,Криминал,Драма,Гангстерский,Классика (до 2000 года),9.0
Сувенир для прокурора,Криминал,Детектив,Полицейский,Новинки (2020–2025),6.3
Путь Карлито,Криминал,Драма,Гангстерский,Классика (до 2000 года),7.9
Иуда,Криминал,Драма,Гангстерский,Новинки (2020–2025),6.4
Азартные игры,Криминал,Драма,Финансовые махинации,Классика (до 2000 года),7.8
Поезд на Юму,Криминал,Боевик (Экшен),Гангстерский,Современное кино (2000–2020),7.7
Убийцы цветочной луны,Криминал,Исторический,Гангстерский,Новинки (2020–2025),7.8
Багси,Криминал,Биографический,Гангстерский,Классика (до 2000 года),7.4
Шрам,Криминал,Драма,Гангстерский,Классика (до 2000 года),8.4
Однажды в Америке,Криминал,Драма,Гангстерский,Классика (до 2000 года),8.3
Револьвер,Криминал,Триллер,Финансовые махинации,Современное кино (2000–2020),6.9
Воры в законе,Криминал,Драма,Гангстерский,Новинки (2020–2025),6.5
Слоеный торт,Криминал,Триллер,Гангстерский,Современное кино (2000–2020),7.7
Отступники,Криминал,Триллер,Полицейский,Современное кино (2000–2020),8.4
Не будите спящую собаку,Криминал,Боевик (Экшен),Полицейский,Новинки (2020–2025),6.7
Лицо со шрамом,Криминал,Боевик (Экшен),Гангстерский,Классика (до 2000 года),8.4
Академия смерти,Криминал,Боевик (Экшен),Гангстерский,Современное кино (2000–2020),7.1
Аферистка,Криминал,Комедия,Финансовые махинации,Новинки (2020–2025),6.7
Мошенники,Криминал,Комедия,Финансовые махинации,Новинки (2020–2025),6.3
Камера 211,Криминал,Драма,Тюремные драмы,Современное кино (2000–2020),7.6
Во имя справедливости,Криминал,Драма,Гангстерский,Классика (до 2000 года),7.4
Побег из Алькатраса,Криминал,Биографический,Тюремные драмы,Классика (до 2000 года),8.0
Кража,Криминал,Боевик (Экшен),Финансовые махинации,Современное кино (2000–2020),5.7
Расплата,Криминал,Боевик (Экшен),Гангстерский,Классика (до 2000 года),7.4
Полицейская история,Криминал,Боевик (Экшен),Полицейский,Классика (до 2000 года),7.7
По данным уголовного розыска...,Криминал,Детектив,Полицейский,Классика (до 2000 года),6.9
Сотрудник ЧК,Криминал,Исторический,Полицейский,Новинки (2020–2025),6.7
Преступник,Криминал,Боевик (Экшен),Полицейский,Современное кино (2000–2020),6.2
Решала 2,Криминал,Комедия,Гангстерский,Новинки (2020–2025),5.7
Бриллиантовый полицейский,Криминал,Боевик (Экшен),Полицейский,Классика (до 2000 года),7.0
Молот,Криминал,Детектив,Полицейский,Новинки (2020–2025),6.9
Клуб миллиардеров,Криминал,Биографический,Финансовые махинации,Современное кино (2000–2020),5.8
Русский бизнес,Криминал,Драма,Гангстерский,Современное кино (2000–2020),6.5
Побег из Шоушенка,Криминал,Драма,Тюремные драмы,Классика (до 2000 года),9.4
Бум,Криминал,Боевик (Экшен),Гангстерский,Современное кино (2000–2020),7.1
Пацаны,Криминал,Драма,Гангстерский,Современное кино (2000–2020),7.3
Ревущие двадцатые или судьба солдата в Америке,Криминал,Военный,Гангстерский,Классика (до 2000 года),7.9
Побег из тюрьмы: Финальный побег,Криминал,Боевик (Экшен),Тюремные драмы,Современное кино (2000–2020),5.4
Хорошие дети не плачут,Криминал,Драма,Гангстерский,Новинки (2020–2025),6.9
Французский связной,Криминал,Боевик (Экшен),Полицейский,Классика (до 2000 года),7.8
Неоновая плоть,Криминал,Боевик (Экшен),Гангстерский,Современное кино (2000–2020),6.4
Плохой лейтенант,Криминал,Драма,Полицейский,Классика (до 2000 года),7.4
Кокаиновый барон,Криминал,Биографический,Гангстерский,Современное кино (2000–2020),6.8
Ограбление по-итальянски,Криминал,Боевик (Экшен),Финансовые махинации,Современное кино (2000–2020),7.9
Полицейский на подиуме,Криминал,Комедия,Полицейский,Современное кино (2000–2020),6.3
Антиганг,Криминал,Боевик (Экшен),Полицейский,Новинки (2020–2025),6.2
Менялы,Криминал,Драма,Финансовые махинации,Новинки (2020–2025),7.1
Лорд Вор,Криминал,Драма,Финансовые махинации,Современное кино (2000–2020),7.7
Антикиллер Д.К.: Любовь без памяти,Криминал,Боевик (Экшен),Полицейский,Современное кино (2000–2020),5.4
Хозяева ночи,Криминал,Боевик (Экшен),Гангстерский,Современное кино (2000–2020),7.3
Мальчики-налетчики,Криминал,Комедия,Гангстерский,Современное кино (2000–2020),6.5
11.6,Криминал,Драма,Полицейский,Современное кино (2000–2020),6.5
Звезда и смерть Хоакина Мурьеты,Криминал,Исторический,Гангстерский,Классика (до 2000 года),7.3
Фальшивомонетчики,Криминал,Военный,Финансовые махинации,Современное кино (2000–2020),7.7
Дом Gucci,Криминал,Биографический,Финансовые махинации,Новинки (2020–2025),6.7
Дэнни Цепной пес,Криминал,Боевик (Экшен),Гангстерский,Современное кино (2000–2020),7.3
Медвежатник,Криминал,Комедия,Финансовые махинации,Классика (до 2000 года),6.7
Король Нью-Йорка,Криминал,Боевик (Экшен),Гангстерский,Классика (до 2000 года),7.4
Гангстер,Криминал,Боевик (Экшен),Гангстерский,Современное кино (2000–2020),6.7
Подозрительные лица,Криминал,Детектив,Гангстерский,Классика (до 2000 года),8.4
Искусство обмана,Криминал,Триллер,Финансовые махинации,Современное кино (2000–2020),6.1
По наклонной,Криминал,Драма,Гангстерский,Новинки (2020–2025),6.4
Короли улиц,Криминал,Боевик (Экшен),Полицейский,Современное кино (2000–2020),6.8
Игра на понижение,Криминал,Биографический,Финансовые махинации,Современное кино (2000–2020),7.8
Злые улицы,Криминал,Драма,Гангстерский,Классика (до 2000 года),7.4
Принц,Криминал,Драма,Гангстерский,Новинки (2020–2025),6.7
Черная роза,Криминал,Боевик (Экшен),Гангстерский,Новинки (2020–2025),7.4
Афера века,Криминал,Драма,Финансовые махинации,Новинки (2020–2025),6.9
Без резких движений,Криминал,Детектив,Гангстерский,Новинки (2020–2025),6.993
Нападение на Уолл-стрит,Криминал,Боевик (Экшен),Финансовые махинации,Современное кино (2000–2020),6.0
Элитный отряд,Криминал,Боевик (Экшен),Полицейский,Современное кино (2000–2020),7.9
Палач,Криминал,Драма,Тюремные драмы,Новинки (2020–2025),6.4
Горячая точка,Криминал,Мелодрама,Финансовые махинации,Классика (до 2000 года),6.9
Последний заказ,Криминал,Боевик (Экшен),Полицейский,Новинки (2020–2025),6.3
Добрый медбрат,Криминал,Детектив,Полицейский,Новинки (2020–2025),6.9
Враг государства №1: Легенда,Криминал,Биографический,Гангстерский,Современное кино (2000–2020),7.9
Дух времени,Криминал,Детектив,Финансовые махинации,Современное кино (2000–2020),7.3
Укол зонтиком,Криминал,Детектив,Финансовые махинации,Классика (до 2000 года),6.9
Красная площадь,Криминал,Детектив,Полицейский,Новинки (2020–2025),6.6
Волк,Криминал,Биографический,Финансовые махинации,Современное кино (2000–2020),7.9
Казино,Криминал,Драма,Гангстерский,Классика (до 2000 года),7.9
Стальная бабочка,Криминал,Детектив,Полицейский,Современное кино (2000–2020),6.7
Драйв,Криминал,Боевик (Экшен),Гангстерский,Современное кино (2000–2020),7.8
Презумпция виновности,Криминал,Детектив,Полицейский,Новинки (2020–2025),6.7
Заложники,Криминал,Боевик (Экшен),Гангстерский,Современное кино (2000–2020),6.5
Афера по-американски,Криминал,Комедия,Финансовые махинации,Современное кино (2000–2020),7.6
Бешеные,Криминал,Триллер,Гангстерский,Классика (до 2000 года),8.2
Черный снег,Криминал,Детектив,Полицейский,Новинки (2020–2025),6.7
Три девятки,Криминал,Боевик (Экшен),Полицейский,Современное кино (2000–2020),6.4
Яйцо Фаберже,Криминал,Боевик (Экшен),Гангстерский,Новинки (2020–2025),6.1
Ограбление казино,Криминал,Боевик (Экшен),Финансовые махинации,Современное кино (2000–2020),7.8
Пес-призрак: Путь самурая,Криминал,Боевик (Экшен),Гангстерский,Классика (до 2000 года),7.3
Беспредел,Криминал,Драма,Тюремные драмы,Классика (до 2000 года),7.6
По закону,Криминал,Детектив,Полицейский,Классика (до 2000 года),7.1
Фарго,Криминал,Комедия,Гангстерский,Классика (до 2000 года),8.2
Сицилианская защита,Криминал,Драма,Тюремные драмы,Новинки (2020–2025),6.3
Капкан для киллера,Криминал,Боевик (Экшен),Гангстерский,Новинки (2020–2025),6.3
Славные парни,Криминал,Драма,Гангстерский,Классика (до 2000 года),8.7
22 пули: Бессмертный,Криминал,Боевик (Экшен),Гангстерский,Современное кино (2000–2020),7.2
Петух,Криминал,Драма,Тюремные драмы,Современное кино (2000–2020),6.9
Банда Келли,Криминал,Биографический,Гангстерский,Современное кино (2000–2020),6.9
Легкие деньги,Криминал,Драма,Гангстерский,Современное кино (2000–2020),7.1
Убей или умри,Криминал,Боевик (Экшен),Гангстерский,Современное кино (2000–2020),5.6
Карнавал,Криминал,Боевик (Экшен),Полицейский,Новинки (2020–2025),6.7
Полицейская история 3: Суперполицейский,Криминал,Боевик (Экшен),Полицейский,Классика (до 2000 года),7.7
Признание убийцы,Криминал,Детектив,Полицейский,Современное кино (2000–2020),7.2
Городская полиция,Криминал,Боевик (Экшен),Полицейский,Современное кино (2000–2020),4.8
Вне поля зрения,Криминал,Мелодрама,Гангстерский,Классика (до 2000 года),7.4
Как украсть небоскреб,Криминал,Комедия,Финансовые махинации,Современное кино (2000–2020),6.2
Испытательный срок,Криминал,Драма,Тюремные драмы,Новинки (2020–2025),6.9
Законопослушный гражданин,Криминал,Триллер,Тюремные драмы,Современное кино (2000–2020),7.3
Полуночный экспресс,Криминал,Биографический,Тюремные драмы,Классика (до 2000 года),7.7
Сломанные побеги,Криминал,Драма,Тюремные драмы,Новинки (2020–2025),6.4
Люцифер,Криминал,Боевик (Экшен),Гангстерский,Современное кино (2000–2020),7.3
Брат якудзы,Криминал,Драма,Гангстерский,Современное кино (2000–2020),7.3
Порок на экспорт,Криминал,Детектив,Полицейский,Новинки (2020–2025),6.4
Дикая банда,Криминал,Боевик (Экшен),Гангстерский,Классика (до 2000 года),7.9
Подсадной,Криминал,Триллер,Полицейский,Новинки (2020–2025),6.7
Волк с Уолл-стрит,Криминал,Биографический,Финансовые махинации,Современное кино (2000–2020),7.9
Шантажист,Криминал,Триллер,Финансовые махинации,Новинки (2020–2025),6.1
Афера под прикрытием,Криминал,Комедия,Финансовые махинации,Современное кино (2000–2020),7.4
Бессонная ночь,Криминал,Боевик (Экшен),Полицейский,Современное кино (2000–2020),7.2
Рейдер,Криминал,Боевик (Экшен),Финансовые махинации,Классика (до 2000 года),6.3
Одним меньше,Криминал,Драма,Тюремные драмы,Новинки (2020–2025),6.7
Плутовство,Криминал,Комедия,Финансовые махинации,Классика (до 2000 года),8.2
Земля картелей,Криминал,Боевик (Экшен),Гангстерский,Современное кино (2000–2020),6.9
Русское,Криминал,Боевик (Экшен),Гангстерский,Новинки (2020–2025),6.2
Плачущий убийца,Криминал,Боевик (Экшен),Гангстерский,Классика (до 2000 года),6.8
Наркокурьер,Криминал,Боевик (Экшен),Гангстерский,Новинки (2020–2025),6.2
Суши girl,Криминал,Боевик (Экшен),Гангстерский,Современное кино (2000–2020),5.6
Ограбление,Криминал,Боевик (Экшен),Гангстерский,Современное кино (2000–2020),5.8
Неподсуден,Криминал,Детектив,Полицейский,Новинки (2020–2025),6.1
Посвященный,Криминал,Боевик (Экшен),Гангстерский,Современное кино (2000–2020),7.5
Паркер,Криминал,Боевик (Экшен),Гангстерский,Современное кино (2000–2020),6.6
Техники,Криминал,Боевик (Экшен),Финансовые махинации,Современное кино (2000–2020),6.2
Три часа на побег,Криминал,Боевик (Экшен),Тюремные драмы,Новинки (2020–2025),6.1
Антикиллер 2: Антитеррор,Криминал,Боевик (Экшен),Полицейский,Современное кино (2000–2020),4.7
Перекресток Миллера,Криминал,Драма,Гангстерский,Классика (до 2000 года),7.9
Настоящая Маккой,Криминал,Триллер,Гангстерский,Классика (до 2000 года),6.1
Кровавый четверг,Криминал,Боевик (Экшен),Гангстерский,Классика (до 2000 года),6.9
Чужие здесь не ходят,Криминал,Триллер,Гангстерский,Современное кино (2000–2020),8.2
Схватка,Криминал,Боевик (Экшен),Полицейский,Классика (до 2000 года),8.3
Каждому свое,Криминал,Детектив,Гангстерский,Классика (до 2000 года),7.4
Криминальное чтиво,Криминал,Комедия,Гангстерский,Классика (до 2000 года),8.3
Тренировочный день,Криминал,Триллер,Полицейский,Современное кино (2000–2020),7.9
Молодые копы,Криминал,Боевик (Экшен),Полицейский,Новинки (2020–2025),6.4
Зной,Криминал,Боевик (Экшен),Гангстерский,Новинки (2020–2025),6.7
Прирожденные убийцы,Криминал,Триллер,Другое,Классика (до 2000 года),7.4
Скорость: Автобус 657,Криминал,Боевик (Экшен),Финансовые махинации,Современное кино (2000–2020),5.6
Решение о ликвидации,Криминал,Триллер,Полицейский,Новинки (2020–2025),6.6
Эмпайр Стэйт,Криминал,Боевик (Экшен),Гангстерский,Современное кино (2000–2020),6.4
4.3.2.1,Криминал,Боевик (Экшен),Гангстерский,Современное кино (2000–2020),6.6
Конвоиры,Криминал,Драма,Тюремные драмы,Новинки (2020–2025),6.9
Благородный грабитель,Криминал,Комедия,Финансовые махинации,Классика (до 2000 года),6.7
Траффик,Криминал,Драма,Полицейский,Современное кино (2000–2020),7.7
Брат 2,Криминал,Боевик (Экшен),Гангстерский,Современное кино (2000–2020),8.3
13,Криминал,Триллер,Гангстерский,Современное кино (2000–2020),6.1
Король вне закона,Криминал,Драма,Гангстерский,Современное кино (2000–2020),7.4
Эскобар,Криминал,Биографический,Гангстерский,Современное кино (2000–2020),6.3
Максимальный срок,Криминал,Драма,Тюремные драмы,Современное кино (2000–2020),6.7
Несколько хороших парней,Криминал,Драма,Гангстерский,Классика (до 2000 года),8.8
Город принял,Криминал,Боевик (Экшен),Гангстерский,Современное кино (2000–2020),7.6
Полицейский из Беверли-Хиллз,Криминал,Боевик (Экшен),Полицейский,Классика (до 2000 года),7.5
Час расплаты,Криминал,Боевик (Экшен),Гангстерский,Классика (до 2000 года),7.4
Ограбление по-французски,Криминал,Детектив,Финансовые махинации,Классика (до 2000 года),7.5
Киллер Джо,Криминал,Драма,Гангстерский,Современное кино (2000–2020),6.9
Номер 44,Криминал,Детектив,Тюремные драмы,Новинки (2020–2025),6.8
Подбросы,Криминал,Драма,Полицейский,Современное кино (2000–2020),6.3
Грязный Гарри,Криминал,Боевик (Экшен),Полицейский,Классика (до 2000 года),7.8
На несколько долларов больше,Криминал,Боевик (Экшен),Гангстерский,Классика (до 2000 года),8.3
Счастливое число Слевина,Криминал,Детектив,Гангстерский,Современное кино (2000–2020),7.8
48 часов,Криминал,Боевик (Экшен),Полицейский,Классика (до 2000 года),7.3
Шальные деньги,Криминал,Комедия,Финансовые махинации,Классика (до 2000 года),6.7
Криминальный город,Криминал,Боевик (Экшен),Полицейский,Современное кино (2000–2020),7.4
Совершенный мир,Криминал,Драма,Полицейский,Классика (до 2000 года),7.9
Гангста Love,Криминал,Мелодрама,Гангстерский,Новинки (2020–2025),6.4
Кровь за кровь,Криминал,Боевик (Экшен),Гангстерский,Новинки (2020–2025),6.7
Оружейный барон,Криминал,Биографический,Финансовые махинации,Современное кино (2000–2020),7.7
Армия воров,Криминал,Комедия,Финансовые махинации,Новинки (2020–2025),6.3
Белый парень Рик,Криминал,Биографический,Гангстерский,Современное кино (2000–2020),6.9
Уик-энд,Криминал,Боевик (Экшен),Гангстерский,Современное кино (2000–2020),6.1
Майкл Клейтон,Криминал,Драма,Финансовые махинации,Современное кино (2000–2020),7.6
Группа 7,Криминал,Боевик (Экшен),Полицейский,Современное кино (2000–2020),6.8
Стрингер,Криминал,Боевик (Экшен),Гангстерский,Новинки (2020–2025),6.7
Город грехов,Криминал,Боевик (Экшен),Гангстерский,Современное кино (2000–2020),7.6
Бравые парни,Криминал,Драма,Гангстерский,Классика (до 2000 года),8.7
Ментовские войны — Эпилог,Криминал,Драма,Полицейский,Современное кино (2000–2020),7.5
Бонни и Клайд,Криминал,Биографический,Гангстерский,Классика (до 2000 года),7.6
Афера Томаса Крауна,Криминал,Детектив,Финансовые махинации,Классика (до 2000 года),7.4
Бруклинские полицейские,Криминал,Боевик (Экшен),Полицейский,Современное кино (2000–2020),6.9
Мажор в Сочи,Криминал,Боевик (Экшен),Полицейский,Новинки (2020–2025),7.4
Договор молчания,Криминал,Драма,Гангстерский,Новинки (2020–2025),6.7
Тюремный романс,Криминал,Мелодрама,Тюремные драмы,Новинки (2020–2025),7.2
Игры джентльменов,Криминал,Комедия,Гангстерский,Современное кино (2000–2020),7.6
Донни Браско,Криминал,Биографический,Полицейский,Классика (до 2000 года),7.8
Волки,Криминал,Боевик (Экшен),Гангстерский,Современное кино (2000–2020),6.4
Сицилийский клан,Криминал,Драма,Гангстерский,Классика (до 2000 года),7.5
Бешеные псы,Криминал,Триллер,Гангстерский,Классика (до 2000 года),7.9
Холодный расчет,Криминал,Боевик (Экшен),Финансовые махинации,Новинки (2020–2025),6.1
Ограбление по-джентльменски,Криминал,Комедия,Гангстерский,Современное кино (2000–2020),7.6
Крестный отец 3,Криминал,Драма,Гангстерский,Классика (до 2000 года),7.7
Почтальон всегда звонит дважды,Криминал,Драма,Другое,Классика (до 2000 года),7.5
История одного преступления,Криминал,Детектив,Полицейский,Новинки (2020–2025),6.5
Крестная мать,Криминал,Драма,Гангстерский,Новинки (2020–2025),6.7
Из жизни начальника уголовного розыска,Криминал,Детектив,Полицейский,Классика (до 2000 года),6.9
Соучастник,Криминал,Детектив,Полицейский,Новинки (2020–2025),6.5
Полицейский из Беверли-Хиллз 3,Криминал,Боевик (Экшен),Полицейский,Классика (до 2000 года),6.0
Катала,Криминал,Драма,Финансовые махинации,Новинки (2020–2025),7.3
Бум 2,Криминал,Боевик (Экшен),Гангстерский,Современное кино (2000–2020),7.0
Убрать Картера,Криминал,Триллер,Гангстерский,Классика (до 2000 года),7.3
Заводила,Криминал,Драма,Гангстерский,Новинки (2020–2025),6.7
Советник,Криминал,Триллер,Гангстерский,Современное кино (2000–2020),6.7
Город бога,Криминал,Драма,Гангстерский,Современное кино (2000–2020),8.6
Приступить к ликвидации,Криминал,Драма,Полицейский,Современное кино (2000–2020),8.4
Охотник с Уолл-стрит,Криминал,Биографический,Финансовые махинации,Современное кино (2000–2020),7.9
Пророк,Криминал,Драма,Тюремные драмы,Современное кино (2000–2020),7.9
Вдовы,Криминал,Триллер,Гангстерский,Современное кино (2000–2020),6.8
Возмещение ущерба,Криминал,Триллер,Тюремные драмы,Современное кино (2000–2020),6.9
Бумер. Фильм второй,Криминал,Боевик (Экшен),Гангстерский,Современное кино (2000–2020),6.9
Соловей-разбойник,Криминал,Боевик (Экшен),Гангстерский,Новинки (2020–2025),6.6
Виктория,Криминал,Боевик (Экшен),Гангстерский,Современное кино (2000–2020),7.3
Неограненные алмазы,Криминал,Триллер,Финансовые махинации,Современное кино (2000–2020),7.6
Особо тяжкие преступления,Криминал,Боевик (Экшен),Полицейский,Классика (до 2000 года),6.7
Город на границе,Криминал,Боевик (Экшен),Полицейский,Новинки (2020–2025),6.3
Крутой парень,Криминал,Драма,Тюремные драмы,Классика (до 2000 года),7.0
Решала. Нулевые,Криминал,Боевик (Экшен),Гангстерский,Новинки (2020–2025),7.4
Побег из Претории,Криминал,Биографический,Тюремные драмы,Новинки (2020–2025),6.9
Соучастники,Криминал,Биографический,Финансовые махинации,Классика (до 2000 года),6.5
21 мост,Криминал,Боевик (Экшен),Полицейский,Современное кино (2000–2020),6.6
Серпико,Криминал,Драма,Полицейский,Классика (до 2000 года),8.0
Самый жестокий год,Криминал,Драма,Финансовые махинации,Современное кино (2000–2020),7.2
Красный круг,Криминал,Триллер,Гангстерский,Классика (до 2000 года),7.9
Финансовый монстр,Криминал,Триллер,Финансовые махинации,Современное кино (2000–2020),6.5
По прозвищу «Чистильщик»,Криминал,Боевик (Экшен),Гангстерский,Новинки (2020–2025),6.1
Отчаянные аферистки,Криминал,Комедия,Финансовые махинации,Современное кино (2000–2020),7.1
Драйвер на ночь,Криминал,Боевик (Экшен),Гангстерский,Современное кино (2000–2020),7.7
Империя волков,Криминал,Детектив,Полицейский,Современное кино (2000–2020),6.8
БУМЕРанг,Криминал,Боевик (Экшен),Гангстерский,Современное кино (2000–2020),7.0
Очень плохие девчонки,Криминал,Комедия,Гангстерский,Современное кино (2000–2020),6.7
Брат,Криминал,Боевик (Экшен),Гангстерский,Классика (до 2000 года),7.8
Ограбление по-американски,Криминал,Боевик (Экшен),Гангстерский,Современное кино (2000–2020),4.9
Самый пьяный округ в мире,Криминал,Драма,Гангстерский,Современное кино (2000–2020),7.4
Всадник по имени Смерть,Криминал,Триллер,Гангстерский,Современное кино (2000–2020),6.9
