Экстрасенсы,Триллер,Детектив,Психологический,Современное кино (2000–2020),5.9
Соленый пес,Триллер,Драма,Психологический,Новинки (2020–2025),6.8
Ловушка,Триллер,Детектив,Психологический,Новинки (2020–2025),6.1
Двуличный любовник,Триллер,Мелодрама,Психологический,Современное кино (2000–2020),6.7
Четвертый пассажир,Триллер,Детектив,Психологический,Новинки (2020–2025),6.1
Преступления страсти: Смерть возлюбленной,Триллер,Мелодрама,Психологический,Классика (до 2000 года),6.4
Ищу попутчика,Триллер,Мелодрама,Психологический,Новинки (2020–2025),6.6
Пленница,Триллер,Детектив,Психологический,Современное кино (2000–2020),5.9
Темные тайны,Триллер,Детектив,Психологический,Современное кино (2000–2020),6.4
Инсомния,Триллер,Детектив,Психологический,Современное кино (2000–2020),7.5
И пришел паук,Триллер,Детектив,Психологический,Современное кино (2000–2020),6.6
Соседка по комнате,Триллер,Ужасы,Психологический,Современное кино (2000–2020),5.6
Дом грез,Триллер,Детектив,Психологический,Современное кино (2000–2020),5.8
Фантом,Триллер,Военный,Психологический,Современное кино (2000–2020),6.2
Химера,Триллер,Детектив,Психологический,Новинки (2020–2025),6.5
Разумное сомнение,Триллер,Детектив,Психологический,Современное кино (2000–2020),6.4
Стертая личность,Триллер,Детектив,Психологический,Современное кино (2000–2020),6.6
Детоксикация,Триллер,Детектив,Психологический,Новинки (2020–2025),6.3
Неистовый,Триллер,Боевик (Экшен),Психологический,Новинки (2020–2025),6.2
Престиж,Триллер,Детектив,Психологический,Современное кино (2000–2020),8.3
Переступить черту,Триллер,Криминал,Психологический,Новинки (2020–2025),6.5
Американец,Триллер,Криминал,Психологический,Современное кино (2000–2020),7.2
Парфюмер: история одного убийцы,Триллер,Криминал,Психологический,Современное кино (2000–2020),7.4
Снегоуборщик,Триллер,Детектив,Психологический,Новинки (2020–2025),6.7
Беги,Триллер,Детектив,Психологический,Новинки (2020–2025),6.8
Психометрия,Триллер,Детектив,Психологический,Современное кино (2000–2020),6.8
Открытые окна,Триллер,Детектив,Технотриллер,Современное кино (2000–2020),5.9
Ангелы и Демоны,Триллер,Детектив,Психологический,Современное кино (2000–2020),7.1
Экзамен,Триллер,Детектив,Психологический,Современное кино (2000–2020),6.8
Неизвестный,Триллер,Детектив,Психологический,Современное кино (2000–2020),6.9
Турист,Триллер,Детектив,Психологический,Современное кино (2000–2020),6.3
Тупик,Триллер,Детектив,Психологический,Новинки (2020–2025),6.1
Из ада,Триллер,Детектив,Психологический,Современное кино (2000–2020),6.8
Гадюка,Триллер,Криминал,Психологический,Новинки (2020–2025),6.3
Я видел Дьявола,Триллер,Криминал,Психологический,Современное кино (2000–2020),7.6
На грани,Триллер,Криминал,Психологический,Современное кино (2000–2020),6.6
Конверт,Триллер,Детектив,Психологический,Новинки (2020–2025),6.1
У твоего порога,Триллер,Детектив,Психологический,Новинки (2020–2025),6.4
Дикая река,Триллер,Приключения,Психологический,Классика (до 2000 года),7.1
Тревожное воскресенье,Триллер,Детектив,Психологический,Новинки (2020–2025),6.4
Тело,Триллер,Детектив,Психологический,Современное кино (2000–2020),7.3
Идентификация,Триллер,Детектив,Психологический,Современное кино (2000–2020),7.6
Умирающий свет,Триллер,Детектив,Психологический,Современное кино (2000–2020),5.4
Исчезнувший,Триллер,Детектив,Психологический,Современное кино (2000–2020),7.9
Не говори ни слова,Триллер,Детектив,Психологический,Современное кино (2000–2020),6.6
Нерв,Триллер,Детектив,Технотриллер,Современное кино (2000–2020),6.5
Кими,Триллер,Детектив,Технотриллер,Новинки (2020–2025),6.6
Во время грозы,Триллер,Фантастика,Научно-фантастический,Современное кино (2000–2020),7.6
Похороненные заживо,Триллер,Детектив,Психологический,Современное кино (2000–2020),7.2
Секретные материалы 2: Хочу верить,Триллер,Детектив,Психологический,Современное кино (2000–2020),6.7
Абсолютная власть,Триллер,Криминал,Психологический,Классика (до 2000 года),7.2
Ребекка,Триллер,Детектив,Психологический,Классика (до 2000 года),7.8
Унижение,Триллер,Драма,Психологический,Новинки (2020–2025),6.3
Месть,Триллер,Боевик (Экшен),Психологический,Современное кино (2000–2020),6.6
Мертвый сезон,Триллер,Детектив,Психологический,Классика (до 2000 года),7.8
Идеальная западня,Триллер,Детектив,Психологический,Новинки (2020–2025),6.1
Девушка в тумане,Триллер,Детектив,Психологический,Современное кино (2000–2020),6.9
Олдбой,Триллер,Детектив,Психологический,Современное кино (2000–2020),8.4
Ночной рейс,Триллер,Боевик (Экшен),Психологический,Современное кино (2000–2020),6.8
Охотники за разумом,Триллер,Детектив,Психологический,Современное кино (2000–2020),5.9
Немыслимое,Триллер,Криминал,Психологический,Современное кино (2000–2020),6.9
Ушедшие,Триллер,Детектив,Психологический,Современное кино (2000–2020),5.9
15 минут славы,Триллер,Детектив,Психологический,Современное кино (2000–2020),6.7
Ничего хорошего в отеле «Эль Рояль»,Триллер,Детектив,Психологический,Современное кино (2000–2020),7.1
Марионетка,Триллер,Детектив,Психологический,Новинки (2020–2025),6.3
На линии огня,Триллер,Детектив,Психологический,Классика (до 2000 года),7.9
Соломенные псы,Триллер,Драма,Психологический,Классика (до 2000 года),6.9
Фотоувеличение,Триллер,Детектив,Психологический,Классика (до 2000 года),7.7
Поцелуй мамочку на ночь,Триллер,Детектив,Психологический,Классика (до 2000 года),5.3
Девять в списке мертвых,Триллер,Детектив,Психологический,Современное кино (2000–2020),6.3
Тревожный вызов,Триллер,Детектив,Психологический,Современное кино (2000–2020),6.7
Красные огни,Триллер,Детектив,Психологический,Современное кино (2000–2020),6.4
Идеальное убийство,Триллер,Детектив,Психологический,Классика (до 2000 года),7.1
Видимость гнева,Триллер,Боевик (Экшен),Психологический,Новинки (2020–2025),6.4
Целуя девушек,Триллер,Детектив,Психологический,Классика (до 2000 года),7.1
Одесса,Триллер,Детектив,Психологический,Классика (до 2000 года),7.4
Девушка в поезде,Триллер,Детектив,Психологический,Современное кино (2000–2020),6.4
Позвони в мою дверь,Триллер,Ужасы,Психологический,Новинки (2020–2025),5.9
Дневной поезд,Триллер,Детектив,Психологический,Классика (до 2000 года),7.4
Ганнибал: Восхождение,Триллер,Криминал,Психологический,Современное кино (2000–2020),6.8
Мыс страха,Триллер,Криминал,Психологический,Классика (до 2000 года),7.8
Слепой,Триллер,Детектив,Психологический,Современное кино (2000–2020),7.2
Ложный огонь,Триллер,Детектив,Психологический,Новинки (2020–2025),6.1
Клетка,Триллер,Боевик (Экшен),Психологический,Новинки (2020–2025),6.2
Ключ Саламандры,Триллер,Детектив,Психологический,Новинки (2020–2025),6.7
Лондонские поля,Триллер,Детектив,Психологический,Современное кино (2000–2020),4.6
Сомния,Триллер,Детектив,Психологический,Современное кино (2000–2020),7.6
Список контактов,Триллер,Детектив,Психологический,Новинки (2020–2025),6.1
34-й скорый,Триллер,Детектив,Психологический,Новинки (2020–2025),6.6
Цепная реакция,Триллер,Фантастика,Технотриллер,Классика (до 2000 года),6.6
Сеть,Триллер,Детектив,Технотриллер,Современное кино (2000–2020),6.7
Каньоны,Триллер,Криминал,Психологический,Современное кино (2000–2020),3.9
Правдивая история,Триллер,Детектив,Психологический,Современное кино (2000–2020),6.4
Пропавшая,Триллер,Детектив,Психологический,Современное кино (2000–2020),7.9
Туннель: Опасно для жизни,Триллер,Приключения,Психологический,Современное кино (2000–2020),7.3
Без лица,Триллер,Детектив,Психологический,Новинки (2020–2025),6.6
Черепа,Триллер,Детектив,Психологический,Современное кино (2000–2020),6.6
Первобытный страх,Триллер,Детектив,Психологический,Классика (до 2000 года),7.7
Дурная слава,Триллер,Детектив,Психологический,Классика (до 2000 года),8.1
Поклонница,Триллер,Криминал,Психологический,Новинки (2020–2025),6.0
Под подозрением,Триллер,Детектив,Психологический,Современное кино (2000–2020),6.9
Фото на недобрую память,Триллер,Детектив,Психологический,Новинки (2020–2025),6.3
Обратная связь,Триллер,Детектив,Психологический,Новинки (2020–2025),6.3
Жилец,Триллер,Ужасы,Психологический,Классика (до 2000 года),7.3
Бессонница,Триллер,Детектив,Психологический,Современное кино (2000–2020),7.6
Опасная игра Слоун,Триллер,Драма,Психологический,Современное кино (2000–2020),7.5
Метро,Триллер,Боевик (Экшен),Психологический,Современное кино (2000–2020),6.5
Преследователь Тоби Джагга,Триллер,Военный,Психологический,Современное кино (2000–2020),6.1
Старшая сестра,Триллер,Детектив,Психологический,Новинки (2020–2025),6.3
Смертельные иллюзии,Триллер,Мелодрама,Психологический,Новинки (2020–2025),3.7
Эта женщина в окне,Триллер,Детектив,Психологический,Новинки (2020–2025),5.7
Отель Мумбаи: Противостояние,Триллер,Боевик (Экшен),Психологический,Современное кино (2000–2020),7.1
Ночной беглец,Триллер,Детектив,Психологический,Классика (до 2000 года),6.3
Иллюзия обмана,Триллер,Детектив,Психологический,Современное кино (2000–2020),7.4
Дикая штучка,Триллер,Детектив,Психологический,Классика (до 2000 года),7.1
Красный штат,Триллер,Криминал,Психологический,Современное кино (2000–2020),6.5
Страх высоты,Триллер,Детектив,Психологический,Классика (до 2000 года),8.3
Марни,Триллер,Детектив,Психологический,Классика (до 2000 года),7.1
Брешь,Триллер,Детектив,Психологический,Новинки (2020–2025),6.8
Последний уик-энд,Триллер,Детектив,Психологический,Новинки (2020–2025),6.1
Гинденбург,Триллер,Детектив,Психологический,Классика (до 2000 года),6.2
Охранник,Триллер,Детектив,Психологический,Новинки (2020–2025),6.4
Пленницы,Триллер,Детектив,Психологический,Современное кино (2000–2020),8.2
Ядовитый плющ,Триллер,Драма,Психологический,Классика (до 2000 года),6.7
Поиск,Триллер,Детектив,Психологический,Современное кино (2000–2020),7.6
Жизнь Дэвида Гейла,Триллер,Детектив,Психологический,Современное кино (2000–2020),7.6
Что скрывает ложь,Триллер,Ужасы,Психологический,Современное кино (2000–2020),6.8
Мадам Парфюмер,Триллер,Детектив,Психологический,Современное кино (2000–2020),7.3
Перелом,Триллер,Детектив,Психологический,Современное кино (2000–2020),7.8
Эксперимент: Зло,Триллер,Драма,Психологический,Современное кино (2000–2020),6.4
Охотник за разумом. Схватка,Триллер,Детектив,Психологический,Новинки (2020–2025),6.1
Зодиак,Триллер,Детектив,Психологический,Современное кино (2000–2020),7.9
Прежде чем я усну,Триллер,Детектив,Психологический,Современное кино (2000–2020),6.4
Паук,Триллер,Драма,Психологический,Современное кино (2000–2020),6.8
Роковое искушение,Триллер,Мелодрама,Психологический,Классика (до 2000 года),7.6
Берлинский синдром,Триллер,Драма,Психологический,Современное кино (2000–2020),6.7
Разговор,Триллер,Детектив,Психологический,Классика (до 2000 года),7.9
Американский психопат,Триллер,Криминал,Психологический,Современное кино (2000–2020),7.5
Выкуп,Триллер,Детектив,Психологический,Классика (до 2000 года),7.4
Заложник,Триллер,Криминал,Психологический,Современное кино (2000–2020),6.6
Пакт,Триллер,Детектив,Психологический,Новинки (2020–2025),7.1
Предел контроля,Триллер,Детектив,Психологический,Современное кино (2000–2020),6.7
Двойной час,Триллер,Детектив,Психологический,Современное кино (2000–2020),7.0
Бельканто,Триллер,Драма,Психологический,Современное кино (2000–2020),6.3
Черная бабочка,Триллер,Детектив,Психологический,Современное кино (2000–2020),6.4
Леденец,Триллер,Детектив,Психологический,Новинки (2020–2025),6.8
Смертельное влечение,Триллер,Драма,Психологический,Классика (до 2000 года),7.4
13 грехов,Триллер,Ужасы,Психологический,Современное кино (2000–2020),6.2
11:14,Триллер,Детектив,Психологический,Современное кино (2000–2020),7.1
Холодное торжество,Триллер,Детектив,Психологический,Современное кино (2000–2020),6.3
Глубина,Триллер,Драма,Психологический,Новинки (2020–2025),6.5
Служанка,Триллер,Детектив,Психологический,Современное кино (2000–2020),7.9
Какая чудная игра,Триллер,Детектив,Психологический,Новинки (2020–2025),7.3
Воспоминания убийцы,Триллер,Криминал,Психологический,Современное кино (2000–2020),6.9
Не говори никому,Триллер,Детектив,Психологический,Современное кино (2000–2020),7.9
Без видимых причин,Триллер,Детектив,Психологический,Новинки (2020–2025),6.3
Игра по чужим правилам,Триллер,Детектив,Психологический,Классика (до 2000 года),7.7
Открытая могила,Триллер,Ужасы,Психологический,Современное кино (2000–2020),6.3
Снеговик,Триллер,Детектив,Психологический,Современное кино (2000–2020),5.1
Малхолланд Драйв,Триллер,Детектив,Психологический,Современное кино (2000–2020),7.6
Неизвестная,Триллер,Детектив,Психологический,Современное кино (2000–2020),7.2
Хороший лжец,Триллер,Детектив,Психологический,Современное кино (2000–2020),6.7
Мебиус,Триллер,Криминал,Технотриллер,Современное кино (2000–2020),6.3
Три секунды,Триллер,Криминал,Психологический,Современное кино (2000–2020),7.4
Ловушка разума,Триллер,Детектив,Психологический,Новинки (2020–2025),6.1
Основной инстинкт 2: Жажда риска,Триллер,Детектив,Психологический,Современное кино (2000–2020),2.3
"Кожа, в которой я живу",Триллер,Ужасы,Психологический,Современное кино (2000–2020),7.3
Ошибка Тони Вендиса,Триллер,Детектив,Психологический,Классика (до 2000 года),7.9
Хлоя,Триллер,Мелодрама,Психологический,Современное кино (2000–2020),6.9
Время падения,Триллер,Драма,Психологический,Классика (до 2000 года),7.7
Синий бархат,Триллер,Детектив,Психологический,Классика (до 2000 года),7.6
Ганнибал,Триллер,Ужасы,Психологический,Современное кино (2000–2020),6.8
Клиент,Триллер,Детектив,Психологический,Классика (до 2000 года),7.6
Враг,Триллер,Детектив,Психологический,Современное кино (2000–2020),7.1
С меня хватит!,Триллер,Боевик (Экшен),Психологический,Современное кино (2000–2020),6.0
Тайное влечение,Триллер,Детектив,Психологический,Современное кино (2000–2020),5.5
Пассажир,Триллер,Детектив,Психологический,Новинки (2020–2025),6.7
Смерть среди айсбергов,Триллер,Детектив,Психологический,Новинки (2020–2025),6.8
Жена астронавта,Триллер,Фантастика,Научно-фантастический,Классика (до 2000 года),6.1
Из пекла,Триллер,Детектив,Психологический,Современное кино (2000–2020),6.9
Красный воробей,Триллер,Детектив,Психологический,Современное кино (2000–2020),6.6
Мизери,Триллер,Ужасы,Психологический,Классика (до 2000 года),8.4
Приговор,Триллер,Детектив,Психологический,Новинки (2020–2025),6.9
Вожделение,Триллер,Мелодрама,Психологический,Современное кино (2000–2020),7.3
Преследователь,Триллер,Боевик (Экшен),Психологический,Новинки (2020–2025),6.4
Игра Ганнибала,Триллер,Детектив,Психологический,Современное кино (2000–2020),6.8
Без чувств,Триллер,Детектив,Психологический,Новинки (2020–2025),6.4
Девятые врата,Триллер,Детектив,Психологический,Классика (до 2000 года),6.6
Неуловимый Прем,Триллер,Детектив,Психологический,Современное кино (2000–2020),7.4
На глубине 6 футов,Триллер,Детектив,Психологический,Современное кино (2000–2020),7.1
Подарок,Триллер,Детектив,Психологический,Современное кино (2000–2020),7.2
На другом конце провода,Триллер,Детектив,Технотриллер,Современное кино (2000–2020),6.3
Без жалости,Триллер,Криминал,Психологический,Классика (до 2000 года),6.2
Имитатор,Триллер,Детектив,Психологический,Новинки (2020–2025),6.3
Забавные игры,Триллер,Ужасы,Психологический,Классика (до 2000 года),7.6
Парфюмер: История одного убийцы,Триллер,Криминал,Психологический,Современное кино (2000–2020),7.3
Код доступа «София»,Триллер,Детектив,Технотриллер,Новинки (2020–2025),6.1
Женщина в окне,Триллер,Детектив,Психологический,Новинки (2020–2025),5.8
Полуночная жара,Триллер,Мелодрама,Психологический,Новинки (2020–2025),6.2
Лофт,Триллер,Детектив,Психологический,Современное кино (2000–2020),5.9
Эхо,Триллер,Детектив,Психологический,Современное кино (2000–2020),5.3
Столик номер 21,Триллер,Криминал,Психологический,Современное кино (2000–2020),6.7
Мой убийца,Триллер,Детектив,Психологический,Новинки (2020–2025),6.2
Туристас,Триллер,Детектив,Психологический,Современное кино (2000–2020),6.3
Цель номер один,Триллер,Военный,Психологический,Современное кино (2000–2020),7.6
Женская собственность,Триллер,Криминал,Психологический,Новинки (2020–2025),4.6
Кто я?,Триллер,Детектив,Технотриллер,Современное кино (2000–2020),7.5
Глаза змеи,Триллер,Детектив,Психологический,Классика (до 2000 года),6.7
Забытое,Триллер,Детектив,Психологический,Современное кино (2000–2020),7.4
Идеальный пациент,Триллер,Криминал,Психологический,Новинки (2020–2025),5.9
Пока ее не было,Триллер,Детектив,Психологический,Современное кино (2000–2020),7.9
Инферно,Триллер,Детектив,Психологический,Современное кино (2000–2020),6.3
Аллея кошмаров,Триллер,Детектив,Психологический,Новинки (2020–2025),7.1
Транс,Триллер,Детектив,Психологический,Современное кино (2000–2020),6.9
Триллер,Триллер,Детектив,Психологический,Современное кино (2000–2020),6.7
М убийца,Триллер,Детектив,Психологический,Классика (до 2000 года),8.1
Тетрадь смерти 2,Триллер,Детектив,Психологический,Современное кино (2000–2020),7.4
Исчезновение,Триллер,Детектив,Психологический,Новинки (2020–2025),6.3
Тайное окно,Триллер,Детектив,Психологический,Современное кино (2000–2020),6.8
Виновный,Триллер,Детектив,Психологический,Современное кино (2000–2020),7.5
Падший,Триллер,Детектив,Психологический,Классика (до 2000 года),6.9
Газовый свет,Триллер,Детектив,Психологический,Классика (до 2000 года),7.9
Цвет ночи,Триллер,Детектив,Психологический,Классика (до 2000 года),6.4
Русская игра,Триллер,Криминал,Психологический,Новинки (2020–2025),6.2
Смерть в сети,Триллер,Детектив,Технотриллер,Современное кино (2000–2020),5.9
Тихий омут,Триллер,Детектив,Психологический,Новинки (2020–2025),6.3
Спарта,Триллер,Боевик (Экшен),Психологический,Новинки (2020–2025),6.3
Замкнутый круг,Триллер,Детектив,Психологический,Современное кино (2000–2020),5.4
Опасная иллюзия,Триллер,Детектив,Психологический,Классика (до 2000 года),5.4
Близнец,Триллер,Детектив,Психологический,Новинки (2020–2025),6.8
Пробуждающая совесть,Триллер,Детектив,Психологический,Новинки (2020–2025),6.4
Останься,Триллер,Детектив,Психологический,Современное кино (2000–2020),6.8
Теория заговора,Триллер,Детектив,Психологический,Классика (до 2000 года),7.3
Черный ящик,Триллер,Детектив,Психологический,Новинки (2020–2025),6.8
Вакольда,Триллер,Исторический,Психологический,Современное кино (2000–2020),6.9
В постели с врагом,Триллер,Драма,Психологический,Классика (до 2000 года),6.9
Часовщик,Триллер,Детектив,Психологический,Новинки (2020–2025),6.3
Незнакомка,Триллер,Детектив,Психологический,Новинки (2020–2025),6.4
Скрытая угроза,Триллер,Боевик (Экшен),Технотриллер,Классика (до 2000 года),7.6
Ночной продавец,Триллер,Криминал,Психологический,Современное кино (2000–2020),7.9
След зверя,Триллер,Детектив,Психологический,Новинки (2020–2025),6.3
Погружение,Триллер,Драма,Психологический,Новинки (2020–2025),6.4
Господин Иллюминатор,Триллер,Детектив,Психологический,Современное кино (2000–2020),8.3
Омерзительная восьмерка,Триллер,Криминал,Психологический,Современное кино (2000–2020),7.4
Презумпция невиновности,Триллер,Детектив,Психологический,Классика (до 2000 года),7.4
"Я, Алекс Кросс",Триллер,Детектив,Психологический,Современное кино (2000–2020),5.9
Парковка,Триллер,Криминал,Психологический,Новинки (2020–2025),6.7
Красный Дракон,Триллер,Детектив,Психологический,Современное кино (2000–2020),7.4
Под покровом ночи,Триллер,Драма,Психологический,Современное кино (2000–2020),7.7
Тревожная кнопка,Триллер,Детектив,Психологический,Новинки (2020–2025),6.4
Основной инстинкт,Триллер,Детектив,Психологический,Классика (до 2000 года),7.6
Комната страха,Триллер,Криминал,Психологический,Современное кино (2000–2020),7.3
Обман,Триллер,Криминал,Психологический,Современное кино (2000–2020),6.1
Чужая страна,Триллер,Детектив,Психологический,Новинки (2020–2025),6.2
Том на ферме,Триллер,Драма,Психологический,Современное кино (2000–2020),6.9
Жар тела,Триллер,Детектив,Психологический,Классика (до 2000 года),7.7
Темные времена,Триллер,Детектив,Психологический,Новинки (2020–2025),6.4
Побочный эффект,Триллер,Детектив,Психологический,Современное кино (2000–2020),7.1
Добрый сынок,Триллер,Детектив,Психологический,Новинки (2020–2025),6.3
Исчезнувшая,Триллер,Детектив,Психологический,Современное кино (2000–2020),7.9
Стекло,Триллер,Фантастика,Психологический,Современное кино (2000–2020),6.6
Золотая перчатка,Триллер,Криминал,Психологический,Современное кино (2000–2020),6.5
Исчезновение Элис Крид,Триллер,Криминал,Психологический,Современное кино (2000–2020),6.8
Завещание доктора Мабузе,Триллер,Детектив,Психологический,Классика (до 2000 года),7.8
Пи,Триллер,Детектив,Психологический,Классика (до 2000 года),7.4
Без тормозов,Триллер,Боевик (Экшен),Психологический,Новинки (2020–2025),6.4
Идеальный побег,Триллер,Детектив,Психологический,Современное кино (2000–2020),6.7
В прямом эфире,Триллер,Драма,Психологический,Современное кино (2000–2020),5.9
Код Да Винчи,Триллер,Детектив,Психологический,Современное кино (2000–2020),7.1
Пылающее море,Триллер,Боевик (Экшен),Технотриллер,Новинки (2020–2025),6.4
Заблудившийся,Триллер,Детектив,Психологический,Новинки (2020–2025),7.3
Адвокат дьявола,Триллер,Фантастика,Психологический,Классика (до 2000 года),7.2
Эффект бабочки 3,Триллер,Детектив,Психологический,Современное кино (2000–2020),5.9
Козерог один,Триллер,Фантастика,Научно-фантастический,Классика (до 2000 года),7.5
Девятая,Триллер,Детектив,Психологический,Современное кино (2000–2020),6.5
Дама в очках и с ружьем в автомобиле,Триллер,Детектив,Психологический,Классика (до 2000 года),6.7
Третий акт,Триллер,Детектив,Психологический,Новинки (2020–2025),6.2
Королевская битва,Триллер,Боевик (Экшен),Психологический,Современное кино (2000–2020),7.8
Шепот,Триллер,Детектив,Психологический,Современное кино (2000–2020),5.5
Три дня Кондора,Триллер,Детектив,Психологический,Классика (до 2000 года),7.7
Помутнение,Триллер,Детектив,Психологический,Новинки (2020–2025),6.7
Машинист,Триллер,Детектив,Психологический,Современное кино (2000–2020),7.6
Мститель,Триллер,Криминал,Психологический,Современное кино (2000–2020),5.7
Перевал Дятлова,Триллер,Детектив,Психологический,Современное кино (2000–2020),4.8
Маньчжурский кандидат,Триллер,Детектив,Психологический,Классика (до 2000 года),7.9
Переводчик,Триллер,Детектив,Психологический,Современное кино (2000–2020),6.9
В следующий раз я буду стрелять в сердце,Триллер,Детектив,Психологический,Современное кино (2000–2020),6.4
Седьмой,Триллер,Детектив,Психологический,Классика (до 2000 года),8.4
Семь,Триллер,Детектив,Психологический,Классика (до 2000 года),8.6
Западня,Триллер,Детектив,Психологический,Новинки (2020–2025),5.9
Гостья,Триллер,Боевик (Экшен),Психологический,Современное кино (2000–2020),6.8
Город Зеро,Триллер,Детектив,Психологический,Современное кино (2000–2020),6.6
Тень сомнения,Триллер,Детектив,Психологический,Классика (до 2000 года),7.9
Телефонная будка,Триллер,Детектив,Психологический,Современное кино (2000–2020),7.5
Исчезнувшая в звездах,Триллер,Детектив,Психологический,Новинки (2020–2025),7.3
Переводчица,Триллер,Детектив,Психологический,Современное кино (2000–2020),6.9
Стена,Триллер,Военный,Психологический,Современное кино (2000–2020),6.3
Иллюзия убийства,Триллер,Детектив,Психологический,Современное кино (2000–2020),7.6
Страх,Триллер,Драма,Психологический,Классика (до 2000 года),6.8
Фанатик,Триллер,Ужасы,Психологический,Современное кино (2000–2020),3.9
Патология,Триллер,Ужасы,Психологический,Современное кино (2000–2020),6.5
Отсчет убийств,Триллер,Детектив,Психологический,Новинки (2020–2025),6.1
Одиннадцатый час,Триллер,Детектив,Психологический,Новинки (2020–2025),6.4
Беглец,Триллер,Детектив,Психологический,Классика (до 2000 года),7.8
Черный лебедь,Триллер,Драма,Психологический,Современное кино (2000–2020),7.9
Забирая жизни,Триллер,Детектив,Психологический,Современное кино (2000–2020),6.7
Круто сваренные,Триллер,Драма,Психологический,Новинки (2020–2025),7.4
Багровые реки,Триллер,Детектив,Психологический,Современное кино (2000–2020),7.4
Теория убийств,Триллер,Детектив,Психологический,Новинки (2020–2025),6.7
Дыши ради нас,Триллер,Драма,Психологический,Новинки (2020–2025),6.4
Самка,Триллер,Драма,Психологический,Новинки (2020–2025),6.4
Холод в июле,Триллер,Детектив,Психологический,Современное кино (2000–2020),6.8
Транссибирский экспресс,Триллер,Криминал,Психологический,Современное кино (2000–2020),6.9
Горькая луна,Триллер,Мелодрама,Психологический,Классика (до 2000 года),6.9
Невидимый гость,Триллер,Детектив,Психологический,Современное кино (2000–2020),8.0
Мольба,Триллер,Драма,Психологический,Новинки (2020–2025),6.3
Ты будешь моей,Триллер,Драма,Психологический,Новинки (2020–2025),6.4
Колония Дигнидад,Триллер,Исторический,Психологический,Современное кино (2000–2020),6.8
За тобой,Триллер,Детектив,Психологический,Классика (до 2000 года),7.3
Белая мгла,Триллер,Детектив,Психологический,Современное кино (2000–2020),6.2
Переводчики,Триллер,Детектив,Психологический,Современное кино (2000–2020),6.6
Дьявол в деталях,Триллер,Детектив,Психологический,Новинки (2020–2025),6.1
Проводник,Триллер,Детектив,Психологический,Новинки (2020–2025),6.4
Журналист,Триллер,Детектив,Психологический,Новинки (2020–2025),6.2
Личный интерес,Триллер,Детектив,Психологический,Современное кино (2000–2020),5.9
Триггер,Триллер,Детектив,Психологический,Новинки (2020–2025),6.4
Экстрасенс 2: Лабиринты разума,Триллер,Детектив,Психологический,Новинки (2020–2025),6.5
Эксперимент,Триллер,Драма,Психологический,Современное кино (2000–2020),7.9
Свет в конце тоннеля,Триллер,Криминал,Психологический,Современное кино (2000–2020),6.8
Поклонник,Триллер,Детектив,Психологический,Современное кино (2000–2020),6.1
Тетрадь смерти,Триллер,Детектив,Психологический,Современное кино (2000–2020),7.5
Не оглядывайся,Триллер,Ужасы,Психологический,Классика (до 2000 года),7.3
Мертвый омут,Триллер,Детектив,Психологический,Новинки (2020–2025),6.7
Подозреваемый,Триллер,Детектив,Психологический,Новинки (2020–2025),6.7
Остров проклятых,Триллер,Детектив,Психологический,Современное кино (2000–2020),8.2
Окончательный анализ,Триллер,Мелодрама,Психологический,Классика (до 2000 года),6.7
На расстоянии удара,Триллер,Детектив,Психологический,Классика (до 2000 года),6.5
Все ради нее,Триллер,Криминал,Психологический,Новинки (2020–2025),6.5
Рекрут,Триллер,Боевик (Экшен),Психологический,Современное кино (2000–2020),6.8
Мистериум: Эффект Марко,Триллер,Детектив,Психологический,Новинки (2020–2025),5.9
Кто есть кто?,Триллер,Фантастика,Технотриллер,Современное кино (2000–2020),7.6
Настройщик,Триллер,Детектив,Психологический,Новинки (2020–2025),6.4
Черная орхидея,Триллер,Детектив,Психологический,Современное кино (2000–2020),6.6
Двойной просчет,Триллер,Детектив,Психологический,Новинки (2020–2025),6.3
Дар,Триллер,Детектив,Психологический,Современное кино (2000–2020),7.2
Куратор,Триллер,Криминал,Психологический,Новинки (2020–2025),6.6
Психо,Триллер,Детектив,Психологический,Классика (до 2000 года),8.2
Тебя никогда здесь не было,Триллер,Криминал,Психологический,Современное кино (2000–2020),7.4
Девушка с татуировкой дракона,Триллер,Детектив,Психологический,Современное кино (2000–2020),8.1
Паранойя,Триллер,Криминал,Психологический,Современное кино (2000–2020),5.9
Запрос в друзья,Триллер,Детектив,Психологический,Современное кино (2000–2020),5.9
Тридцатого уничтожить!,Триллер,Криминал,Психологический,Новинки (2020–2025),6.9
Преследование,Триллер,Драма,Психологический,Новинки (2020–2025),6.2
"Рука, качающая колыбель",Триллер,Драма,Психологический,Классика (до 2000 года),7.3
Шестое чувство,Триллер,Детектив,Психологический,Классика (до 2000 года),8.2
Тревожный вылет,Триллер,Детектив,Психологический,Современное кино (2000–2020),6.3
Мудрость крокодилов,Триллер,Фантастика,Психологический,Классика (до 2000 года),6.6
Многоэтажка,Триллер,Ужасы,Психологический,Новинки (2020–2025),6.1
Необратимость,Триллер,Драма,Психологический,Современное кино (2000–2020),7.0
Двойная игра,Триллер,Криминал,Психологический,Современное кино (2000–2020),6.6
Бедная LIZ,Триллер,Криминал,Психологический,Современное кино (2000–2020),6.5
Дело о пеликанах,Триллер,Детектив,Психологический,Классика (до 2000 года),7.3
Фото за час,Триллер,Детектив,Психологический,Современное кино (2000–2020),7.3
Один вдох,Триллер,Драма,Психологический,Новинки (2020–2025),6.7
Ночная фиалка,Триллер,Детектив,Психологический,Новинки (2020–2025),6.7
Экспат,Триллер,Криминал,Психологический,Новинки (2020–2025),6.6
Под Сильвер-Лэйк,Триллер,Детектив,Психологический,Современное кино (2000–2020),6.6
Ночь одинокого филина,Триллер,Детектив,Психологический,Классика (до 2000 года),7.9
В объятиях лжи,Триллер,Драма,Психологический,Новинки (2020–2025),6.1
Майкл,Триллер,Драма,Психологический,Современное кино (2000–2020),6.9
Пеликан,Триллер,Детектив,Психологический,Классика (до 2000 года),7.4
Нарушая запреты,Триллер,Криминал,Психологический,Новинки (2020–2025),5.7
Перехват,Триллер,Боевик (Экшен),Психологический,Новинки (2020–2025),7.1
Пилигрим,Триллер,Детектив,Психологический,Современное кино (2000–2020),6.0
Сплит,Триллер,Ужасы,Психологический,Современное кино (2000–2020),7.3
8 миллиметров,Триллер,Детектив,Психологический,Классика (до 2000 года),6.6
Интуиция,Триллер,Детектив,Психологический,Новинки (2020–2025),6.4
88 минут,Триллер,Детектив,Психологический,Современное кино (2000–2020),5.9
Молчание ягнят,Триллер,Детектив,Психологический,Классика (до 2000 года),8.7
Наблюдатель,Триллер,Ужасы,Психологический,Новинки (2020–2025),6.3
Помнить,Триллер,Детектив,Психологический,Современное кино (2000–2020),8.0
Двойник,Триллер,Детектив,Психологический,Современное кино (2000–2020),6.7
Головокружение,Триллер,Детектив,Психологический,Классика (до 2000 года),8.3
Елена в ящике,Триллер,Детектив,Психологический,Новинки (2020–2025),6.3
Дорога на Арлингтон,Триллер,Детектив,Психологический,Классика (до 2000 года),7.4
Двойной капкан,Триллер,Детектив,Психологический,Классика (до 2000 года),6.9
Погребенный заживо,Триллер,Детектив,Психологический,Современное кино (2000–2020),7.3
Шестой,Триллер,Ужасы,Психологический,Классика (до 2000 года),8.2
Иллюзия контроля,Триллер,Детектив,Психологический,Новинки (2020–2025),6.2
Талантливый мистер Рипли,Триллер,Детектив,Психологический,Классика (до 2000 года),7.7
Попутчик,Триллер,Криминал,Психологический,Новинки (2020–2025),6.4
Шоссе в никуда,Триллер,Детектив,Психологический,Классика (до 2000 года),7.1
Паутина лжи,Триллер,Детектив,Технотриллер,Новинки (2020–2025),6.6
Прошлой ночью в Сохо,Триллер,Ужасы,Психологический,Новинки (2020–2025),6.9
Чат,Триллер,Детектив,Психологический,Новинки (2020–2025),6.8
Роковое влечение,Триллер,Мелодрама,Психологический,Классика (до 2000 года),7.6
Багровые реки 2: Ангелы апокалипсиса,Триллер,Детектив,Постапокалиптический,Современное кино (2000–2020),6.4
Твин Пикс: Сквозь огонь,Триллер,Детектив,Психологический,Классика (до 2000 года),7.3
Выхода нет,Триллер,Детектив,Психологический,Новинки (2020–2025),6.3
Дуэль,Триллер,Боевик (Экшен),Психологический,Классика (до 2000 года),7.4
Маскарад,Триллер,Детектив,Психологический,Современное кино (2000–2020),6.7
Вакансия на жертву,Триллер,Ужасы,Психологический,Новинки (2020–2025),5.9
Помни,Триллер,Детектив,Психологический,Современное кино (2000–2020),8.2
Хранилище,Триллер,Криминал,Технотриллер,Новинки (2020–2025),6.4
Мюнхен: Возмездие,Триллер,Исторический,Психологический,Современное кино (2000–2020),7.6
Роковое число 23,Триллер,Детектив,Психологический,Современное кино (2000–2020),6.4
Убийство священного оленя,Триллер,Ужасы,Психологический,Современное кино (2000–2020),7.3
Сердце Ангела,Триллер,Детектив,Психологический,Классика (до 2000 года),7.3
Мерзлая земля,Триллер,Детектив,Психологический,Современное кино (2000–2020),7.6
Авария,Триллер,Криминал,Психологический,Новинки (2020–2025),6.4
Что скрывает вода,Триллер,Детектив,Психологический,Новинки (2020–2025),6.4
Слежка,Триллер,Детектив,Психологический,Современное кино (2000–2020),6.1
Девятая жизнь Луи Дракса,Триллер,Фантастика,Психологический,Современное кино (2000–2020),6.1
Кто я,Триллер,Криминал,Технотриллер,Современное кино (2000–2020),7.6
Игра,Триллер,Детектив,Психологический,Классика (до 2000 года),7.7
Незваный гость,Триллер,Детектив,Психологический,Новинки (2020–2025),6.1
Игра всерьез,Триллер,Детектив,Психологический,Классика (до 2000 года),7.7
Мизерере,Триллер,Детектив,Психологический,Современное кино (2000–2020),6.5
Долгое падение,Триллер,Драма,Психологический,Классика (до 2000 года),7.6
Версия,Триллер,Детектив,Психологический,Новинки (2020–2025),6.2
Похищение,Триллер,Боевик (Экшен),Психологический,Современное кино (2000–2020),5.9
Дом напротив,Триллер,Детектив,Психологический,Новинки (2020–2025),6.3
